epoch,train_total,train_sup,train_adv,train_unsup,train_disc,val_loss,val_token_acc,pseudo_chunks,pseudo_notes
1,6.696320,6.696320,0.000000,0.000000,0.000000,0.000000,0.000000,0,0
2,6.599474,6.599474,0.000000,0.000000,0.000000,0.000000,0.000000,0,0
3,6.433936,6.433936,0.000000,0.000000,0.000000,0.000000,0.000000,0,0
4,6.282716,6.282716,0.000000,0.000000,0.000000,0.000000,0.000000,0,0
5,6.154603,6.154603,0.000000,0.000000,0.000000,0.000000,0.000000,0,0
6,6.104939,6.104939,0.000000,0.000000,0.000000,0.000000,0.000000,0,0
7,5.988829,5.988829,0.000000,0.000000,0.000000,0.000000,0.000000,0,0
8,5.964123,5.964123,0.000000,0.000000,0.000000,0.000000,0.000000,0,0
9,5.885786,5.885786,0.000000,0.000000,0.000000,0.000000,0.000000,0,0
10,5.893804,5.893804,0.000000,0.000000,0.000000,5.937666,0.000000,0,0
11,5.798988,5.798988,0.000000,0.000000,0.000000,0.000000,0.000000,0,0
12,5.775583,5.775583,0.000000,0.000000,0.000000,0.000000,0.000000,0,0
13,5.801697,5.801697,0.000000,0.000000,0.000000,0.000000,0.000000,0,0
14,5.741739,5.741739,0.000000,0.000000,0.000000,0.000000,0.000000,0,0
15,5.712670,5.712670,0.000000,0.000000,0.000000,0.000000,0.000000,0,0
16,5.687341,5.687341,0.000000,0.000000,0.000000,0.000000,0.000000,0,0
17,5.650295,5.650295,0.000000,0.000000,0.000000,0.000000,0.000000,0,0
18,5.585254,5.585254,0.000000,0.000000,0.000000,0.000000,0.000000,0,0
19,5.601290,5.601290,0.000000,0.000000,0.000000,0.000000,0.000000,0,0
20,5.450455,5.450455,0.000000,0.000000,0.000000,5.603207,0.000000,0,0
21,5.528938,5.528938,0.000000,0.000000,0.000000,0.000000,0.000000,0,0
22,5.425693,5.425693,0.000000,0.000000,0.000000,0.000000,0.000000,0,0
23,5.408151,5.408151,0.000000,0.000000,0.000000,0.000000,0.000000,0,0
24,5.412150,5.412150,0.000000,0.000000,0.000000,0.000000,0.000000,0,0
25,5.333031,5.333031,0.000000,0.000000,0.000000,0.000000,0.000000,0,0
26,5.237898,5.237898,0.000000,0.000000,0.000000,0.000000,0.000000,0,0
27,5.281517,5.281517,0.000000,0.000000,0.000000,0.000000,0.000000,0,0
28,5.286827,5.286827,0.000000,0.000000,0.000000,0.000000,0.000000,0,0
29,5.227377,5.227377,0.000000,0.000000,0.000000,0.000000,0.000000,0,0
30,5.325832,5.325832,0.000000,0.000000,0.000000,5.375272,0.000000,0,0
31,5.206589,5.206589,0.000000,0.000000,0.000000,0.000000,0.000000,0,0
32,5.151370,5.151370,0.000000,0.000000,0.000000,0.000000,0.000000,0,0
33,5.155001,5.155001,0.000000,0.000000,0.000000,0.000000,0.000000,0,0
34,5.131460,5.131460,0.000000,0.000000,0.000000,0.000000,0.000000,0,0
35,5.118307,5.118307,0.000000,0.000000,0.000000,0.000000,0.000000,0,0
36,5.035802,5.035802,0.000000,0.000000,0.000000,0.000000,0.000000,0,0
37,5.027707,5.027707,0.000000,0.000000,0.000000,0.000000,0.000000,0,0
38,5.082310,5.082310,0.000000,0.000000,0.000000,0.000000,0.000000,0,0
39,4.956343,4.956343,0.000000,0.000000,0.000000,0.000000,0.000000,0,0
40,4.952304,4.952304,0.000000,0.000000,0.000000,5.152797,0.000000,0,0
41,4.914937,4.914937,0.000000,0.000000,0.000000,0.000000,0.000000,0,0
42,4.834443,4.834443,0.000000,0.000000,0.000000,0.000000,0.000000,0,0
43,4.773416,4.773416,0.000000,0.000000,0.000000,0.000000,0.000000,0,0
44,4.850277,4.850277,0.000000,0.000000,0.000000,0.000000,0.000000,0,0
45,4.722889,4.722889,0.000000,0.000000,0.000000,0.000000,0.000000,0,0
46,4.686354,4.686354,0.000000,0.000000,0.000000,0.000000,0.000000,0,0
47,4.731144,4.731144,0.000000,0.000000,0.000000,0.000000,0.000000,0,0
48,4.727059,4.727059,0.000000,0.000000,0.000000,0.000000,0.000000,0,0
49,4.740007,4.740007,0.000000,0.000000,0.000000,0.000000,0.000000,0,0
50,4.710957,4.710957,0.000000,0.000000,0.000000,4.903073,0.000000,0,0
51,4.635567,4.635567,0.000000,0.000000,0.000000,0.000000,0.000000,0,0
52,4.509822,4.509822,0.000000,0.000000,0.000000,0.000000,0.000000,0,0
53,4.550169,4.550169,0.000000,0.000000,0.000000,0.000000,0.000000,0,0
54,4.431387,4.431387,0.000000,0.000000,0.000000,0.000000,0.000000,0,0
55,4.506515,4.506515,0.000000,0.000000,0.000000,0.000000,0.000000,0,0
56,4.633172,4.633172,0.000000,0.000000,0.000000,0.000000,0.000000,0,0
57,4.598800,4.598800,0.000000,0.000000,0.000000,0.000000,0.000000,0,0
58,4.495595,4.495595,0.000000,0.000000,0.000000,0.000000,0.000000,0,0
59,4.439792,4.439792,0.000000,0.000000,0.000000,0.000000,0.000000,0,0
60,4.377376,4.377376,0.000000,0.000000,0.000000,4.712313,0.000000,0,0
61,4.407206,4.407206,0.000000,0.000000,0.000000,0.000000,0.000000,0,0
62,4.379455,4.379455,0.000000,0.000000,0.000000,0.000000,0.000000,0,0
63,4.388204,4.388204,0.000000,0.000000,0.000000,0.000000,0.000000,0,0
64,4.292397,4.292397,0.000000,0.000000,0.000000,0.000000,0.000000,0,0
65,4.377038,4.377038,0.000000,0.000000,0.000000,0.000000,0.000000,0,0
66,4.249467,4.249467,0.000000,0.000000,0.000000,0.000000,0.000000,0,0
67,4.126629,4.126629,0.000000,0.000000,0.000000,0.000000,0.000000,0,0
68,4.309419,4.309419,0.000000,0.000000,0.000000,0.000000,0.000000,0,0
69,4.139031,4.139031,0.000000,0.000000,0.000000,0.000000,0.000000,0,0
70,4.238770,4.238770,0.000000,0.000000,0.000000,4.497834,0.000000,0,0
71,4.191214,4.191214,0.000000,0.000000,0.000000,0.000000,0.000000,0,0
72,4.225519,4.225519,0.000000,0.000000,0.000000,0.000000,0.000000,0,0
73,4.229665,4.229665,0.000000,0.000000,0.000000,0.000000,0.000000,0,0
74,4.132362,4.132362,0.000000,0.000000,0.000000,0.000000,0.000000,0,0
75,4.179037,4.179037,0.000000,0.000000,0.000000,0.000000,0.000000,0,0
76,4.078322,4.078322,0.000000,0.000000,0.000000,0.000000,0.000000,0,0
77,4.136129,4.136129,0.000000,0.000000,0.000000,0.000000,0.000000,0,0
78,4.127990,4.127990,0.000000,0.000000,0.000000,0.000000,0.000000,0,0
79,4.091902,4.091902,0.000000,0.000000,0.000000,0.000000,0.000000,0,0
80,3.970577,3.970577,0.000000,0.000000,0.000000,4.360229,0.000000,0,0
81,4.041805,4.041805,0.000000,0.000000,0.000000,0.000000,0.000000,0,0
82,4.070495,4.070495,0.000000,0.000000,0.000000,0.000000,0.000000,0,0
83,3.944163,3.944163,0.000000,0.000000,0.000000,0.000000,0.000000,0,0
84,4.002586,4.002586,0.000000,0.000000,0.000000,0.000000,0.000000,0,0
85,4.027491,4.027491,0.000000,0.000000,0.000000,0.000000,0.000000,0,0
86,3.940988,3.940988,0.000000,0.000000,0.000000,0.000000,0.000000,0,0
87,3.961393,3.961393,0.000000,0.000000,0.000000,0.000000,0.000000,0,0
88,3.955914,3.955914,0.000000,0.000000,0.000000,0.000000,0.000000,0,0
89,3.842629,3.842629,0.000000,0.000000,0.000000,0.000000,0.000000,0,0
90,4.007579,4.007579,0.000000,0.000000,0.000000,4.216260,0.000000,0,0
91,3.908808,3.908808,0.000000,0.000000,0.000000,0.000000,0.000000,0,0
92,4.037225,4.037225,0.000000,0.000000,0.000000,0.000000,0.000000,0,0
93,3.905577,3.905577,0.000000,0.000000,0.000000,0.000000,0.000000,0,0
94,3.871045,3.871045,0.000000,0.000000,0.000000,0.000000,0.000000,0,0
95,3.708044,3.708044,0.000000,0.000000,0.000000,0.000000,0.000000,0,0
96,3.866275,3.866275,0.000000,0.000000,0.000000,0.000000,0.000000,0,0
97,3.779034,3.779034,0.000000,0.000000,0.000000,0.000000,0.000000,0,0
98,3.867881,3.867881,0.000000,0.000000,0.000000,0.000000,0.000000,0,0
99,3.811788,3.811788,0.000000,0.000000,0.000000,0.000000,0.000000,0,0
100,3.771328,3.771328,0.000000,0.000000,0.000000,4.083924,0.000000,0,0
101,3.717454,3.717454,0.000000,0.000000,0.000000,0.000000,0.000000,0,0
102,3.473102,3.473102,0.000000,0.000000,0.000000,0.000000,0.000000,0,0
103,3.695856,3.695856,0.000000,0.000000,0.000000,0.000000,0.000000,0,0
104,3.624406,3.624406,0.000000,0.000000,0.000000,0.000000,0.000000,0,0
105,3.619662,3.619662,0.000000,0.000000,0.000000,0.000000,0.000000,0,0
106,3.693997,3.693997,0.000000,0.000000,0.000000,0.000000,0.000000,0,0
107,3.630884,3.630884,0.000000,0.000000,0.000000,0.000000,0.000000,0,0
108,3.643362,3.643362,0.000000,0.000000,0.000000,0.000000,0.000000,0,0
109,3.593756,3.593756,0.000000,0.000000,0.000000,0.000000,0.000000,0,0
110,3.662385,3.662385,0.000000,0.000000,0.000000,3.949024,0.000000,0,0
111,3.644012,3.644012,0.000000,0.000000,0.000000,0.000000,0.000000,0,0
112,3.536671,3.536671,0.000000,0.000000,0.000000,0.000000,0.000000,0,0
113,3.473242,3.473242,0.000000,0.000000,0.000000,0.000000,0.000000,0,0
114,3.604616,3.604616,0.000000,0.000000,0.000000,0.000000,0.000000,0,0
115,3.475184,3.475184,0.000000,0.000000,0.000000,0.000000,0.000000,0,0
116,3.490304,3.490304,0.000000,0.000000,0.000000,0.000000,0.000000,0,0
117,3.501391,3.501391,0.000000,0.000000,0.000000,0.000000,0.000000,0,0
118,3.567277,3.567277,0.000000,0.000000,0.000000,0.000000,0.000000,0,0
119,3.374048,3.374048,0.000000,0.000000,0.000000,0.000000,0.000000,0,0
120,3.458893,3.458893,0.000000,0.000000,0.000000,3.840978,0.000000,0,0
121,3.439712,3.439712,0.000000,0.000000,0.000000,0.000000,0.000000,0,0
122,3.383834,3.383834,0.000000,0.000000,0.000000,0.000000,0.000000,0,0
123,3.513790,3.513790,0.000000,0.000000,0.000000,0.000000,0.000000,0,0
124,3.378139,3.378139,0.000000,0.000000,0.000000,0.000000,0.000000,0,0
125,3.305314,3.305314,0.000000,0.000000,0.000000,0.000000,0.000000,0,0
126,3.312055,3.312055,0.000000,0.000000,0.000000,0.000000,0.000000,0,0
127,3.340495,3.340495,0.000000,0.000000,0.000000,0.000000,0.000000,0,0
128,3.262263,3.262263,0.000000,0.000000,0.000000,0.000000,0.000000,0,0
129,3.265388,3.265388,0.000000,0.000000,0.000000,0.000000,0.000000,0,0
130,3.386153,3.386153,0.000000,0.000000,0.000000,3.745033,0.000000,0,0
131,3.303431,3.303431,0.000000,0.000000,0.000000,0.000000,0.000000,0,0
132,3.370001,3.370001,0.000000,0.000000,0.000000,0.000000,0.000000,0,0
133,3.282234,3.282234,0.000000,0.000000,0.000000,0.000000,0.000000,0,0
134,3.306430,3.306430,0.000000,0.000000,0.000000,0.000000,0.000000,0,0
135,3.193028,3.193028,0.000000,0.000000,0.000000,0.000000,0.000000,0,0
136,3.177652,3.177652,0.000000,0.000000,0.000000,0.000000,0.000000,0,0
137,3.247715,3.247715,0.000000,0.000000,0.000000,0.000000,0.000000,0,0
138,3.376238,3.376238,0.000000,0.000000,0.000000,0.000000,0.000000,0,0
139,3.327556,3.327556,0.000000,0.000000,0.000000,0.000000,0.000000,0,0
140,3.279663,3.279663,0.000000,0.000000,0.000000,3.644528,0.000000,0,0
141,3.191145,3.191145,0.000000,0.000000,0.000000,0.000000,0.000000,0,0
142,3.212631,3.212631,0.000000,0.000000,0.000000,0.000000,0.000000,0,0
143,3.317216,3.317216,0.000000,0.000000,0.000000,0.000000,0.000000,0,0
144,3.232391,3.232391,0.000000,0.000000,0.000000,0.000000,0.000000,0,0
145,3.216061,3.216061,0.000000,0.000000,0.000000,0.000000,0.000000,0,0
146,3.098944,3.098944,0.000000,0.000000,0.000000,0.000000,0.000000,0,0
147,3.223536,3.223536,0.000000,0.000000,0.000000,0.000000,0.000000,0,0
148,3.200655,3.200655,0.000000,0.000000,0.000000,0.000000,0.000000,0,0
149,3.059982,3.059982,0.000000,0.000000,0.000000,0.000000,0.000000,0,0
150,3.230879,3.230879,0.000000,0.000000,0.000000,3.596237,0.000000,0,0
151,3.074266,3.074266,0.000000,0.000000,0.000000,0.000000,0.000000,0,0
152,3.109778,3.109778,0.000000,0.000000,0.000000,0.000000,0.000000,0,0
153,3.044538,3.044538,0.000000,0.000000,0.000000,0.000000,0.000000,0,0
154,3.153739,3.153739,0.000000,0.000000,0.000000,0.000000,0.000000,0,0
155,3.132163,3.132163,0.000000,0.000000,0.000000,0.000000,0.000000,0,0
156,3.058424,3.058424,0.000000,0.000000,0.000000,0.000000,0.000000,0,0
157,2.948136,2.948136,0.000000,0.000000,0.000000,0.000000,0.000000,0,0
158,3.030241,3.030241,0.000000,0.000000,0.000000,0.000000,0.000000,0,0
159,2.976076,2.976076,0.000000,0.000000,0.000000,0.000000,0.000000,0,0
160,3.032924,3.032924,0.000000,0.000000,0.000000,3.566895,0.000000,0,0
161,3.051577,3.051577,0.000000,0.000000,0.000000,0.000000,0.000000,0,0
162,2.969259,2.969259,0.000000,0.000000,0.000000,0.000000,0.000000,0,0
163,3.040180,3.040180,0.000000,0.000000,0.000000,0.000000,0.000000,0,0
164,3.049863,3.049863,0.000000,0.000000,0.000000,0.000000,0.000000,0,0
165,3.027964,3.027964,0.000000,0.000000,0.000000,0.000000,0.000000,0,0
166,2.978818,2.978818,0.000000,0.000000,0.000000,0.000000,0.000000,0,0
167,2.997106,2.997106,0.000000,0.000000,0.000000,0.000000,0.000000,0,0
168,3.045935,3.045935,0.000000,0.000000,0.000000,0.000000,0.000000,0,0
169,3.028439,3.028439,0.000000,0.000000,0.000000,0.000000,0.000000,0,0
170,2.951549,2.951549,0.000000,0.000000,0.000000,3.487355,0.000000,0,0
171,2.953833,2.953833,0.000000,0.000000,0.000000,0.000000,0.000000,0,0
172,2.814123,2.814123,0.000000,0.000000,0.000000,0.000000,0.000000,0,0
173,2.874527,2.874527,0.000000,0.000000,0.000000,0.000000,0.000000,0,0
174,2.849726,2.849726,0.000000,0.000000,0.000000,0.000000,0.000000,0,0
175,2.827909,2.827909,0.000000,0.000000,0.000000,0.000000,0.000000,0,0
176,2.796008,2.796008,0.000000,0.000000,0.000000,0.000000,0.000000,0,0
177,2.812615,2.812615,0.000000,0.000000,0.000000,0.000000,0.000000,0,0
178,2.802436,2.802436,0.000000,0.000000,0.000000,0.000000,0.000000,0,0
179,2.676404,2.676404,0.000000,0.000000,0.000000,0.000000,0.000000,0,0
180,2.956253,2.956253,0.000000,0.000000,0.000000,3.425232,0.000000,0,0
181,2.911464,2.911464,0.000000,0.000000,0.000000,0.000000,0.000000,0,0
182,2.815646,2.815646,0.000000,0.000000,0.000000,0.000000,0.000000,0,0
183,2.940447,2.940447,0.000000,0.000000,0.000000,0.000000,0.000000,0,0
184,2.670452,2.670452,0.000000,0.000000,0.000000,0.000000,0.000000,0,0
185,2.892010,2.892010,0.000000,0.000000,0.000000,0.000000,0.000000,0,0
186,2.762806,2.762806,0.000000,0.000000,0.000000,0.000000,0.000000,0,0
187,2.778745,2.778745,0.000000,0.000000,0.000000,0.000000,0.000000,0,0
188,2.850368,2.850368,0.000000,0.000000,0.000000,0.000000,0.000000,0,0
189,2.623207,2.623207,0.000000,0.000000,0.000000,0.000000,0.000000,0,0
190,2.632503,2.632503,0.000000,0.000000,0.000000,3.369687,0.000000,0,0
191,2.748420,2.748420,0.000000,0.000000,0.000000,0.000000,0.000000,0,0
192,2.698862,2.698862,0.000000,0.000000,0.000000,0.000000,0.000000,0,0
193,2.813144,2.813144,0.000000,0.000000,0.000000,0.000000,0.000000,0,0
194,2.789456,2.789456,0.000000,0.000000,0.000000,0.000000,0.000000,0,0
195,2.743520,2.743520,0.000000,0.000000,0.000000,0.000000,0.000000,0,0
196,2.789133,2.789133,0.000000,0.000000,0.000000,0.000000,0.000000,0,0
197,2.692027,2.692027,0.000000,0.000000,0.000000,0.000000,0.000000,0,0
198,2.668679,2.668679,0.000000,0.000000,0.000000,0.000000,0.000000,0,0
199,2.622278,2.622278,0.000000,0.000000,0.000000,0.000000,0.000000,0,0
200,2.606113,2.606113,0.000000,0.000000,0.000000,3.298978,0.000000,0,0
201,2.634266,2.634266,0.000000,0.000000,0.000000,0.000000,0.000000,0,0
202,2.532937,2.532937,0.000000,0.000000,0.000000,0.000000,0.000000,0,0
203,2.650176,2.650176,0.000000,0.000000,0.000000,0.000000,0.000000,0,0
204,2.611496,2.611496,0.000000,0.000000,0.000000,0.000000,0.000000,0,0
205,2.596622,2.596622,0.000000,0.000000,0.000000,0.000000,0.000000,0,0
206,2.542445,2.542445,0.000000,0.000000,0.000000,0.000000,0.000000,0,0
207,2.692118,2.692118,0.000000,0.000000,0.000000,0.000000,0.000000,0,0
208,2.564124,2.564124,0.000000,0.000000,0.000000,0.000000,0.000000,0,0
209,2.546294,2.546294,0.000000,0.000000,0.000000,0.000000,0.000000,0,0
210,2.422369,2.422369,0.000000,0.000000,0.000000,3.267099,0.000000,0,0
211,2.476273,2.476273,0.000000,0.000000,0.000000,0.000000,0.000000,0,0
212,2.557161,2.557161,0.000000,0.000000,0.000000,0.000000,0.000000,0,0
213,2.624364,2.624364,0.000000,0.000000,0.000000,0.000000,0.000000,0,0
214,2.581605,2.581605,0.000000,0.000000,0.000000,0.000000,0.000000,0,0
215,2.576347,2.576347,0.000000,0.000000,0.000000,0.000000,0.000000,0,0
216,2.530364,2.530364,0.000000,0.000000,0.000000,0.000000,0.000000,0,0
217,2.484946,2.484946,0.000000,0.000000,0.000000,0.000000,0.000000,0,0
218,2.519309,2.519309,0.000000,0.000000,0.000000,0.000000,0.000000,0,0
219,2.582664,2.582664,0.000000,0.000000,0.000000,0.000000,0.000000,0,0
220,2.468807,2.468807,0.000000,0.000000,0.000000,3.191241,0.000000,0,0
221,2.436014,2.436014,0.000000,0.000000,0.000000,0.000000,0.000000,0,0
222,2.471715,2.471715,0.000000,0.000000,0.000000,0.000000,0.000000,0,0
223,2.402245,2.402245,0.000000,0.000000,0.000000,0.000000,0.000000,0,0
224,2.544781,2.544781,0.000000,0.000000,0.000000,0.000000,0.000000,0,0
225,2.454397,2.454397,0.000000,0.000000,0.000000,0.000000,0.000000,0,0
226,2.495962,2.495962,0.000000,0.000000,0.000000,0.000000,0.000000,0,0
227,2.438196,2.438196,0.000000,0.000000,0.000000,0.000000,0.000000,0,0
228,2.391650,2.391650,0.000000,0.000000,0.000000,0.000000,0.000000,0,0
229,2.321930,2.321930,0.000000,0.000000,0.000000,0.000000,0.000000,0,0
230,2.428773,2.428773,0.000000,0.000000,0.000000,3.151573,0.000000,0,0
231,2.387490,2.387490,0.000000,0.000000,0.000000,0.000000,0.000000,0,0
232,2.450079,2.450079,0.000000,0.000000,0.000000,0.000000,0.000000,0,0
233,2.396805,2.396805,0.000000,0.000000,0.000000,0.000000,0.000000,0,0
234,2.267082,2.267082,0.000000,0.000000,0.000000,0.000000,0.000000,0,0
235,2.307037,2.307037,0.000000,0.000000,0.000000,0.000000,0.000000,0,0
236,2.237873,2.237873,0.000000,0.000000,0.000000,0.000000,0.000000,0,0
237,2.340410,2.340410,0.000000,0.000000,0.000000,0.000000,0.000000,0,0
238,2.353742,2.353742,0.000000,0.000000,0.000000,0.000000,0.000000,0,0
239,2.364030,2.364030,0.000000,0.000000,0.000000,0.000000,0.000000,0,0
240,2.172750,2.172750,0.000000,0.000000,0.000000,3.114917,0.000000,0,0
241,2.248865,2.248865,0.000000,0.000000,0.000000,0.000000,0.000000,0,0
242,2.255463,2.255463,0.000000,0.000000,0.000000,0.000000,0.000000,0,0
243,2.212616,2.212616,0.000000,0.000000,0.000000,0.000000,0.000000,0,0
244,2.391029,2.391029,0.000000,0.000000,0.000000,0.000000,0.000000,0,0
245,2.387461,2.387461,0.000000,0.000000,0.000000,0.000000,0.000000,0,0
246,2.246229,2.246229,0.000000,0.000000,0.000000,0.000000,0.000000,0,0
247,2.272582,2.272582,0.000000,0.000000,0.000000,0.000000,0.000000,0,0
248,2.288060,2.288060,0.000000,0.000000,0.000000,0.000000,0.000000,0,0
249,2.288473,2.288473,0.000000,0.000000,0.000000,0.000000,0.000000,0,0
250,2.143088,2.143088,0.000000,0.000000,0.000000,3.075369,0.000000,0,0
251,2.367297,2.367297,0.000000,0.000000,0.000000,0.000000,0.000000,0,0
252,2.312225,2.312225,0.000000,0.000000,0.000000,0.000000,0.000000,0,0
253,2.106685,2.106685,0.000000,0.000000,0.000000,0.000000,0.000000,0,0
254,2.268220,2.268220,0.000000,0.000000,0.000000,0.000000,0.000000,0,0
255,2.261328,2.261328,0.000000,0.000000,0.000000,0.000000,0.000000,0,0
256,2.215616,2.215616,0.000000,0.000000,0.000000,0.000000,0.000000,0,0
257,2.150363,2.150363,0.000000,0.000000,0.000000,0.000000,0.000000,0,0
258,2.177102,2.177102,0.000000,0.000000,0.000000,0.000000,0.000000,0,0
259,2.258495,2.258495,0.000000,0.000000,0.000000,0.000000,0.000000,0,0
260,2.232872,2.232872,0.000000,0.000000,0.000000,3.028589,0.000000,0,0
261,2.230191,2.230191,0.000000,0.000000,0.000000,0.000000,0.000000,0,0
262,2.103375,2.103375,0.000000,0.000000,0.000000,0.000000,0.000000,0,0
263,2.179145,2.179145,0.000000,0.000000,0.000000,0.000000,0.000000,0,0
264,2.085655,2.085655,0.000000,0.000000,0.000000,0.000000,0.000000,0,0
265,2.144185,2.144185,0.000000,0.000000,0.000000,0.000000,0.000000,0,0
266,2.069924,2.069924,0.000000,0.000000,0.000000,0.000000,0.000000,0,0
267,2.146666,2.146666,0.000000,0.000000,0.000000,0.000000,0.000000,0,0
268,2.057435,2.057435,0.000000,0.000000,0.000000,0.000000,0.000000,0,0
269,2.080301,2.080301,0.000000,0.000000,0.000000,0.000000,0.000000,0,0
270,2.115737,2.115737,0.000000,0.000000,0.000000,2.995177,0.000000,0,0
271,2.039437,2.039437,0.000000,0.000000,0.000000,0.000000,0.000000,0,0
272,2.120738,2.120738,0.000000,0.000000,0.000000,0.000000,0.000000,0,0
273,2.183733,2.183733,0.000000,0.000000,0.000000,0.000000,0.000000,0,0
274,2.038583,2.038583,0.000000,0.000000,0.000000,0.000000,0.000000,0,0
275,2.024362,2.024362,0.000000,0.000000,0.000000,0.000000,0.000000,0,0
276,2.087459,2.087459,0.000000,0.000000,0.000000,0.000000,0.000000,0,0
277,2.088797,2.088797,0.000000,0.000000,0.000000,0.000000,0.000000,0,0
278,2.017334,2.017334,0.000000,0.000000,0.000000,0.000000,0.000000,0,0
279,1.986508,1.986508,0.000000,0.000000,0.000000,0.000000,0.000000,0,0
280,2.114223,2.114223,0.000000,0.000000,0.000000,2.983037,0.000000,0,0
281,2.141901,2.141901,0.000000,0.000000,0.000000,0.000000,0.000000,0,0
282,2.060623,2.060623,0.000000,0.000000,0.000000,0.000000,0.000000,0,0
283,2.000238,2.000238,0.000000,0.000000,0.000000,0.000000,0.000000,0,0
284,1.970464,1.970464,0.000000,0.000000,0.000000,0.000000,0.000000,0,0
285,1.990958,1.990958,0.000000,0.000000,0.000000,0.000000,0.000000,0,0
286,1.946548,1.946548,0.000000,0.000000,0.000000,0.000000,0.000000,0,0
287,1.873966,1.873966,0.000000,0.000000,0.000000,0.000000,0.000000,0,0
288,2.056925,2.056925,0.000000,0.000000,0.000000,0.000000,0.000000,0,0
289,2.034102,2.034102,0.000000,0.000000,0.000000,0.000000,0.000000,0,0
290,1.935141,1.935141,0.000000,0.000000,0.000000,2.943288,0.000000,0,0
291,2.008396,2.008396,0.000000,0.000000,0.000000,0.000000,0.000000,0,0
292,1.944915,1.944915,0.000000,0.000000,0.000000,0.000000,0.000000,0,0
293,1.966641,1.966641,0.000000,0.000000,0.000000,0.000000,0.000000,0,0
294,2.017375,2.017375,0.000000,0.000000,0.000000,0.000000,0.000000,0,0
295,1.929229,1.929229,0.000000,0.000000,0.000000,0.000000,0.000000,0,0
296,1.923107,1.923107,0.000000,0.000000,0.000000,0.000000,0.000000,0,0
297,1.960170,1.960170,0.000000,0.000000,0.000000,0.000000,0.000000,0,0
298,2.180094,2.180094,0.000000,0.000000,0.000000,0.000000,0.000000,0,0
299,1.939076,1.939076,0.000000,0.000000,0.000000,0.000000,0.000000,0,0
300,2.003846,2.003846,0.000000,0.000000,0.000000,2.921906,0.000000,0,0
301,1.973105,1.973105,0.000000,0.000000,0.000000,0.000000,0.000000,0,0
302,2.094213,2.094213,0.000000,0.000000,0.000000,0.000000,0.000000,0,0
303,2.037269,2.037269,0.000000,0.000000,0.000000,0.000000,0.000000,0,0
304,1.860871,1.860871,0.000000,0.000000,0.000000,0.000000,0.000000,0,0
305,1.958757,1.958757,0.000000,0.000000,0.000000,0.000000,0.000000,0,0
306,1.862271,1.862271,0.000000,0.000000,0.000000,0.000000,0.000000,0,0
307,1.920422,1.920422,0.000000,0.000000,0.000000,0.000000,0.000000,0,0
308,1.984370,1.984370,0.000000,0.000000,0.000000,0.000000,0.000000,0,0
309,1.698495,1.698495,0.000000,0.000000,0.000000,0.000000,0.000000,0,0
310,1.863441,1.863441,0.000000,0.000000,0.000000,2.908183,0.000000,0,0
311,1.873953,1.873953,0.000000,0.000000,0.000000,0.000000,0.000000,0,0
312,1.795956,1.795956,0.000000,0.000000,0.000000,0.000000,0.000000,0,0
313,1.918787,1.918787,0.000000,0.000000,0.000000,0.000000,0.000000,0,0
314,2.010131,2.010131,0.000000,0.000000,0.000000,0.000000,0.000000,0,0
315,1.863449,1.863449,0.000000,0.000000,0.000000,0.000000,0.000000,0,0
316,2.002904,2.002904,0.000000,0.000000,0.000000,0.000000,0.000000,0,0
317,1.858618,1.858618,0.000000,0.000000,0.000000,0.000000,0.000000,0,0
318,1.895141,1.895141,0.000000,0.000000,0.000000,0.000000,0.000000,0,0
319,1.915388,1.915388,0.000000,0.000000,0.000000,0.000000,0.000000,0,0
320,1.949081,1.949081,0.000000,0.000000,0.000000,2.882266,0.000000,0,0
321,1.791577,1.791577,0.000000,0.000000,0.000000,0.000000,0.000000,0,0
322,1.867282,1.867282,0.000000,0.000000,0.000000,0.000000,0.000000,0,0
323,1.766724,1.766724,0.000000,0.000000,0.000000,0.000000,0.000000,0,0
324,1.859795,1.859795,0.000000,0.000000,0.000000,0.000000,0.000000,0,0
325,1.833468,1.833468,0.000000,0.000000,0.000000,0.000000,0.000000,0,0
326,1.883901,1.883901,0.000000,0.000000,0.000000,0.000000,0.000000,0,0
327,1.658950,1.658950,0.000000,0.000000,0.000000,0.000000,0.000000,0,0
328,1.685668,1.685668,0.000000,0.000000,0.000000,0.000000,0.000000,0,0
329,1.825514,1.825514,0.000000,0.000000,0.000000,0.000000,0.000000,0,0
330,1.865836,1.865836,0.000000,0.000000,0.000000,2.862048,0.000000,0,0
331,1.789958,1.789958,0.000000,0.000000,0.000000,0.000000,0.000000,0,0
332,1.815806,1.815806,0.000000,0.000000,0.000000,0.000000,0.000000,0,0
333,1.727604,1.727604,0.000000,0.000000,0.000000,0.000000,0.000000,0,0
334,1.764534,1.764534,0.000000,0.000000,0.000000,0.000000,0.000000,0,0
335,1.816679,1.816679,0.000000,0.000000,0.000000,0.000000,0.000000,0,0
336,1.812425,1.812425,0.000000,0.000000,0.000000,0.000000,0.000000,0,0
337,1.595572,1.595572,0.000000,0.000000,0.000000,0.000000,0.000000,0,0
338,1.748474,1.748474,0.000000,0.000000,0.000000,0.000000,0.000000,0,0
339,1.742771,1.742771,0.000000,0.000000,0.000000,0.000000,0.000000,0,0
340,1.645776,1.645776,0.000000,0.000000,0.000000,2.856566,0.000000,0,0
341,1.698063,1.698063,0.000000,0.000000,0.000000,0.000000,0.000000,0,0
342,1.673542,1.673542,0.000000,0.000000,0.000000,0.000000,0.000000,0,0
343,1.732384,1.732384,0.000000,0.000000,0.000000,0.000000,0.000000,0,0
344,1.732214,1.732214,0.000000,0.000000,0.000000,0.000000,0.000000,0,0
345,1.754196,1.754196,0.000000,0.000000,0.000000,0.000000,0.000000,0,0
346,1.662282,1.662282,0.000000,0.000000,0.000000,0.000000,0.000000,0,0
347,1.825779,1.825779,0.000000,0.000000,0.000000,0.000000,0.000000,0,0
348,1.757949,1.757949,0.000000,0.000000,0.000000,0.000000,0.000000,0,0
349,1.590630,1.590630,0.000000,0.000000,0.000000,0.000000,0.000000,0,0
350,1.685331,1.685331,0.000000,0.000000,0.000000,2.843568,0.000000,0,0
351,1.644866,1.644866,0.000000,0.000000,0.000000,0.000000,0.000000,0,0
352,1.691368,1.691368,0.000000,0.000000,0.000000,0.000000,0.000000,0,0
353,1.636638,1.636638,0.000000,0.000000,0.000000,0.000000,0.000000,0,0
354,1.758106,1.758106,0.000000,0.000000,0.000000,0.000000,0.000000,0,0
355,1.788699,1.788699,0.000000,0.000000,0.000000,0.000000,0.000000,0,0
356,1.631052,1.631052,0.000000,0.000000,0.000000,0.000000,0.000000,0,0
357,1.635205,1.635205,0.000000,0.000000,0.000000,0.000000,0.000000,0,0
358,1.679420,1.679420,0.000000,0.000000,0.000000,0.000000,0.000000,0,0
359,1.614639,1.614639,0.000000,0.000000,0.000000,0.000000,0.000000,0,0
360,1.632429,1.632429,0.000000,0.000000,0.000000,2.826968,0.000000,0,0
361,1.572024,1.572024,0.000000,0.000000,0.000000,0.000000,0.000000,0,0
362,1.840738,1.840738,0.000000,0.000000,0.000000,0.000000,0.000000,0,0
363,1.724707,1.724707,0.000000,0.000000,0.000000,0.000000,0.000000,0,0
364,1.606273,1.606273,0.000000,0.000000,0.000000,0.000000,0.000000,0,0
365,1.690133,1.690133,0.000000,0.000000,0.000000,0.000000,0.000000,0,0
366,1.684302,1.684302,0.000000,0.000000,0.000000,0.000000,0.000000,0,0
367,1.709810,1.709810,0.000000,0.000000,0.000000,0.000000,0.000000,0,0
368,1.674022,1.674022,0.000000,0.000000,0.000000,0.000000,0.000000,0,0
369,1.576750,1.576750,0.000000,0.000000,0.000000,0.000000,0.000000,0,0
370,1.629074,1.629074,0.000000,0.000000,0.000000,2.823272,0.000000,0,0
371,1.661487,1.661487,0.000000,0.000000,0.000000,0.000000,0.000000,0,0
372,1.674353,1.674353,0.000000,0.000000,0.000000,0.000000,0.000000,0,0
373,1.625002,1.625002,0.000000,0.000000,0.000000,0.000000,0.000000,0,0
374,1.694984,1.694984,0.000000,0.000000,0.000000,0.000000,0.000000,0,0
375,1.596931,1.596931,0.000000,0.000000,0.000000,0.000000,0.000000,0,0
376,1.658555,1.658555,0.000000,0.000000,0.000000,0.000000,0.000000,0,0
377,1.620272,1.620272,0.000000,0.000000,0.000000,0.000000,0.000000,0,0
378,1.618165,1.618165,0.000000,0.000000,0.000000,0.000000,0.000000,0,0
379,1.757180,1.757180,0.000000,0.000000,0.000000,0.000000,0.000000,0,0
380,1.642894,1.642894,0.000000,0.000000,0.000000,2.795776,0.000000,0,0
381,1.663182,1.663182,0.000000,0.000000,0.000000,0.000000,0.000000,0,0
382,1.623463,1.623463,0.000000,0.000000,0.000000,0.000000,0.000000,0,0
383,1.610084,1.610084,0.000000,0.000000,0.000000,0.000000,0.000000,0,0
384,1.604905,1.604905,0.000000,0.000000,0.000000,0.000000,0.000000,0,0
385,1.654895,1.654895,0.000000,0.000000,0.000000,0.000000,0.000000,0,0
386,1.646953,1.646953,0.000000,0.000000,0.000000,0.000000,0.000000,0,0
387,1.575204,1.575204,0.000000,0.000000,0.000000,0.000000,0.000000,0,0
388,1.545916,1.545916,0.000000,0.000000,0.000000,0.000000,0.000000,0,0
389,1.535183,1.535183,0.000000,0.000000,0.000000,0.000000,0.000000,0,0
390,1.569037,1.569037,0.000000,0.000000,0.000000,2.807939,0.000000,0,0
391,1.564334,1.564334,0.000000,0.000000,0.000000,0.000000,0.000000,0,0
392,1.493817,1.493817,0.000000,0.000000,0.000000,0.000000,0.000000,0,0
393,1.523371,1.523371,0.000000,0.000000,0.000000,0.000000,0.000000,0,0
394,1.541670,1.541670,0.000000,0.000000,0.000000,0.000000,0.000000,0,0
395,1.495231,1.495231,0.000000,0.000000,0.000000,0.000000,0.000000,0,0
396,1.610207,1.610207,0.000000,0.000000,0.000000,0.000000,0.000000,0,0
397,1.613188,1.613188,0.000000,0.000000,0.000000,0.000000,0.000000,0,0
398,1.533504,1.533504,0.000000,0.000000,0.000000,0.000000,0.000000,0,0
399,1.658050,1.658050,0.000000,0.000000,0.000000,0.000000,0.000000,0,0
400,1.418252,1.418252,0.000000,0.000000,0.000000,2.778186,0.000000,0,0
401,1.463041,1.463041,0.000000,0.000000,0.000000,0.000000,0.000000,0,0
402,1.497397,1.497397,0.000000,0.000000,0.000000,0.000000,0.000000,0,0
403,1.540819,1.540819,0.000000,0.000000,0.000000,0.000000,0.000000,0,0
404,1.490110,1.490110,0.000000,0.000000,0.000000,0.000000,0.000000,0,0
405,1.593826,1.593826,0.000000,0.000000,0.000000,0.000000,0.000000,0,0
406,1.599749,1.599749,0.000000,0.000000,0.000000,0.000000,0.000000,0,0
407,1.595029,1.595029,0.000000,0.000000,0.000000,0.000000,0.000000,0,0
408,1.521246,1.521246,0.000000,0.000000,0.000000,0.000000,0.000000,0,0
409,1.561242,1.561242,0.000000,0.000000,0.000000,0.000000,0.000000,0,0
410,1.478255,1.478255,0.000000,0.000000,0.000000,2.792252,0.000000,0,0
411,1.574938,1.574938,0.000000,0.000000,0.000000,0.000000,0.000000,0,0
412,1.453261,1.453261,0.000000,0.000000,0.000000,0.000000,0.000000,0,0
413,1.439983,1.439983,0.000000,0.000000,0.000000,0.000000,0.000000,0,0
414,1.503437,1.503437,0.000000,0.000000,0.000000,0.000000,0.000000,0,0
415,1.473938,1.473938,0.000000,0.000000,0.000000,0.000000,0.000000,0,0
416,1.558392,1.558392,0.000000,0.000000,0.000000,0.000000,0.000000,0,0
417,1.505113,1.505113,0.000000,0.000000,0.000000,0.000000,0.000000,0,0
418,1.503899,1.503899,0.000000,0.000000,0.000000,0.000000,0.000000,0,0
419,1.424620,1.424620,0.000000,0.000000,0.000000,0.000000,0.000000,0,0
420,1.378427,1.378427,0.000000,0.000000,0.000000,2.782842,0.000000,0,0
421,1.365985,1.365985,0.000000,0.000000,0.000000,0.000000,0.000000,0,0
422,1.549493,1.549493,0.000000,0.000000,0.000000,0.000000,0.000000,0,0
423,1.477393,1.477393,0.000000,0.000000,0.000000,0.000000,0.000000,0,0
424,1.426223,1.426223,0.000000,0.000000,0.000000,0.000000,0.000000,0,0
425,1.579991,1.579991,0.000000,0.000000,0.000000,0.000000,0.000000,0,0
426,1.423035,1.423035,0.000000,0.000000,0.000000,0.000000,0.000000,0,0
427,1.414160,1.414160,0.000000,0.000000,0.000000,0.000000,0.000000,0,0
428,1.481759,1.481759,0.000000,0.000000,0.000000,0.000000,0.000000,0,0
429,1.571393,1.571393,0.000000,0.000000,0.000000,0.000000,0.000000,0,0
430,1.545297,1.545297,0.000000,0.000000,0.000000,2.783643,0.000000,0,0
431,1.466999,1.466999,0.000000,0.000000,0.000000,0.000000,0.000000,0,0
432,1.537605,1.537605,0.000000,0.000000,0.000000,0.000000,0.000000,0,0
433,1.545484,1.545484,0.000000,0.000000,0.000000,0.000000,0.000000,0,0
434,1.593488,1.593488,0.000000,0.000000,0.000000,0.000000,0.000000,0,0
435,1.358017,1.358017,0.000000,0.000000,0.000000,0.000000,0.000000,0,0
436,1.542891,1.542891,0.000000,0.000000,0.000000,0.000000,0.000000,0,0
437,1.474314,1.474314,0.000000,0.000000,0.000000,0.000000,0.000000,0,0
438,1.454029,1.454029,0.000000,0.000000,0.000000,0.000000,0.000000,0,0
439,1.327737,1.327737,0.000000,0.000000,0.000000,0.000000,0.000000,0,0
440,1.463054,1.463054,0.000000,0.000000,0.000000,2.769906,0.000000,0,0
441,1.489589,1.489589,0.000000,0.000000,0.000000,0.000000,0.000000,0,0
442,1.573247,1.573247,0.000000,0.000000,0.000000,0.000000,0.000000,0,0
443,1.484637,1.484637,0.000000,0.000000,0.000000,0.000000,0.000000,0,0
444,1.387628,1.387628,0.000000,0.000000,0.000000,0.000000,0.000000,0,0
445,1.436813,1.436813,0.000000,0.000000,0.000000,0.000000,0.000000,0,0
446,1.374365,1.374365,0.000000,0.000000,0.000000,0.000000,0.000000,0,0
447,1.460960,1.460960,0.000000,0.000000,0.000000,0.000000,0.000000,0,0
448,1.519649,1.519649,0.000000,0.000000,0.000000,0.000000,0.000000,0,0
449,1.424252,1.424252,0.000000,0.000000,0.000000,0.000000,0.000000,0,0
450,1.475401,1.475401,0.000000,0.000000,0.000000,2.762805,0.000000,0,0
451,1.429571,1.429571,0.000000,0.000000,0.000000,0.000000,0.000000,0,0
452,1.442609,1.442609,0.000000,0.000000,0.000000,0.000000,0.000000,0,0
453,1.486617,1.486617,0.000000,0.000000,0.000000,0.000000,0.000000,0,0
454,1.457165,1.457165,0.000000,0.000000,0.000000,0.000000,0.000000,0,0
455,1.373425,1.373425,0.000000,0.000000,0.000000,0.000000,0.000000,0,0
456,1.522706,1.522706,0.000000,0.000000,0.000000,0.000000,0.000000,0,0
457,1.400263,1.400263,0.000000,0.000000,0.000000,0.000000,0.000000,0,0
458,1.540182,1.540182,0.000000,0.000000,0.000000,0.000000,0.000000,0,0
459,1.263499,1.263499,0.000000,0.000000,0.000000,0.000000,0.000000,0,0
460,1.423491,1.423491,0.000000,0.000000,0.000000,2.767787,0.000000,0,0
461,1.331903,1.331903,0.000000,0.000000,0.000000,0.000000,0.000000,0,0
462,1.379588,1.379588,0.000000,0.000000,0.000000,0.000000,0.000000,0,0
463,1.326677,1.326677,0.000000,0.000000,0.000000,0.000000,0.000000,0,0
464,1.340917,1.340917,0.000000,0.000000,0.000000,0.000000,0.000000,0,0
465,1.470919,1.470919,0.000000,0.000000,0.000000,0.000000,0.000000,0,0
466,1.399549,1.399549,0.000000,0.000000,0.000000,0.000000,0.000000,0,0
467,1.501721,1.501721,0.000000,0.000000,0.000000,0.000000,0.000000,0,0
468,1.370170,1.370170,0.000000,0.000000,0.000000,0.000000,0.000000,0,0
469,1.340915,1.340915,0.000000,0.000000,0.000000,0.000000,0.000000,0,0
470,1.467960,1.467960,0.000000,0.000000,0.000000,2.750246,0.000000,0,0
471,1.350486,1.350486,0.000000,0.000000,0.000000,0.000000,0.000000,0,0
472,1.455333,1.455333,0.000000,0.000000,0.000000,0.000000,0.000000,0,0
473,1.433579,1.433579,0.000000,0.000000,0.000000,0.000000,0.000000,0,0
474,1.461694,1.461694,0.000000,0.000000,0.000000,0.000000,0.000000,0,0
475,1.318831,1.318831,0.000000,0.000000,0.000000,0.000000,0.000000,0,0
476,1.349671,1.349671,0.000000,0.000000,0.000000,0.000000,0.000000,0,0
477,1.421567,1.421567,0.000000,0.000000,0.000000,0.000000,0.000000,0,0
478,1.398149,1.398149,0.000000,0.000000,0.000000,0.000000,0.000000,0,0
479,1.338448,1.338448,0.000000,0.000000,0.000000,0.000000,0.000000,0,0
480,1.355774,1.355774,0.000000,0.000000,0.000000,2.780450,0.000000,0,0
481,1.308768,1.308768,0.000000,0.000000,0.000000,0.000000,0.000000,0,0
482,1.469807,1.469807,0.000000,0.000000,0.000000,0.000000,0.000000,0,0
483,1.383208,1.383208,0.000000,0.000000,0.000000,0.000000,0.000000,0,0
484,1.369132,1.369132,0.000000,0.000000,0.000000,0.000000,0.000000,0,0
485,1.344432,1.344432,0.000000,0.000000,0.000000,0.000000,0.000000,0,0
486,1.388802,1.388802,0.000000,0.000000,0.000000,0.000000,0.000000,0,0
487,1.308470,1.308470,0.000000,0.000000,0.000000,0.000000,0.000000,0,0
488,1.375466,1.375466,0.000000,0.000000,0.000000,0.000000,0.000000,0,0
489,1.297770,1.297770,0.000000,0.000000,0.000000,0.000000,0.000000,0,0
490,1.302985,1.302985,0.000000,0.000000,0.000000,2.781863,0.000000,0,0
491,1.339634,1.339634,0.000000,0.000000,0.000000,0.000000,0.000000,0,0
492,1.409427,1.409427,0.000000,0.000000,0.000000,0.000000,0.000000,0,0
493,1.363113,1.363113,0.000000,0.000000,0.000000,0.000000,0.000000,0,0
494,1.363406,1.363406,0.000000,0.000000,0.000000,0.000000,0.000000,0,0
495,1.305515,1.305515,0.000000,0.000000,0.000000,0.000000,0.000000,0,0
496,1.390104,1.390104,0.000000,0.000000,0.000000,0.000000,0.000000,0,0
497,1.286223,1.286223,0.000000,0.000000,0.000000,0.000000,0.000000,0,0
498,1.385633,1.385633,0.000000,0.000000,0.000000,0.000000,0.000000,0,0
499,1.408340,1.408340,0.000000,0.000000,0.000000,0.000000,0.000000,0,0
500,1.332662,1.332662,0.000000,0.000000,0.000000,2.755880,0.000000,0,0
501,1.207882,1.207882,0.000000,0.000000,0.000000,0.000000,0.000000,0,0
502,1.278043,1.278043,0.000000,0.000000,0.000000,0.000000,0.000000,0,0
503,1.338380,1.338380,0.000000,0.000000,0.000000,0.000000,0.000000,0,0
504,1.393888,1.393888,0.000000,0.000000,0.000000,0.000000,0.000000,0,0
505,1.297141,1.297141,0.000000,0.000000,0.000000,0.000000,0.000000,0,0
506,1.466188,1.466188,0.000000,0.000000,0.000000,0.000000,0.000000,0,0
507,1.382705,1.382705,0.000000,0.000000,0.000000,0.000000,0.000000,0,0
508,1.340701,1.340701,0.000000,0.000000,0.000000,0.000000,0.000000,0,0
509,1.332421,1.332421,0.000000,0.000000,0.000000,0.000000,0.000000,0,0
510,1.339137,1.339137,0.000000,0.000000,0.000000,2.749926,0.000000,0,0
511,1.299316,1.299316,0.000000,0.000000,0.000000,0.000000,0.000000,0,0
512,1.302824,1.302824,0.000000,0.000000,0.000000,0.000000,0.000000,0,0
513,1.342224,1.342224,0.000000,0.000000,0.000000,0.000000,0.000000,0,0
514,1.301553,1.301553,0.000000,0.000000,0.000000,0.000000,0.000000,0,0
515,1.294734,1.294734,0.000000,0.000000,0.000000,0.000000,0.000000,0,0
516,1.272490,1.272490,0.000000,0.000000,0.000000,0.000000,0.000000,0,0
517,1.303454,1.303454,0.000000,0.000000,0.000000,0.000000,0.000000,0,0
518,1.233773,1.233773,0.000000,0.000000,0.000000,0.000000,0.000000,0,0
519,1.298738,1.298738,0.000000,0.000000,0.000000,0.000000,0.000000,0,0
520,1.424495,1.424495,0.000000,0.000000,0.000000,2.753471,0.000000,0,0
521,1.375953,1.375953,0.000000,0.000000,0.000000,0.000000,0.000000,0,0
522,1.266820,1.266820,0.000000,0.000000,0.000000,0.000000,0.000000,0,0
523,1.309212,1.309212,0.000000,0.000000,0.000000,0.000000,0.000000,0,0
524,1.377646,1.377646,0.000000,0.000000,0.000000,0.000000,0.000000,0,0
525,1.342159,1.342159,0.000000,0.000000,0.000000,0.000000,0.000000,0,0
526,1.346668,1.346668,0.000000,0.000000,0.000000,0.000000,0.000000,0,0
527,1.291992,1.291992,0.000000,0.000000,0.000000,0.000000,0.000000,0,0
528,1.378366,1.378366,0.000000,0.000000,0.000000,0.000000,0.000000,0,0
529,1.257501,1.257501,0.000000,0.000000,0.000000,0.000000,0.000000,0,0
530,1.199971,1.199971,0.000000,0.000000,0.000000,2.754774,0.000000,0,0
531,1.299407,1.299407,0.000000,0.000000,0.000000,0.000000,0.000000,0,0
532,1.266599,1.266599,0.000000,0.000000,0.000000,0.000000,0.000000,0,0
533,1.302406,1.302406,0.000000,0.000000,0.000000,0.000000,0.000000,0,0
534,1.369541,1.369541,0.000000,0.000000,0.000000,0.000000,0.000000,0,0
535,1.398825,1.398825,0.000000,0.000000,0.000000,0.000000,0.000000,0,0
536,1.302776,1.302776,0.000000,0.000000,0.000000,0.000000,0.000000,0,0
537,1.265367,1.265367,0.000000,0.000000,0.000000,0.000000,0.000000,0,0
538,1.351874,1.351874,0.000000,0.000000,0.000000,0.000000,0.000000,0,0
539,1.291101,1.291101,0.000000,0.000000,0.000000,0.000000,0.000000,0,0
540,1.250797,1.250797,0.000000,0.000000,0.000000,2.758160,0.000000,0,0
541,1.264730,1.264730,0.000000,0.000000,0.000000,0.000000,0.000000,0,0
542,1.242434,1.242434,0.000000,0.000000,0.000000,0.000000,0.000000,0,0
543,1.269414,1.269414,0.000000,0.000000,0.000000,0.000000,0.000000,0,0
544,1.322459,1.322459,0.000000,0.000000,0.000000,0.000000,0.000000,0,0
545,1.263874,1.263874,0.000000,0.000000,0.000000,0.000000,0.000000,0,0
546,1.300403,1.300403,0.000000,0.000000,0.000000,0.000000,0.000000,0,0
547,1.344341,1.344341,0.000000,0.000000,0.000000,0.000000,0.000000,0,0
548,1.181113,1.181113,0.000000,0.000000,0.000000,0.000000,0.000000,0,0
549,1.157125,1.157125,0.000000,0.000000,0.000000,0.000000,0.000000,0,0
550,1.208367,1.208367,0.000000,0.000000,0.000000,2.745888,0.000000,0,0
551,1.307285,1.307285,0.000000,0.000000,0.000000,0.000000,0.000000,0,0
552,1.317143,1.317143,0.000000,0.000000,0.000000,0.000000,0.000000,0,0
553,1.260005,1.260005,0.000000,0.000000,0.000000,0.000000,0.000000,0,0
554,1.188827,1.188827,0.000000,0.000000,0.000000,0.000000,0.000000,0,0
555,1.295390,1.295390,0.000000,0.000000,0.000000,0.000000,0.000000,0,0
556,1.371123,1.371123,0.000000,0.000000,0.000000,0.000000,0.000000,0,0
557,1.311043,1.311043,0.000000,0.000000,0.000000,0.000000,0.000000,0,0
558,1.236300,1.236300,0.000000,0.000000,0.000000,0.000000,0.000000,0,0
559,1.211826,1.211826,0.000000,0.000000,0.000000,0.000000,0.000000,0,0
560,1.351103,1.351103,0.000000,0.000000,0.000000,2.764836,0.000000,0,0
561,1.326184,1.326184,0.000000,0.000000,0.000000,0.000000,0.000000,0,0
562,1.283556,1.283556,0.000000,0.000000,0.000000,0.000000,0.000000,0,0
563,1.151333,1.151333,0.000000,0.000000,0.000000,0.000000,0.000000,0,0
564,1.238297,1.238297,0.000000,0.000000,0.000000,0.000000,0.000000,0,0
565,1.355412,1.355412,0.000000,0.000000,0.000000,0.000000,0.000000,0,0
566,1.344216,1.344216,0.000000,0.000000,0.000000,0.000000,0.000000,0,0
567,1.197032,1.197032,0.000000,0.000000,0.000000,0.000000,0.000000,0,0
568,1.270819,1.270819,0.000000,0.000000,0.000000,0.000000,0.000000,0,0
569,1.130973,1.130973,0.000000,0.000000,0.000000,0.000000,0.000000,0,0
570,1.273518,1.273518,0.000000,0.000000,0.000000,2.753917,0.000000,0,0
571,1.216311,1.216311,0.000000,0.000000,0.000000,0.000000,0.000000,0,0
572,1.179135,1.179135,0.000000,0.000000,0.000000,0.000000,0.000000,0,0
573,1.195234,1.195234,0.000000,0.000000,0.000000,0.000000,0.000000,0,0
574,1.179432,1.179432,0.000000,0.000000,0.000000,0.000000,0.000000,0,0
575,1.251669,1.251669,0.000000,0.000000,0.000000,0.000000,0.000000,0,0
576,1.255484,1.255484,0.000000,0.000000,0.000000,0.000000,0.000000,0,0
577,1.252580,1.252580,0.000000,0.000000,0.000000,0.000000,0.000000,0,0
578,1.159804,1.159804,0.000000,0.000000,0.000000,0.000000,0.000000,0,0
579,1.194189,1.194189,0.000000,0.000000,0.000000,0.000000,0.000000,0,0
580,1.196248,1.196248,0.000000,0.000000,0.000000,2.755390,0.000000,0,0
581,1.187599,1.187599,0.000000,0.000000,0.000000,0.000000,0.000000,0,0
582,1.179622,1.179622,0.000000,0.000000,0.000000,0.000000,0.000000,0,0
583,1.261335,1.261335,0.000000,0.000000,0.000000,0.000000,0.000000,0,0
584,1.258974,1.258974,0.000000,0.000000,0.000000,0.000000,0.000000,0,0
585,1.172376,1.172376,0.000000,0.000000,0.000000,0.000000,0.000000,0,0
586,1.254858,1.254858,0.000000,0.000000,0.000000,0.000000,0.000000,0,0
587,1.190012,1.190012,0.000000,0.000000,0.000000,0.000000,0.000000,0,0
588,1.321082,1.321082,0.000000,0.000000,0.000000,0.000000,0.000000,0,0
589,1.221289,1.221289,0.000000,0.000000,0.000000,0.000000,0.000000,0,0
590,1.237731,1.237731,0.000000,0.000000,0.000000,2.751213,0.000000,0,0
591,1.142077,1.142077,0.000000,0.000000,0.000000,0.000000,0.000000,0,0
592,1.187732,1.187732,0.000000,0.000000,0.000000,0.000000,0.000000,0,0
593,1.243274,1.243274,0.000000,0.000000,0.000000,0.000000,0.000000,0,0
594,1.228313,1.228313,0.000000,0.000000,0.000000,0.000000,0.000000,0,0
595,1.284944,1.284944,0.000000,0.000000,0.000000,0.000000,0.000000,0,0
596,1.296874,1.296874,0.000000,0.000000,0.000000,0.000000,0.000000,0,0
597,1.290243,1.290243,0.000000,0.000000,0.000000,0.000000,0.000000,0,0
598,1.199347,1.199347,0.000000,0.000000,0.000000,0.000000,0.000000,0,0
599,1.158736,1.158736,0.000000,0.000000,0.000000,0.000000,0.000000,0,0
600,1.169033,1.169033,0.000000,0.000000,0.000000,2.758728,0.000000,0,0
601,1.223826,1.223826,0.000000,0.000000,0.000000,0.000000,0.000000,0,0
602,1.193060,1.193060,0.000000,0.000000,0.000000,0.000000,0.000000,0,0
603,1.141938,1.141938,0.000000,0.000000,0.000000,0.000000,0.000000,0,0
604,1.173868,1.173868,0.000000,0.000000,0.000000,0.000000,0.000000,0,0
605,1.190136,1.190136,0.000000,0.000000,0.000000,0.000000,0.000000,0,0
606,1.187851,1.187851,0.000000,0.000000,0.000000,0.000000,0.000000,0,0
607,1.287392,1.287392,0.000000,0.000000,0.000000,0.000000,0.000000,0,0
608,1.146061,1.146061,0.000000,0.000000,0.000000,0.000000,0.000000,0,0
609,1.150789,1.150789,0.000000,0.000000,0.000000,0.000000,0.000000,0,0
610,1.159089,1.159089,0.000000,0.000000,0.000000,2.753284,0.000000,0,0
611,1.203761,1.203761,0.000000,0.000000,0.000000,0.000000,0.000000,0,0
612,1.171668,1.171668,0.000000,0.000000,0.000000,0.000000,0.000000,0,0
613,1.180233,1.180233,0.000000,0.000000,0.000000,0.000000,0.000000,0,0
614,1.097830,1.097830,0.000000,0.000000,0.000000,0.000000,0.000000,0,0
615,1.177400,1.177400,0.000000,0.000000,0.000000,0.000000,0.000000,0,0
616,1.303573,1.303573,0.000000,0.000000,0.000000,0.000000,0.000000,0,0
617,1.277609,1.277609,0.000000,0.000000,0.000000,0.000000,0.000000,0,0
618,1.192967,1.192967,0.000000,0.000000,0.000000,0.000000,0.000000,0,0
619,1.229841,1.229841,0.000000,0.000000,0.000000,0.000000,0.000000,0,0
620,1.257521,1.257521,0.000000,0.000000,0.000000,2.765986,0.000000,0,0
621,1.180414,1.180414,0.000000,0.000000,0.000000,0.000000,0.000000,0,0
622,1.073265,1.073265,0.000000,0.000000,0.000000,0.000000,0.000000,0,0
623,1.187932,1.187932,0.000000,0.000000,0.000000,0.000000,0.000000,0,0
624,1.192998,1.192998,0.000000,0.000000,0.000000,0.000000,0.000000,0,0
625,1.133162,1.133162,0.000000,0.000000,0.000000,0.000000,0.000000,0,0
626,1.198909,1.198909,0.000000,0.000000,0.000000,0.000000,0.000000,0,0
627,1.168738,1.168738,0.000000,0.000000,0.000000,0.000000,0.000000,0,0
628,1.272038,1.272038,0.000000,0.000000,0.000000,0.000000,0.000000,0,0
629,1.107085,1.107085,0.000000,0.000000,0.000000,0.000000,0.000000,0,0
630,1.213666,1.213666,0.000000,0.000000,0.000000,2.761965,0.000000,0,0
631,1.244062,1.244062,0.000000,0.000000,0.000000,0.000000,0.000000,0,0
632,1.218566,1.218566,0.000000,0.000000,0.000000,0.000000,0.000000,0,0
633,1.152843,1.152843,0.000000,0.000000,0.000000,0.000000,0.000000,0,0
634,1.211379,1.211379,0.000000,0.000000,0.000000,0.000000,0.000000,0,0
635,1.087027,1.087027,0.000000,0.000000,0.000000,0.000000,0.000000,0,0
636,1.172965,1.172965,0.000000,0.000000,0.000000,0.000000,0.000000,0,0
637,1.072731,1.072731,0.000000,0.000000,0.000000,0.000000,0.000000,0,0
638,1.174461,1.174461,0.000000,0.000000,0.000000,0.000000,0.000000,0,0
639,1.175145,1.175145,0.000000,0.000000,0.000000,0.000000,0.000000,0,0
640,1.293623,1.293623,0.000000,0.000000,0.000000,2.762105,0.000000,0,0
641,1.110645,1.110645,0.000000,0.000000,0.000000,0.000000,0.000000,0,0
642,1.173261,1.173261,0.000000,0.000000,0.000000,0.000000,0.000000,0,0
643,1.245802,1.245802,0.000000,0.000000,0.000000,0.000000,0.000000,0,0
644,1.234622,1.234622,0.000000,0.000000,0.000000,0.000000,0.000000,0,0
645,1.192693,1.192693,0.000000,0.000000,0.000000,0.000000,0.000000,0,0
646,1.027771,1.027771,0.000000,0.000000,0.000000,0.000000,0.000000,0,0
647,1.067323,1.067323,0.000000,0.000000,0.000000,0.000000,0.000000,0,0
648,1.168554,1.168554,0.000000,0.000000,0.000000,0.000000,0.000000,0,0
649,1.033988,1.033988,0.000000,0.000000,0.000000,0.000000,0.000000,0,0
650,1.098993,1.098993,0.000000,0.000000,0.000000,2.758780,0.000000,0,0
651,1.112311,1.112311,0.000000,0.000000,0.000000,0.000000,0.000000,0,0
652,1.086868,1.086868,0.000000,0.000000,0.000000,0.000000,0.000000,0,0
653,1.110835,1.110835,0.000000,0.000000,0.000000,0.000000,0.000000,0,0
654,1.160067,1.160067,0.000000,0.000000,0.000000,0.000000,0.000000,0,0
655,1.132457,1.132457,0.000000,0.000000,0.000000,0.000000,0.000000,0,0
656,1.241435,1.241435,0.000000,0.000000,0.000000,0.000000,0.000000,0,0
657,1.113048,1.113048,0.000000,0.000000,0.000000,0.000000,0.000000,0,0
658,1.097275,1.097275,0.000000,0.000000,0.000000,0.000000,0.000000,0,0
659,1.102028,1.102028,0.000000,0.000000,0.000000,0.000000,0.000000,0,0
660,1.201659,1.201659,0.000000,0.000000,0.000000,2.769670,0.000000,0,0
661,1.200614,1.200614,0.000000,0.000000,0.000000,0.000000,0.000000,0,0
662,1.021420,1.021420,0.000000,0.000000,0.000000,0.000000,0.000000,0,0
663,1.079654,1.079654,0.000000,0.000000,0.000000,0.000000,0.000000,0,0
664,1.112678,1.112678,0.000000,0.000000,0.000000,0.000000,0.000000,0,0
665,1.144156,1.144156,0.000000,0.000000,0.000000,0.000000,0.000000,0,0
666,1.147370,1.147370,0.000000,0.000000,0.000000,0.000000,0.000000,0,0
667,1.133229,1.133229,0.000000,0.000000,0.000000,0.000000,0.000000,0,0
668,1.161346,1.161346,0.000000,0.000000,0.000000,0.000000,0.000000,0,0
669,1.083425,1.083425,0.000000,0.000000,0.000000,0.000000,0.000000,0,0
670,1.179750,1.179750,0.000000,0.000000,0.000000,2.795376,0.000000,0,0
671,1.116832,1.116832,0.000000,0.000000,0.000000,0.000000,0.000000,0,0
672,1.124653,1.124653,0.000000,0.000000,0.000000,0.000000,0.000000,0,0
673,1.139222,1.139222,0.000000,0.000000,0.000000,0.000000,0.000000,0,0
674,1.083147,1.083147,0.000000,0.000000,0.000000,0.000000,0.000000,0,0
675,1.080792,1.080792,0.000000,0.000000,0.000000,0.000000,0.000000,0,0
676,1.168397,1.168397,0.000000,0.000000,0.000000,0.000000,0.000000,0,0
677,1.124746,1.124746,0.000000,0.000000,0.000000,0.000000,0.000000,0,0
678,1.165926,1.165926,0.000000,0.000000,0.000000,0.000000,0.000000,0,0
679,1.147348,1.147348,0.000000,0.000000,0.000000,0.000000,0.000000,0,0
680,1.147006,1.147006,0.000000,0.000000,0.000000,2.762535,0.000000,0,0
681,1.128072,1.128072,0.000000,0.000000,0.000000,0.000000,0.000000,0,0
682,1.097455,1.097455,0.000000,0.000000,0.000000,0.000000,0.000000,0,0
683,1.073794,1.073794,0.000000,0.000000,0.000000,0.000000,0.000000,0,0
684,1.207540,1.207540,0.000000,0.000000,0.000000,0.000000,0.000000,0,0
685,1.176527,1.176527,0.000000,0.000000,0.000000,0.000000,0.000000,0,0
686,1.174011,1.174011,0.000000,0.000000,0.000000,0.000000,0.000000,0,0
687,1.056575,1.056575,0.000000,0.000000,0.000000,0.000000,0.000000,0,0
688,1.129481,1.129481,0.000000,0.000000,0.000000,0.000000,0.000000,0,0
689,1.145288,1.145288,0.000000,0.000000,0.000000,0.000000,0.000000,0,0
690,1.090749,1.090749,0.000000,0.000000,0.000000,2.775929,0.000000,0,0
691,0.969222,0.969222,0.000000,0.000000,0.000000,0.000000,0.000000,0,0
692,1.075425,1.075425,0.000000,0.000000,0.000000,0.000000,0.000000,0,0
693,1.086586,1.086586,0.000000,0.000000,0.000000,0.000000,0.000000,0,0
694,1.135604,1.135604,0.000000,0.000000,0.000000,0.000000,0.000000,0,0
695,1.028631,1.028631,0.000000,0.000000,0.000000,0.000000,0.000000,0,0
696,1.062211,1.062211,0.000000,0.000000,0.000000,0.000000,0.000000,0,0
697,0.954971,0.954971,0.000000,0.000000,0.000000,0.000000,0.000000,0,0
698,1.089064,1.089064,0.000000,0.000000,0.000000,0.000000,0.000000,0,0
699,1.124058,1.124058,0.000000,0.000000,0.000000,0.000000,0.000000,0,0
700,1.123914,1.123914,0.000000,0.000000,0.000000,2.754477,0.000000,0,0
701,1.094806,1.094806,0.000000,0.000000,0.000000,0.000000,0.000000,0,0
702,1.078835,1.078835,0.000000,0.000000,0.000000,0.000000,0.000000,0,0
703,1.002236,1.002236,0.000000,0.000000,0.000000,0.000000,0.000000,0,0
704,1.059010,1.059010,0.000000,0.000000,0.000000,0.000000,0.000000,0,0
705,1.181144,1.181144,0.000000,0.000000,0.000000,0.000000,0.000000,0,0
706,1.116282,1.116282,0.000000,0.000000,0.000000,0.000000,0.000000,0,0
707,1.085934,1.085934,0.000000,0.000000,0.000000,0.000000,0.000000,0,0
708,1.113347,1.113347,0.000000,0.000000,0.000000,0.000000,0.000000,0,0
709,1.068466,1.068466,0.000000,0.000000,0.000000,0.000000,0.000000,0,0
710,1.082148,1.082148,0.000000,0.000000,0.000000,2.779916,0.000000,0,0
711,1.080870,1.080870,0.000000,0.000000,0.000000,0.000000,0.000000,0,0
712,1.081803,1.081803,0.000000,0.000000,0.000000,0.000000,0.000000,0,0
713,1.148917,1.148917,0.000000,0.000000,0.000000,0.000000,0.000000,0,0
714,1.107094,1.107094,0.000000,0.000000,0.000000,0.000000,0.000000,0,0
715,1.072377,1.072377,0.000000,0.000000,0.000000,0.000000,0.000000,0,0
716,1.118840,1.118840,0.000000,0.000000,0.000000,0.000000,0.000000,0,0
717,1.056674,1.056674,0.000000,0.000000,0.000000,0.000000,0.000000,0,0
718,1.067540,1.067540,0.000000,0.000000,0.000000,0.000000,0.000000,0,0
719,1.029209,1.029209,0.000000,0.000000,0.000000,0.000000,0.000000,0,0
720,1.111012,1.111012,0.000000,0.000000,0.000000,2.766245,0.000000,0,0
721,1.073351,1.073351,0.000000,0.000000,0.000000,0.000000,0.000000,0,0
722,1.065651,1.065651,0.000000,0.000000,0.000000,0.000000,0.000000,0,0
723,1.120656,1.120656,0.000000,0.000000,0.000000,0.000000,0.000000,0,0
724,0.996033,0.996033,0.000000,0.000000,0.000000,0.000000,0.000000,0,0
725,1.027346,1.027346,0.000000,0.000000,0.000000,0.000000,0.000000,0,0
726,1.100588,1.100588,0.000000,0.000000,0.000000,0.000000,0.000000,0,0
727,1.084120,1.084120,0.000000,0.000000,0.000000,0.000000,0.000000,0,0
728,1.047386,1.047386,0.000000,0.000000,0.000000,0.000000,0.000000,0,0
729,1.039572,1.039572,0.000000,0.000000,0.000000,0.000000,0.000000,0,0
730,1.164480,1.164480,0.000000,0.000000,0.000000,2.773299,0.000000,0,0
731,1.103005,1.103005,0.000000,0.000000,0.000000,0.000000,0.000000,0,0
732,1.074330,1.074330,0.000000,0.000000,0.000000,0.000000,0.000000,0,0
733,1.132411,1.132411,0.000000,0.000000,0.000000,0.000000,0.000000,0,0
734,1.022171,1.022171,0.000000,0.000000,0.000000,0.000000,0.000000,0,0
735,1.101343,1.101343,0.000000,0.000000,0.000000,0.000000,0.000000,0,0
736,1.070574,1.070574,0.000000,0.000000,0.000000,0.000000,0.000000,0,0
737,1.032012,1.032012,0.000000,0.000000,0.000000,0.000000,0.000000,0,0
738,1.122942,1.122942,0.000000,0.000000,0.000000,0.000000,0.000000,0,0
739,1.085079,1.085079,0.000000,0.000000,0.000000,0.000000,0.000000,0,0
740,1.023754,1.023754,0.000000,0.000000,0.000000,2.806031,0.000000,0,0
741,1.058016,1.058016,0.000000,0.000000,0.000000,0.000000,0.000000,0,0
742,1.058864,1.058864,0.000000,0.000000,0.000000,0.000000,0.000000,0,0
743,1.096819,1.096819,0.000000,0.000000,0.000000,0.000000,0.000000,0,0
744,1.058628,1.058628,0.000000,0.000000,0.000000,0.000000,0.000000,0,0
745,0.990747,0.990747,0.000000,0.000000,0.000000,0.000000,0.000000,0,0
746,1.015884,1.015884,0.000000,0.000000,0.000000,0.000000,0.000000,0,0
747,1.006496,1.006496,0.000000,0.000000,0.000000,0.000000,0.000000,0,0
748,0.969036,0.969036,0.000000,0.000000,0.000000,0.000000,0.000000,0,0
749,0.984410,0.984410,0.000000,0.000000,0.000000,0.000000,0.000000,0,0
750,1.053553,1.053553,0.000000,0.000000,0.000000,2.783673,0.000000,0,0
751,1.024052,1.024052,0.000000,0.000000,0.000000,0.000000,0.000000,0,0
752,1.058462,1.058462,0.000000,0.000000,0.000000,0.000000,0.000000,0,0
753,1.176754,1.176754,0.000000,0.000000,0.000000,0.000000,0.000000,0,0
754,1.093454,1.093454,0.000000,0.000000,0.000000,0.000000,0.000000,0,0
755,1.076253,1.076253,0.000000,0.000000,0.000000,0.000000,0.000000,0,0
756,1.032690,1.032690,0.000000,0.000000,0.000000,0.000000,0.000000,0,0
757,1.110177,1.110177,0.000000,0.000000,0.000000,0.000000,0.000000,0,0
758,1.011942,1.011942,0.000000,0.000000,0.000000,0.000000,0.000000,0,0
759,1.009054,1.009054,0.000000,0.000000,0.000000,0.000000,0.000000,0,0
760,1.081186,1.081186,0.000000,0.000000,0.000000,2.784592,0.000000,0,0
761,0.974496,0.974496,0.000000,0.000000,0.000000,0.000000,0.000000,0,0
762,1.009665,1.009665,0.000000,0.000000,0.000000,0.000000,0.000000,0,0
763,1.046569,1.046569,0.000000,0.000000,0.000000,0.000000,0.000000,0,0
764,0.983160,0.983160,0.000000,0.000000,0.000000,0.000000,0.000000,0,0
765,1.047538,1.047538,0.000000,0.000000,0.000000,0.000000,0.000000,0,0
766,1.052783,1.052783,0.000000,0.000000,0.000000,0.000000,0.000000,0,0
767,1.093163,1.093163,0.000000,0.000000,0.000000,0.000000,0.000000,0,0
768,1.042353,1.042353,0.000000,0.000000,0.000000,0.000000,0.000000,0,0
769,1.049314,1.049314,0.000000,0.000000,0.000000,0.000000,0.000000,0,0
770,0.985442,0.985442,0.000000,0.000000,0.000000,2.791221,0.000000,0,0
771,1.009148,1.009148,0.000000,0.000000,0.000000,0.000000,0.000000,0,0
772,1.116983,1.116983,0.000000,0.000000,0.000000,0.000000,0.000000,0,0
773,0.949378,0.949378,0.000000,0.000000,0.000000,0.000000,0.000000,0,0
774,0.967697,0.967697,0.000000,0.000000,0.000000,0.000000,0.000000,0,0
775,0.972976,0.972976,0.000000,0.000000,0.000000,0.000000,0.000000,0,0
776,1.060825,1.060825,0.000000,0.000000,0.000000,0.000000,0.000000,0,0
777,1.088809,1.088809,0.000000,0.000000,0.000000,0.000000,0.000000,0,0
778,1.105880,1.105880,0.000000,0.000000,0.000000,0.000000,0.000000,0,0
779,0.925409,0.925409,0.000000,0.000000,0.000000,0.000000,0.000000,0,0
780,1.047222,1.047222,0.000000,0.000000,0.000000,2.781894,0.000000,0,0
781,1.081470,1.081470,0.000000,0.000000,0.000000,0.000000,0.000000,0,0
782,0.944725,0.944725,0.000000,0.000000,0.000000,0.000000,0.000000,0,0
783,1.060983,1.060983,0.000000,0.000000,0.000000,0.000000,0.000000,0,0
784,1.002071,1.002071,0.000000,0.000000,0.000000,0.000000,0.000000,0,0
785,1.005432,1.005432,0.000000,0.000000,0.000000,0.000000,0.000000,0,0
786,1.072401,1.072401,0.000000,0.000000,0.000000,0.000000,0.000000,0,0
787,1.077253,1.077253,0.000000,0.000000,0.000000,0.000000,0.000000,0,0
788,1.008854,1.008854,0.000000,0.000000,0.000000,0.000000,0.000000,0,0
789,1.025607,1.025607,0.000000,0.000000,0.000000,0.000000,0.000000,0,0
790,1.047010,1.047010,0.000000,0.000000,0.000000,2.809090,0.000000,0,0
791,1.054133,1.054133,0.000000,0.000000,0.000000,0.000000,0.000000,0,0
792,1.095663,1.095663,0.000000,0.000000,0.000000,0.000000,0.000000,0,0
793,1.043331,1.043331,0.000000,0.000000,0.000000,0.000000,0.000000,0,0
794,1.009783,1.009783,0.000000,0.000000,0.000000,0.000000,0.000000,0,0
795,0.994465,0.994465,0.000000,0.000000,0.000000,0.000000,0.000000,0,0
796,0.978709,0.978709,0.000000,0.000000,0.000000,0.000000,0.000000,0,0
797,1.010416,1.010416,0.000000,0.000000,0.000000,0.000000,0.000000,0,0
798,1.055265,1.055265,0.000000,0.000000,0.000000,0.000000,0.000000,0,0
799,1.100485,1.100485,0.000000,0.000000,0.000000,0.000000,0.000000,0,0
800,1.079997,1.079997,0.000000,0.000000,0.000000,2.828763,0.000000,0,0
801,1.099016,1.099016,0.000000,0.000000,0.000000,0.000000,0.000000,0,0
802,1.038692,1.038692,0.000000,0.000000,0.000000,0.000000,0.000000,0,0
803,0.962700,0.962700,0.000000,0.000000,0.000000,0.000000,0.000000,0,0
804,0.996793,0.996793,0.000000,0.000000,0.000000,0.000000,0.000000,0,0
805,1.106338,1.106338,0.000000,0.000000,0.000000,0.000000,0.000000,0,0
806,1.008682,1.008682,0.000000,0.000000,0.000000,0.000000,0.000000,0,0
807,0.999968,0.999968,0.000000,0.000000,0.000000,0.000000,0.000000,0,0
808,0.964719,0.964719,0.000000,0.000000,0.000000,0.000000,0.000000,0,0
809,1.043877,1.043877,0.000000,0.000000,0.000000,0.000000,0.000000,0,0
810,1.066554,1.066554,0.000000,0.000000,0.000000,2.796926,0.000000,0,0
811,0.948555,0.948555,0.000000,0.000000,0.000000,0.000000,0.000000,0,0
812,0.916242,0.916242,0.000000,0.000000,0.000000,0.000000,0.000000,0,0
813,1.047962,1.047962,0.000000,0.000000,0.000000,0.000000,0.000000,0,0
814,0.996169,0.996169,0.000000,0.000000,0.000000,0.000000,0.000000,0,0
815,1.111901,1.111901,0.000000,0.000000,0.000000,0.000000,0.000000,0,0
816,1.033392,1.033392,0.000000,0.000000,0.000000,0.000000,0.000000,0,0
817,1.125375,1.125375,0.000000,0.000000,0.000000,0.000000,0.000000,0,0
818,0.973096,0.973096,0.000000,0.000000,0.000000,0.000000,0.000000,0,0
819,1.012266,1.012266,0.000000,0.000000,0.000000,0.000000,0.000000,0,0
820,0.992762,0.992762,0.000000,0.000000,0.000000,2.804486,0.000000,0,0
821,1.007453,1.007453,0.000000,0.000000,0.000000,0.000000,0.000000,0,0
822,0.992614,0.992614,0.000000,0.000000,0.000000,0.000000,0.000000,0,0
823,0.990358,0.990358,0.000000,0.000000,0.000000,0.000000,0.000000,0,0
824,1.014483,1.014483,0.000000,0.000000,0.000000,0.000000,0.000000,0,0
825,0.963790,0.963790,0.000000,0.000000,0.000000,0.000000,0.000000,0,0
826,0.955102,0.955102,0.000000,0.000000,0.000000,0.000000,0.000000,0,0
827,0.927333,0.927333,0.000000,0.000000,0.000000,0.000000,0.000000,0,0
828,1.076929,1.076929,0.000000,0.000000,0.000000,0.000000,0.000000,0,0
829,1.033334,1.033334,0.000000,0.000000,0.000000,0.000000,0.000000,0,0
830,1.075749,1.075749,0.000000,0.000000,0.000000,2.798862,0.000000,0,0
831,0.946155,0.946155,0.000000,0.000000,0.000000,0.000000,0.000000,0,0
832,1.014530,1.014530,0.000000,0.000000,0.000000,0.000000,0.000000,0,0
833,1.021466,1.021466,0.000000,0.000000,0.000000,0.000000,0.000000,0,0
834,0.997636,0.997636,0.000000,0.000000,0.000000,0.000000,0.000000,0,0
835,1.034686,1.034686,0.000000,0.000000,0.000000,0.000000,0.000000,0,0
836,0.980132,0.980132,0.000000,0.000000,0.000000,0.000000,0.000000,0,0
837,1.012695,1.012695,0.000000,0.000000,0.000000,0.000000,0.000000,0,0
838,0.976158,0.976158,0.000000,0.000000,0.000000,0.000000,0.000000,0,0
839,1.090363,1.090363,0.000000,0.000000,0.000000,0.000000,0.000000,0,0
840,1.019943,1.019943,0.000000,0.000000,0.000000,2.799250,0.000000,0,0
841,0.956191,0.956191,0.000000,0.000000,0.000000,0.000000,0.000000,0,0
842,0.953725,0.953725,0.000000,0.000000,0.000000,0.000000,0.000000,0,0
843,0.934794,0.934794,0.000000,0.000000,0.000000,0.000000,0.000000,0,0
844,0.938926,0.938926,0.000000,0.000000,0.000000,0.000000,0.000000,0,0
845,0.991964,0.991964,0.000000,0.000000,0.000000,0.000000,0.000000,0,0
846,0.988507,0.988507,0.000000,0.000000,0.000000,0.000000,0.000000,0,0
847,1.036196,1.036196,0.000000,0.000000,0.000000,0.000000,0.000000,0,0
848,0.981776,0.981776,0.000000,0.000000,0.000000,0.000000,0.000000,0,0
849,0.939572,0.939572,0.000000,0.000000,0.000000,0.000000,0.000000,0,0
850,1.020499,1.020499,0.000000,0.000000,0.000000,2.798576,0.000000,0,0
851,0.924159,0.924159,0.000000,0.000000,0.000000,0.000000,0.000000,0,0
852,0.986231,0.986231,0.000000,0.000000,0.000000,0.000000,0.000000,0,0
853,0.968584,0.968584,0.000000,0.000000,0.000000,0.000000,0.000000,0,0
854,1.039317,1.039317,0.000000,0.000000,0.000000,0.000000,0.000000,0,0
855,1.002708,1.002708,0.000000,0.000000,0.000000,0.000000,0.000000,0,0
856,0.998541,0.998541,0.000000,0.000000,0.000000,0.000000,0.000000,0,0
857,1.093494,1.093494,0.000000,0.000000,0.000000,0.000000,0.000000,0,0
858,0.932054,0.932054,0.000000,0.000000,0.000000,0.000000,0.000000,0,0
859,0.948870,0.948870,0.000000,0.000000,0.000000,0.000000,0.000000,0,0
860,0.977854,0.977854,0.000000,0.000000,0.000000,2.812357,0.000000,0,0
861,0.980239,0.980239,0.000000,0.000000,0.000000,0.000000,0.000000,0,0
862,0.943343,0.943343,0.000000,0.000000,0.000000,0.000000,0.000000,0,0
863,0.995630,0.995630,0.000000,0.000000,0.000000,0.000000,0.000000,0,0
864,0.933098,0.933098,0.000000,0.000000,0.000000,0.000000,0.000000,0,0
865,0.954242,0.954242,0.000000,0.000000,0.000000,0.000000,0.000000,0,0
866,1.035724,1.035724,0.000000,0.000000,0.000000,0.000000,0.000000,0,0
867,1.021791,1.021791,0.000000,0.000000,0.000000,0.000000,0.000000,0,0
868,1.062101,1.062101,0.000000,0.000000,0.000000,0.000000,0.000000,0,0
869,0.945508,0.945508,0.000000,0.000000,0.000000,0.000000,0.000000,0,0
870,0.980262,0.980262,0.000000,0.000000,0.000000,2.822395,0.000000,0,0
871,0.970460,0.970460,0.000000,0.000000,0.000000,0.000000,0.000000,0,0
872,0.908271,0.908271,0.000000,0.000000,0.000000,0.000000,0.000000,0,0
873,0.937814,0.937814,0.000000,0.000000,0.000000,0.000000,0.000000,0,0
874,0.961777,0.961777,0.000000,0.000000,0.000000,0.000000,0.000000,0,0
875,0.984337,0.984337,0.000000,0.000000,0.000000,0.000000,0.000000,0,0
876,1.058542,1.058542,0.000000,0.000000,0.000000,0.000000,0.000000,0,0
877,0.978536,0.978536,0.000000,0.000000,0.000000,0.000000,0.000000,0,0
878,0.947850,0.947850,0.000000,0.000000,0.000000,0.000000,0.000000,0,0
879,0.973718,0.973718,0.000000,0.000000,0.000000,0.000000,0.000000,0,0
880,0.977580,0.977580,0.000000,0.000000,0.000000,2.806371,0.000000,0,0
881,1.000577,1.000577,0.000000,0.000000,0.000000,0.000000,0.000000,0,0
882,0.938235,0.938235,0.000000,0.000000,0.000000,0.000000,0.000000,0,0
883,0.937267,0.937267,0.000000,0.000000,0.000000,0.000000,0.000000,0,0
884,1.012262,1.012262,0.000000,0.000000,0.000000,0.000000,0.000000,0,0
885,1.044777,1.044777,0.000000,0.000000,0.000000,0.000000,0.000000,0,0
886,0.912397,0.912397,0.000000,0.000000,0.000000,0.000000,0.000000,0,0
887,1.000491,1.000491,0.000000,0.000000,0.000000,0.000000,0.000000,0,0
888,1.026231,1.026231,0.000000,0.000000,0.000000,0.000000,0.000000,0,0
889,0.903489,0.903489,0.000000,0.000000,0.000000,0.000000,0.000000,0,0
890,1.018674,1.018674,0.000000,0.000000,0.000000,2.818480,0.000000,0,0
891,0.954254,0.954254,0.000000,0.000000,0.000000,0.000000,0.000000,0,0
892,0.895324,0.895324,0.000000,0.000000,0.000000,0.000000,0.000000,0,0
893,0.946971,0.946971,0.000000,0.000000,0.000000,0.000000,0.000000,0,0
894,0.984807,0.984807,0.000000,0.000000,0.000000,0.000000,0.000000,0,0
895,0.980615,0.980615,0.000000,0.000000,0.000000,0.000000,0.000000,0,0
896,0.990530,0.990530,0.000000,0.000000,0.000000,0.000000,0.000000,0,0
897,0.883204,0.883204,0.000000,0.000000,0.000000,0.000000,0.000000,0,0
898,0.888943,0.888943,0.000000,0.000000,0.000000,0.000000,0.000000,0,0
899,0.859859,0.859859,0.000000,0.000000,0.000000,0.000000,0.000000,0,0
900,0.984209,0.984209,0.000000,0.000000,0.000000,2.834777,0.000000,0,0
901,0.930285,0.930285,0.000000,0.000000,0.000000,0.000000,0.000000,0,0
902,1.019684,1.019684,0.000000,0.000000,0.000000,0.000000,0.000000,0,0
903,1.004148,1.004148,0.000000,0.000000,0.000000,0.000000,0.000000,0,0
904,0.909233,0.909233,0.000000,0.000000,0.000000,0.000000,0.000000,0,0
905,0.943949,0.943949,0.000000,0.000000,0.000000,0.000000,0.000000,0,0
906,0.955333,0.955333,0.000000,0.000000,0.000000,0.000000,0.000000,0,0
907,0.998749,0.998749,0.000000,0.000000,0.000000,0.000000,0.000000,0,0
908,0.894594,0.894594,0.000000,0.000000,0.000000,0.000000,0.000000,0,0
909,0.998486,0.998486,0.000000,0.000000,0.000000,0.000000,0.000000,0,0
910,0.910119,0.910119,0.000000,0.000000,0.000000,2.840160,0.000000,0,0
911,0.910307,0.910307,0.000000,0.000000,0.000000,0.000000,0.000000,0,0
912,0.964795,0.964795,0.000000,0.000000,0.000000,0.000000,0.000000,0,0
913,0.895633,0.895633,0.000000,0.000000,0.000000,0.000000,0.000000,0,0
914,0.867320,0.867320,0.000000,0.000000,0.000000,0.000000,0.000000,0,0
915,0.912679,0.912679,0.000000,0.000000,0.000000,0.000000,0.000000,0,0
916,0.965793,0.965793,0.000000,0.000000,0.000000,0.000000,0.000000,0,0
917,0.916684,0.916684,0.000000,0.000000,0.000000,0.000000,0.000000,0,0
918,0.892584,0.892584,0.000000,0.000000,0.000000,0.000000,0.000000,0,0
919,0.899333,0.899333,0.000000,0.000000,0.000000,0.000000,0.000000,0,0
920,0.964599,0.964599,0.000000,0.000000,0.000000,2.859134,0.000000,0,0
921,0.991650,0.991650,0.000000,0.000000,0.000000,0.000000,0.000000,0,0
922,0.932200,0.932200,0.000000,0.000000,0.000000,0.000000,0.000000,0,0
923,0.937819,0.937819,0.000000,0.000000,0.000000,0.000000,0.000000,0,0
924,0.945428,0.945428,0.000000,0.000000,0.000000,0.000000,0.000000,0,0
925,0.980693,0.980693,0.000000,0.000000,0.000000,0.000000,0.000000,0,0
926,0.929438,0.929438,0.000000,0.000000,0.000000,0.000000,0.000000,0,0
927,0.906581,0.906581,0.000000,0.000000,0.000000,0.000000,0.000000,0,0
928,0.939778,0.939778,0.000000,0.000000,0.000000,0.000000,0.000000,0,0
929,0.930658,0.930658,0.000000,0.000000,0.000000,0.000000,0.000000,0,0
930,0.900854,0.900854,0.000000,0.000000,0.000000,2.865916,0.000000,0,0
931,0.895177,0.895177,0.000000,0.000000,0.000000,0.000000,0.000000,0,0
932,0.941699,0.941699,0.000000,0.000000,0.000000,0.000000,0.000000,0,0
933,0.981882,0.981882,0.000000,0.000000,0.000000,0.000000,0.000000,0,0
934,0.899803,0.899803,0.000000,0.000000,0.000000,0.000000,0.000000,0,0
935,0.855484,0.855484,0.000000,0.000000,0.000000,0.000000,0.000000,0,0
936,0.952029,0.952029,0.000000,0.000000,0.000000,0.000000,0.000000,0,0
937,0.857452,0.857452,0.000000,0.000000,0.000000,0.000000,0.000000,0,0
938,0.884307,0.884307,0.000000,0.000000,0.000000,0.000000,0.000000,0,0
939,0.831124,0.831124,0.000000,0.000000,0.000000,0.000000,0.000000,0,0
940,0.898099,0.898099,0.000000,0.000000,0.000000,2.853997,0.000000,0,0
941,0.901895,0.901895,0.000000,0.000000,0.000000,0.000000,0.000000,0,0
942,0.932905,0.932905,0.000000,0.000000,0.000000,0.000000,0.000000,0,0
943,0.983772,0.983772,0.000000,0.000000,0.000000,0.000000,0.000000,0,0
944,0.886783,0.886783,0.000000,0.000000,0.000000,0.000000,0.000000,0,0
945,0.950363,0.950363,0.000000,0.000000,0.000000,0.000000,0.000000,0,0
946,0.961202,0.961202,0.000000,0.000000,0.000000,0.000000,0.000000,0,0
947,0.940756,0.940756,0.000000,0.000000,0.000000,0.000000,0.000000,0,0
948,0.917703,0.917703,0.000000,0.000000,0.000000,0.000000,0.000000,0,0
949,0.963932,0.963932,0.000000,0.000000,0.000000,0.000000,0.000000,0,0
950,0.908931,0.908931,0.000000,0.000000,0.000000,2.852272,0.000000,0,0
951,0.928815,0.928815,0.000000,0.000000,0.000000,0.000000,0.000000,0,0
952,0.923691,0.923691,0.000000,0.000000,0.000000,0.000000,0.000000,0,0
953,0.937762,0.937762,0.000000,0.000000,0.000000,0.000000,0.000000,0,0
954,0.872100,0.872100,0.000000,0.000000,0.000000,0.000000,0.000000,0,0
955,0.947075,0.947075,0.000000,0.000000,0.000000,0.000000,0.000000,0,0
956,0.893726,0.893726,0.000000,0.000000,0.000000,0.000000,0.000000,0,0
957,0.950694,0.950694,0.000000,0.000000,0.000000,0.000000,0.000000,0,0
958,0.906432,0.906432,0.000000,0.000000,0.000000,0.000000,0.000000,0,0
959,0.887520,0.887520,0.000000,0.000000,0.000000,0.000000,0.000000,0,0
960,1.007999,1.007999,0.000000,0.000000,0.000000,2.835900,0.000000,0,0
961,0.893072,0.893072,0.000000,0.000000,0.000000,0.000000,0.000000,0,0
962,0.973550,0.973550,0.000000,0.000000,0.000000,0.000000,0.000000,0,0
963,0.908562,0.908562,0.000000,0.000000,0.000000,0.000000,0.000000,0,0
964,0.848911,0.848911,0.000000,0.000000,0.000000,0.000000,0.000000,0,0
965,0.855566,0.855566,0.000000,0.000000,0.000000,0.000000,0.000000,0,0
966,0.931967,0.931967,0.000000,0.000000,0.000000,0.000000,0.000000,0,0
967,0.985015,0.985015,0.000000,0.000000,0.000000,0.000000,0.000000,0,0
968,0.916044,0.916044,0.000000,0.000000,0.000000,0.000000,0.000000,0,0
969,0.898417,0.898417,0.000000,0.000000,0.000000,0.000000,0.000000,0,0
970,0.865237,0.865237,0.000000,0.000000,0.000000,2.832031,0.000000,0,0
971,0.913496,0.913496,0.000000,0.000000,0.000000,0.000000,0.000000,0,0
972,1.000802,1.000802,0.000000,0.000000,0.000000,0.000000,0.000000,0,0
973,0.920343,0.920343,0.000000,0.000000,0.000000,0.000000,0.000000,0,0
974,0.904186,0.904186,0.000000,0.000000,0.000000,0.000000,0.000000,0,0
975,0.942684,0.942684,0.000000,0.000000,0.000000,0.000000,0.000000,0,0
976,0.936571,0.936571,0.000000,0.000000,0.000000,0.000000,0.000000,0,0
977,0.894135,0.894135,0.000000,0.000000,0.000000,0.000000,0.000000,0,0
978,0.894511,0.894511,0.000000,0.000000,0.000000,0.000000,0.000000,0,0
979,0.893264,0.893264,0.000000,0.000000,0.000000,0.000000,0.000000,0,0
980,0.829607,0.829607,0.000000,0.000000,0.000000,2.868630,0.000000,0,0
981,0.899970,0.899970,0.000000,0.000000,0.000000,0.000000,0.000000,0,0
982,0.768722,0.768722,0.000000,0.000000,0.000000,0.000000,0.000000,0,0
983,0.870015,0.870015,0.000000,0.000000,0.000000,0.000000,0.000000,0,0
984,0.846520,0.846520,0.000000,0.000000,0.000000,0.000000,0.000000,0,0
985,0.900739,0.900739,0.000000,0.000000,0.000000,0.000000,0.000000,0,0
986,0.923231,0.923231,0.000000,0.000000,0.000000,0.000000,0.000000,0,0
987,0.892865,0.892865,0.000000,0.000000,0.000000,0.000000,0.000000,0,0
988,0.866133,0.866133,0.000000,0.000000,0.000000,0.000000,0.000000,0,0
989,0.907010,0.907010,0.000000,0.000000,0.000000,0.000000,0.000000,0,0
990,0.907334,0.907334,0.000000,0.000000,0.000000,2.867247,0.000000,0,0
991,0.955269,0.955269,0.000000,0.000000,0.000000,0.000000,0.000000,0,0
992,0.878491,0.878491,0.000000,0.000000,0.000000,0.000000,0.000000,0,0
993,0.871568,0.871568,0.000000,0.000000,0.000000,0.000000,0.000000,0,0
994,0.886745,0.886745,0.000000,0.000000,0.000000,0.000000,0.000000,0,0
995,0.924953,0.924953,0.000000,0.000000,0.000000,0.000000,0.000000,0,0
996,0.907890,0.907890,0.000000,0.000000,0.000000,0.000000,0.000000,0,0
997,0.883088,0.883088,0.000000,0.000000,0.000000,0.000000,0.000000,0,0
998,0.896355,0.896355,0.000000,0.000000,0.000000,0.000000,0.000000,0,0
999,0.946028,0.946028,0.000000,0.000000,0.000000,0.000000,0.000000,0,0
1000,0.894321,0.894321,0.000000,0.000000,0.000000,2.870304,0.000000,0,0
1001,0.865542,0.865542,0.000000,0.000000,0.000000,0.000000,0.000000,0,0
1002,0.896794,0.896794,0.000000,0.000000,0.000000,0.000000,0.000000,0,0
1003,0.921994,0.921994,0.000000,0.000000,0.000000,0.000000,0.000000,0,0
1004,0.870350,0.870350,0.000000,0.000000,0.000000,0.000000,0.000000,0,0
1005,0.840026,0.840026,0.000000,0.000000,0.000000,0.000000,0.000000,0,0
1006,0.919838,0.919838,0.000000,0.000000,0.000000,0.000000,0.000000,0,0
1007,0.856678,0.856678,0.000000,0.000000,0.000000,0.000000,0.000000,0,0
1008,0.926070,0.926070,0.000000,0.000000,0.000000,0.000000,0.000000,0,0
1009,0.903620,0.903620,0.000000,0.000000,0.000000,0.000000,0.000000,0,0
1010,0.881090,0.881090,0.000000,0.000000,0.000000,2.868859,0.000000,0,0
1011,0.940274,0.940274,0.000000,0.000000,0.000000,0.000000,0.000000,0,0
1012,0.930058,0.930058,0.000000,0.000000,0.000000,0.000000,0.000000,0,0
1013,0.884830,0.884830,0.000000,0.000000,0.000000,0.000000,0.000000,0,0
1014,0.886083,0.886083,0.000000,0.000000,0.000000,0.000000,0.000000,0,0
1015,0.906508,0.906508,0.000000,0.000000,0.000000,0.000000,0.000000,0,0
1016,0.874587,0.874587,0.000000,0.000000,0.000000,0.000000,0.000000,0,0
1017,0.857950,0.857950,0.000000,0.000000,0.000000,0.000000,0.000000,0,0
1018,0.857497,0.857497,0.000000,0.000000,0.000000,0.000000,0.000000,0,0
1019,0.864289,0.864289,0.000000,0.000000,0.000000,0.000000,0.000000,0,0
1020,0.873838,0.873838,0.000000,0.000000,0.000000,2.876780,0.000000,0,0
1021,0.904714,0.904714,0.000000,0.000000,0.000000,0.000000,0.000000,0,0
1022,0.876570,0.876570,0.000000,0.000000,0.000000,0.000000,0.000000,0,0
1023,0.865423,0.865423,0.000000,0.000000,0.000000,0.000000,0.000000,0,0
1024,0.927932,0.927932,0.000000,0.000000,0.000000,0.000000,0.000000,0,0
1025,0.900871,0.900871,0.000000,0.000000,0.000000,0.000000,0.000000,0,0
1026,0.900066,0.900066,0.000000,0.000000,0.000000,0.000000,0.000000,0,0
1027,0.895403,0.895403,0.000000,0.000000,0.000000,0.000000,0.000000,0,0
1028,0.896348,0.896348,0.000000,0.000000,0.000000,0.000000,0.000000,0,0
1029,0.864097,0.864097,0.000000,0.000000,0.000000,0.000000,0.000000,0,0
1030,0.971450,0.971450,0.000000,0.000000,0.000000,2.871505,0.000000,0,0
1031,0.889593,0.889593,0.000000,0.000000,0.000000,0.000000,0.000000,0,0
1032,0.926060,0.926060,0.000000,0.000000,0.000000,0.000000,0.000000,0,0
1033,0.926183,0.926183,0.000000,0.000000,0.000000,0.000000,0.000000,0,0
1034,0.892305,0.892305,0.000000,0.000000,0.000000,0.000000,0.000000,0,0
1035,0.938503,0.938503,0.000000,0.000000,0.000000,0.000000,0.000000,0,0
1036,0.936190,0.936190,0.000000,0.000000,0.000000,0.000000,0.000000,0,0
1037,0.857706,0.857706,0.000000,0.000000,0.000000,0.000000,0.000000,0,0
1038,0.969242,0.969242,0.000000,0.000000,0.000000,0.000000,0.000000,0,0
1039,0.885632,0.885632,0.000000,0.000000,0.000000,0.000000,0.000000,0,0
1040,0.912938,0.912938,0.000000,0.000000,0.000000,2.879915,0.000000,0,0
1041,0.949364,0.949364,0.000000,0.000000,0.000000,0.000000,0.000000,0,0
1042,0.814270,0.814270,0.000000,0.000000,0.000000,0.000000,0.000000,0,0
1043,0.839436,0.839436,0.000000,0.000000,0.000000,0.000000,0.000000,0,0
1044,0.908693,0.908693,0.000000,0.000000,0.000000,0.000000,0.000000,0,0
1045,0.868672,0.868672,0.000000,0.000000,0.000000,0.000000,0.000000,0,0
1046,0.906736,0.906736,0.000000,0.000000,0.000000,0.000000,0.000000,0,0
1047,0.863016,0.863016,0.000000,0.000000,0.000000,0.000000,0.000000,0,0
1048,0.898254,0.898254,0.000000,0.000000,0.000000,0.000000,0.000000,0,0
1049,0.899563,0.899563,0.000000,0.000000,0.000000,0.000000,0.000000,0,0
1050,0.823642,0.823642,0.000000,0.000000,0.000000,2.897657,0.000000,0,0
1051,0.869331,0.869331,0.000000,0.000000,0.000000,0.000000,0.000000,0,0
1052,0.829401,0.829401,0.000000,0.000000,0.000000,0.000000,0.000000,0,0
1053,0.913052,0.913052,0.000000,0.000000,0.000000,0.000000,0.000000,0,0
1054,0.932042,0.932042,0.000000,0.000000,0.000000,0.000000,0.000000,0,0
1055,0.929322,0.929322,0.000000,0.000000,0.000000,0.000000,0.000000,0,0
1056,0.901651,0.901651,0.000000,0.000000,0.000000,0.000000,0.000000,0,0
1057,0.772315,0.772315,0.000000,0.000000,0.000000,0.000000,0.000000,0,0
1058,0.869757,0.869757,0.000000,0.000000,0.000000,0.000000,0.000000,0,0
1059,0.895088,0.895088,0.000000,0.000000,0.000000,0.000000,0.000000,0,0
1060,0.927023,0.927023,0.000000,0.000000,0.000000,2.865506,0.000000,0,0
1061,0.923875,0.923875,0.000000,0.000000,0.000000,0.000000,0.000000,0,0
1062,0.899602,0.899602,0.000000,0.000000,0.000000,0.000000,0.000000,0,0
1063,0.865797,0.865797,0.000000,0.000000,0.000000,0.000000,0.000000,0,0
1064,0.913191,0.913191,0.000000,0.000000,0.000000,0.000000,0.000000,0,0
1065,0.897287,0.897287,0.000000,0.000000,0.000000,0.000000,0.000000,0,0
1066,0.874224,0.874224,0.000000,0.000000,0.000000,0.000000,0.000000,0,0
1067,0.850686,0.850686,0.000000,0.000000,0.000000,0.000000,0.000000,0,0
1068,0.874570,0.874570,0.000000,0.000000,0.000000,0.000000,0.000000,0,0
1069,0.822700,0.822700,0.000000,0.000000,0.000000,0.000000,0.000000,0,0
1070,0.844074,0.844074,0.000000,0.000000,0.000000,2.892234,0.000000,0,0
1071,0.814140,0.814140,0.000000,0.000000,0.000000,0.000000,0.000000,0,0
1072,0.786412,0.786412,0.000000,0.000000,0.000000,0.000000,0.000000,0,0
1073,0.816264,0.816264,0.000000,0.000000,0.000000,0.000000,0.000000,0,0
1074,0.874208,0.874208,0.000000,0.000000,0.000000,0.000000,0.000000,0,0
1075,0.857873,0.857873,0.000000,0.000000,0.000000,0.000000,0.000000,0,0
1076,0.805089,0.805089,0.000000,0.000000,0.000000,0.000000,0.000000,0,0
1077,0.841412,0.841412,0.000000,0.000000,0.000000,0.000000,0.000000,0,0
1078,0.839318,0.839318,0.000000,0.000000,0.000000,0.000000,0.000000,0,0
1079,0.862676,0.862676,0.000000,0.000000,0.000000,0.000000,0.000000,0,0
1080,0.871340,0.871340,0.000000,0.000000,0.000000,2.901638,0.000000,0,0
1081,0.857985,0.857985,0.000000,0.000000,0.000000,0.000000,0.000000,0,0
1082,0.781747,0.781747,0.000000,0.000000,0.000000,0.000000,0.000000,0,0
1083,0.826303,0.826303,0.000000,0.000000,0.000000,0.000000,0.000000,0,0
1084,0.801002,0.801002,0.000000,0.000000,0.000000,0.000000,0.000000,0,0
1085,0.890433,0.890433,0.000000,0.000000,0.000000,0.000000,0.000000,0,0
1086,0.832491,0.832491,0.000000,0.000000,0.000000,0.000000,0.000000,0,0
1087,0.847987,0.847987,0.000000,0.000000,0.000000,0.000000,0.000000,0,0
1088,0.866046,0.866046,0.000000,0.000000,0.000000,0.000000,0.000000,0,0
1089,0.804725,0.804725,0.000000,0.000000,0.000000,0.000000,0.000000,0,0
1090,0.904247,0.904247,0.000000,0.000000,0.000000,2.900688,0.000000,0,0
1091,0.834722,0.834722,0.000000,0.000000,0.000000,0.000000,0.000000,0,0
1092,0.912330,0.912330,0.000000,0.000000,0.000000,0.000000,0.000000,0,0
1093,0.876478,0.876478,0.000000,0.000000,0.000000,0.000000,0.000000,0,0
1094,0.849840,0.849840,0.000000,0.000000,0.000000,0.000000,0.000000,0,0
1095,0.871892,0.871892,0.000000,0.000000,0.000000,0.000000,0.000000,0,0
1096,0.832998,0.832998,0.000000,0.000000,0.000000,0.000000,0.000000,0,0
1097,0.887013,0.887013,0.000000,0.000000,0.000000,0.000000,0.000000,0,0
1098,0.835994,0.835994,0.000000,0.000000,0.000000,0.000000,0.000000,0,0
1099,0.840310,0.840310,0.000000,0.000000,0.000000,0.000000,0.000000,0,0
1100,0.823431,0.823431,0.000000,0.000000,0.000000,2.904389,0.000000,0,0
1101,0.879640,0.879640,0.000000,0.000000,0.000000,0.000000,0.000000,0,0
1102,0.762640,0.762640,0.000000,0.000000,0.000000,0.000000,0.000000,0,0
1103,0.892424,0.892424,0.000000,0.000000,0.000000,0.000000,0.000000,0,0
1104,0.833167,0.833167,0.000000,0.000000,0.000000,0.000000,0.000000,0,0
1105,0.855672,0.855672,0.000000,0.000000,0.000000,0.000000,0.000000,0,0
1106,0.895357,0.895357,0.000000,0.000000,0.000000,0.000000,0.000000,0,0
1107,0.787311,0.787311,0.000000,0.000000,0.000000,0.000000,0.000000,0,0
1108,0.865767,0.865767,0.000000,0.000000,0.000000,0.000000,0.000000,0,0
1109,0.808202,0.808202,0.000000,0.000000,0.000000,0.000000,0.000000,0,0
1110,0.896477,0.896477,0.000000,0.000000,0.000000,2.885978,0.000000,0,0
1111,0.863317,0.863317,0.000000,0.000000,0.000000,0.000000,0.000000,0,0
1112,0.792172,0.792172,0.000000,0.000000,0.000000,0.000000,0.000000,0,0
1113,0.884518,0.884518,0.000000,0.000000,0.000000,0.000000,0.000000,0,0
1114,0.794929,0.794929,0.000000,0.000000,0.000000,0.000000,0.000000,0,0
1115,0.820351,0.820351,0.000000,0.000000,0.000000,0.000000,0.000000,0,0
1116,0.875505,0.875505,0.000000,0.000000,0.000000,0.000000,0.000000,0,0
1117,0.898765,0.898765,0.000000,0.000000,0.000000,0.000000,0.000000,0,0
1118,0.838028,0.838028,0.000000,0.000000,0.000000,0.000000,0.000000,0,0
1119,0.800162,0.800162,0.000000,0.000000,0.000000,0.000000,0.000000,0,0
1120,0.907650,0.907650,0.000000,0.000000,0.000000,2.922398,0.000000,0,0
1121,0.798273,0.798273,0.000000,0.000000,0.000000,0.000000,0.000000,0,0
1122,0.890289,0.890289,0.000000,0.000000,0.000000,0.000000,0.000000,0,0
1123,0.852676,0.852676,0.000000,0.000000,0.000000,0.000000,0.000000,0,0
1124,0.868175,0.868175,0.000000,0.000000,0.000000,0.000000,0.000000,0,0
1125,0.873342,0.873342,0.000000,0.000000,0.000000,0.000000,0.000000,0,0
1126,0.797203,0.797203,0.000000,0.000000,0.000000,0.000000,0.000000,0,0
1127,0.833523,0.833523,0.000000,0.000000,0.000000,0.000000,0.000000,0,0
1128,0.891698,0.891698,0.000000,0.000000,0.000000,0.000000,0.000000,0,0
1129,0.918107,0.918107,0.000000,0.000000,0.000000,0.000000,0.000000,0,0
1130,0.832038,0.832038,0.000000,0.000000,0.000000,2.924997,0.000000,0,0
1131,0.788217,0.788217,0.000000,0.000000,0.000000,0.000000,0.000000,0,0
1132,0.860689,0.860689,0.000000,0.000000,0.000000,0.000000,0.000000,0,0
1133,0.816109,0.816109,0.000000,0.000000,0.000000,0.000000,0.000000,0,0
1134,0.822271,0.822271,0.000000,0.000000,0.000000,0.000000,0.000000,0,0
1135,0.792105,0.792105,0.000000,0.000000,0.000000,0.000000,0.000000,0,0
1136,0.875882,0.875882,0.000000,0.000000,0.000000,0.000000,0.000000,0,0
1137,0.844576,0.844576,0.000000,0.000000,0.000000,0.000000,0.000000,0,0
1138,0.812696,0.812696,0.000000,0.000000,0.000000,0.000000,0.000000,0,0
1139,0.860142,0.860142,0.000000,0.000000,0.000000,0.000000,0.000000,0,0
1140,0.830439,0.830439,0.000000,0.000000,0.000000,2.895104,0.000000,0,0
1141,0.827607,0.827607,0.000000,0.000000,0.000000,0.000000,0.000000,0,0
1142,0.786083,0.786083,0.000000,0.000000,0.000000,0.000000,0.000000,0,0
1143,0.820480,0.820480,0.000000,0.000000,0.000000,0.000000,0.000000,0,0
1144,0.832371,0.832371,0.000000,0.000000,0.000000,0.000000,0.000000,0,0
1145,0.852858,0.852858,0.000000,0.000000,0.000000,0.000000,0.000000,0,0
1146,0.880124,0.880124,0.000000,0.000000,0.000000,0.000000,0.000000,0,0
1147,0.857167,0.857167,0.000000,0.000000,0.000000,0.000000,0.000000,0,0
1148,0.822995,0.822995,0.000000,0.000000,0.000000,0.000000,0.000000,0,0
1149,0.854070,0.854070,0.000000,0.000000,0.000000,0.000000,0.000000,0,0
1150,0.851809,0.851809,0.000000,0.000000,0.000000,2.904389,0.000000,0,0
1151,0.875838,0.875838,0.000000,0.000000,0.000000,0.000000,0.000000,0,0
1152,0.870758,0.870758,0.000000,0.000000,0.000000,0.000000,0.000000,0,0
1153,0.888530,0.888530,0.000000,0.000000,0.000000,0.000000,0.000000,0,0
1154,0.809925,0.809925,0.000000,0.000000,0.000000,0.000000,0.000000,0,0
1155,0.785565,0.785565,0.000000,0.000000,0.000000,0.000000,0.000000,0,0
1156,0.882740,0.882740,0.000000,0.000000,0.000000,0.000000,0.000000,0,0
1157,0.879630,0.879630,0.000000,0.000000,0.000000,0.000000,0.000000,0,0
1158,0.815078,0.815078,0.000000,0.000000,0.000000,0.000000,0.000000,0,0
1159,0.883580,0.883580,0.000000,0.000000,0.000000,0.000000,0.000000,0,0
1160,0.826508,0.826508,0.000000,0.000000,0.000000,2.940459,0.000000,0,0
1161,0.786409,0.786409,0.000000,0.000000,0.000000,0.000000,0.000000,0,0
1162,0.987222,0.921493,0.000000,0.065729,0.000000,0.000000,0.000000,1,21
1163,1.021969,1.021969,0.000000,0.000000,0.000000,0.000000,0.000000,0,0
1164,0.911988,0.911988,0.000000,0.000000,0.000000,0.000000,0.000000,0,0
1165,0.886449,0.886449,0.000000,0.000000,0.000000,0.000000,0.000000,0,0
1166,0.967045,0.967045,0.000000,0.000000,0.000000,0.000000,0.000000,0,0
1167,0.879121,0.879121,0.000000,0.000000,0.000000,0.000000,0.000000,0,0
1168,0.911341,0.911341,0.000000,0.000000,0.000000,0.000000,0.000000,0,0
1169,0.836821,0.836821,0.000000,0.000000,0.000000,0.000000,0.000000,0,0
1170,0.806875,0.806875,0.000000,0.000000,0.000000,2.939919,0.000000,0,0
1171,0.829213,0.829213,0.000000,0.000000,0.000000,0.000000,0.000000,0,0
1172,0.860509,0.860509,0.000000,0.000000,0.000000,0.000000,0.000000,0,0
1173,0.869895,0.869895,0.000000,0.000000,0.000000,0.000000,0.000000,0,0
1174,0.874354,0.874354,0.000000,0.000000,0.000000,0.000000,0.000000,0,0
1175,0.786837,0.786837,0.000000,0.000000,0.000000,0.000000,0.000000,0,0
1176,0.847380,0.847380,0.000000,0.000000,0.000000,0.000000,0.000000,0,0
1177,0.886882,0.886882,0.000000,0.000000,0.000000,0.000000,0.000000,0,0
1178,0.861711,0.861711,0.000000,0.000000,0.000000,0.000000,0.000000,0,0
1179,0.861852,0.861852,0.000000,0.000000,0.000000,0.000000,0.000000,0,0
1180,0.842986,0.842986,0.000000,0.000000,0.000000,2.927024,0.000000,0,0
1181,0.876981,0.876981,0.000000,0.000000,0.000000,0.000000,0.000000,0,0
1182,0.865593,0.865593,0.000000,0.000000,0.000000,0.000000,0.000000,0,0
1183,0.857502,0.857502,0.000000,0.000000,0.000000,0.000000,0.000000,0,0
1184,0.813364,0.813364,0.000000,0.000000,0.000000,0.000000,0.000000,0,0
1185,0.816928,0.816928,0.000000,0.000000,0.000000,0.000000,0.000000,0,0
1186,0.811028,0.811028,0.000000,0.000000,0.000000,0.000000,0.000000,0,0
1187,0.781356,0.781356,0.000000,0.000000,0.000000,0.000000,0.000000,0,0
1188,0.810249,0.810249,0.000000,0.000000,0.000000,0.000000,0.000000,0,0
1189,1.226660,1.061461,0.000000,0.165198,0.000000,0.000000,0.000000,1,34
1190,1.231406,1.231406,0.000000,0.000000,0.000000,3.093277,0.000000,0,0
1191,1.069358,1.069358,0.000000,0.000000,0.000000,0.000000,0.000000,0,0
1192,1.031627,1.031627,0.000000,0.000000,0.000000,0.000000,0.000000,0,0
1193,1.089911,1.089911,0.000000,0.000000,0.000000,0.000000,0.000000,0,0
1194,1.052755,1.052755,0.000000,0.000000,0.000000,0.000000,0.000000,0,0
1195,0.905284,0.905284,0.000000,0.000000,0.000000,0.000000,0.000000,0,0
1196,0.946715,0.946715,0.000000,0.000000,0.000000,0.000000,0.000000,0,0
1197,0.977170,0.977170,0.000000,0.000000,0.000000,0.000000,0.000000,0,0
1198,0.930910,0.930910,0.000000,0.000000,0.000000,0.000000,0.000000,0,0
1199,0.939059,0.939059,0.000000,0.000000,0.000000,0.000000,0.000000,0,0
1200,0.882403,0.882403,0.000000,0.000000,0.000000,2.907101,0.000000,0,0
1201,0.968588,0.968588,0.000000,0.000000,0.000000,0.000000,0.000000,0,0
1202,1.278915,1.096419,0.000000,0.182496,0.000000,0.000000,0.000000,1,24
1203,1.296491,1.296491,0.000000,0.000000,0.000000,0.000000,0.000000,0,0
1204,1.108648,1.108648,0.000000,0.000000,0.000000,0.000000,0.000000,0,0
1205,1.106084,1.106084,0.000000,0.000000,0.000000,0.000000,0.000000,0,0
1206,1.060203,1.060203,0.000000,0.000000,0.000000,0.000000,0.000000,0,0
1207,0.949515,0.949515,0.000000,0.000000,0.000000,0.000000,0.000000,0,0
1208,0.988369,0.988369,0.000000,0.000000,0.000000,0.000000,0.000000,0,0
1209,1.262663,1.129495,0.000000,0.133168,0.000000,0.000000,0.000000,1,13
1210,1.419898,1.419898,0.000000,0.000000,0.000000,2.977068,0.000000,0,0
1211,1.352906,1.352906,0.000000,0.000000,0.000000,0.000000,0.000000,0,0
1212,1.642250,1.374087,0.000000,0.268163,0.000000,0.000000,0.000000,1,6
1213,1.844671,1.844671,0.000000,0.000000,0.000000,0.000000,0.000000,0,0
1214,1.727519,1.727519,0.000000,0.000000,0.000000,0.000000,0.000000,0,0
1215,2.434279,1.788735,0.000000,0.645543,0.000000,0.000000,0.000000,2,25
1216,3.561032,3.117713,0.000000,0.443320,0.000000,0.000000,0.000000,1,9
1217,2.323071,2.323071,0.000000,0.000000,0.000000,0.000000,0.000000,0,0
1218,3.285327,2.427843,0.000000,0.857484,0.000000,0.000000,0.000000,2,22
1219,2.430334,2.430334,0.000000,0.000000,0.000000,0.000000,0.000000,0,0
1220,1.935686,1.935686,0.000000,0.000000,0.000000,2.976612,0.000000,0,0
1221,1.688358,1.688358,0.000000,0.000000,0.000000,0.000000,0.000000,0,0
1222,1.466777,1.466777,0.000000,0.000000,0.000000,0.000000,0.000000,0,0
1223,1.354149,1.354149,0.000000,0.000000,0.000000,0.000000,0.000000,0,0
1224,1.345455,1.345455,0.000000,0.000000,0.000000,0.000000,0.000000,0,0
1225,1.223076,1.223076,0.000000,0.000000,0.000000,0.000000,0.000000,0,0
1226,1.325333,1.325333,0.000000,0.000000,0.000000,0.000000,0.000000,0,0
1227,1.190390,1.190390,0.000000,0.000000,0.000000,0.000000,0.000000,0,0
1228,1.139117,1.139117,0.000000,0.000000,0.000000,0.000000,0.000000,0,0
1229,1.062925,1.062925,0.000000,0.000000,0.000000,0.000000,0.000000,0,0
1230,1.845153,1.412411,0.000000,0.432742,0.000000,3.019382,0.000000,2,22
1231,1.627369,1.627369,0.000000,0.000000,0.000000,0.000000,0.000000,0,0
1232,1.353860,1.353860,0.000000,0.000000,0.000000,0.000000,0.000000,0,0
1233,1.156261,1.156261,0.000000,0.000000,0.000000,0.000000,0.000000,0,0
1234,1.205568,1.205568,0.000000,0.000000,0.000000,0.000000,0.000000,0,0
1235,1.102788,1.102788,0.000000,0.000000,0.000000,0.000000,0.000000,0,0
1236,1.544945,1.351410,0.000000,0.193535,0.000000,0.000000,0.000000,1,34
1237,1.304235,1.304235,0.000000,0.000000,0.000000,0.000000,0.000000,0,0
1238,1.189645,1.189645,0.000000,0.000000,0.000000,0.000000,0.000000,0,0
1239,1.217379,1.217379,0.000000,0.000000,0.000000,0.000000,0.000000,0,0
1240,1.107937,1.107937,0.000000,0.000000,0.000000,2.894556,0.000000,0,0
1241,1.597457,1.479654,0.000000,0.117803,0.000000,0.000000,0.000000,1,3
1242,1.708256,1.508280,0.000000,0.199976,0.000000,0.000000,0.000000,1,9
1243,1.463515,1.463515,0.000000,0.000000,0.000000,0.000000,0.000000,0,0
1244,1.418532,1.418532,0.000000,0.000000,0.000000,0.000000,0.000000,0,0
1245,1.150213,1.150213,0.000000,0.000000,0.000000,0.000000,0.000000,0,0
1246,1.080246,1.080246,0.000000,0.000000,0.000000,0.000000,0.000000,0,0
1247,1.138559,1.138559,0.000000,0.000000,0.000000,0.000000,0.000000,0,0
1248,1.096521,1.096521,0.000000,0.000000,0.000000,0.000000,0.000000,0,0
1249,1.004670,1.004670,0.000000,0.000000,0.000000,0.000000,0.000000,0,0
1250,1.190889,1.086586,0.000000,0.104303,0.000000,2.936780,0.000000,1,17
1251,1.245798,1.245798,0.000000,0.000000,0.000000,0.000000,0.000000,0,0
1252,1.139724,1.139724,0.000000,0.000000,0.000000,0.000000,0.000000,0,0
1253,2.271295,1.485193,0.000000,0.786102,0.000000,0.000000,0.000000,1,11
1254,1.402556,1.402556,0.000000,0.000000,0.000000,0.000000,0.000000,0,0
1255,1.232680,1.232680,0.000000,0.000000,0.000000,0.000000,0.000000,0,0
1256,1.150961,1.150961,0.000000,0.000000,0.000000,0.000000,0.000000,0,0
1257,1.197529,1.197529,0.000000,0.000000,0.000000,0.000000,0.000000,0,0
1258,1.078860,1.078860,0.000000,0.000000,0.000000,0.000000,0.000000,0,0
1259,1.018671,1.018671,0.000000,0.000000,0.000000,0.000000,0.000000,0,0
1260,0.999066,0.999066,0.000000,0.000000,0.000000,2.897178,0.000000,0,0
1261,1.024064,1.024064,0.000000,0.000000,0.000000,0.000000,0.000000,0,0
1262,1.020296,1.020296,0.000000,0.000000,0.000000,0.000000,0.000000,0,0
1263,0.988960,0.988960,0.000000,0.000000,0.000000,0.000000,0.000000,0,0
1264,1.008547,1.008547,0.000000,0.000000,0.000000,0.000000,0.000000,0,0
1265,1.091412,1.041513,0.000000,0.049899,0.000000,0.000000,0.000000,1,16
1266,0.976428,0.976428,0.000000,0.000000,0.000000,0.000000,0.000000,0,0
1267,1.095969,1.095969,0.000000,0.000000,0.000000,0.000000,0.000000,0,0
1268,0.936492,0.936492,0.000000,0.000000,0.000000,0.000000,0.000000,0,0
1269,1.002531,1.002531,0.000000,0.000000,0.000000,0.000000,0.000000,0,0
1270,0.965416,0.965416,0.000000,0.000000,0.000000,2.875537,0.000000,0,0
1271,0.948366,0.948366,0.000000,0.000000,0.000000,0.000000,0.000000,0,0
1272,0.899800,0.899800,0.000000,0.000000,0.000000,0.000000,0.000000,0,0
1273,0.943066,0.943066,0.000000,0.000000,0.000000,0.000000,0.000000,0,0
1274,0.923135,0.923135,0.000000,0.000000,0.000000,0.000000,0.000000,0,0
1275,0.997988,0.997988,0.000000,0.000000,0.000000,0.000000,0.000000,0,0
1276,0.913307,0.913307,0.000000,0.000000,0.000000,0.000000,0.000000,0,0
1277,0.919278,0.919278,0.000000,0.000000,0.000000,0.000000,0.000000,0,0
1278,0.920477,0.920477,0.000000,0.000000,0.000000,0.000000,0.000000,0,0
1279,0.953596,0.953596,0.000000,0.000000,0.000000,0.000000,0.000000,0,0
1280,0.869870,0.869870,0.000000,0.000000,0.000000,2.861311,0.000000,0,0
1281,0.924120,0.924120,0.000000,0.000000,0.000000,0.000000,0.000000,0,0
1282,0.927772,0.927772,0.000000,0.000000,0.000000,0.000000,0.000000,0,0
1283,0.904497,0.904497,0.000000,0.000000,0.000000,0.000000,0.000000,0,0
1284,0.916481,0.916481,0.000000,0.000000,0.000000,0.000000,0.000000,0,0
1285,0.868183,0.868183,0.000000,0.000000,0.000000,0.000000,0.000000,0,0
1286,0.901475,0.901475,0.000000,0.000000,0.000000,0.000000,0.000000,0,0
1287,0.923795,0.923795,0.000000,0.000000,0.000000,0.000000,0.000000,0,0
1288,1.086097,0.968357,0.000000,0.117740,0.000000,0.000000,0.000000,1,13
1289,0.966182,0.966182,0.000000,0.000000,0.000000,0.000000,0.000000,0,0
1290,1.009617,1.009617,0.000000,0.000000,0.000000,2.899897,0.000000,0,0
1291,0.899513,0.899513,0.000000,0.000000,0.000000,0.000000,0.000000,0,0
1292,0.957364,0.957364,0.000000,0.000000,0.000000,0.000000,0.000000,0,0
1293,0.892407,0.892407,0.000000,0.000000,0.000000,0.000000,0.000000,0,0
1294,0.979836,0.979836,0.000000,0.000000,0.000000,0.000000,0.000000,0,0
1295,0.877481,0.877481,0.000000,0.000000,0.000000,0.000000,0.000000,0,0
1296,0.902118,0.902118,0.000000,0.000000,0.000000,0.000000,0.000000,0,0
1297,0.908042,0.908042,0.000000,0.000000,0.000000,0.000000,0.000000,0,0
1298,0.931440,0.931440,0.000000,0.000000,0.000000,0.000000,0.000000,0,0
1299,0.936392,0.884958,0.000000,0.051434,0.000000,0.000000,0.000000,1,15
1300,1.002932,1.002932,0.000000,0.000000,0.000000,2.896670,0.000000,0,0
1301,0.884841,0.884841,0.000000,0.000000,0.000000,0.000000,0.000000,0,0
1302,0.949066,0.949066,0.000000,0.000000,0.000000,0.000000,0.000000,0,0
1303,0.858923,0.858923,0.000000,0.000000,0.000000,0.000000,0.000000,0,0
1304,0.846631,0.846631,0.000000,0.000000,0.000000,0.000000,0.000000,0,0
1305,1.360273,1.140353,0.000000,0.219920,0.000000,0.000000,0.000000,1,13
1306,1.550166,1.433092,0.000000,0.117074,0.000000,0.000000,0.000000,1,2
1307,1.824402,1.824402,0.000000,0.000000,0.000000,0.000000,0.000000,0,0
1308,1.693906,1.505768,0.000000,0.188138,0.000000,0.000000,0.000000,1,6
1309,1.327709,1.327709,0.000000,0.000000,0.000000,0.000000,0.000000,0,0
1310,1.544279,1.360774,0.000000,0.183505,0.000000,3.131670,0.000000,1,14
1311,1.326666,1.326666,0.000000,0.000000,0.000000,0.000000,0.000000,0,0
1312,1.280867,1.280867,0.000000,0.000000,0.000000,0.000000,0.000000,0,0
1313,1.195521,1.195521,0.000000,0.000000,0.000000,0.000000,0.000000,0,0
1314,1.087910,1.087910,0.000000,0.000000,0.000000,0.000000,0.000000,0,0
1315,1.112210,1.112210,0.000000,0.000000,0.000000,0.000000,0.000000,0,0
1316,1.117658,1.117658,0.000000,0.000000,0.000000,0.000000,0.000000,0,0
1317,1.123713,1.123713,0.000000,0.000000,0.000000,0.000000,0.000000,0,0
1318,0.986992,0.986992,0.000000,0.000000,0.000000,0.000000,0.000000,0,0
1319,0.939626,0.939626,0.000000,0.000000,0.000000,0.000000,0.000000,0,0
1320,0.946927,0.946927,0.000000,0.000000,0.000000,2.928427,0.000000,0,0
1321,0.962667,0.962667,0.000000,0.000000,0.000000,0.000000,0.000000,0,0
1322,0.930140,0.930140,0.000000,0.000000,0.000000,0.000000,0.000000,0,0
1323,0.938670,0.938670,0.000000,0.000000,0.000000,0.000000,0.000000,0,0
1324,0.948187,0.948187,0.000000,0.000000,0.000000,0.000000,0.000000,0,0
1325,0.938144,0.938144,0.000000,0.000000,0.000000,0.000000,0.000000,0,0
1326,0.985353,0.985353,0.000000,0.000000,0.000000,0.000000,0.000000,0,0
1327,0.942102,0.942102,0.000000,0.000000,0.000000,0.000000,0.000000,0,0
1328,0.957181,0.957181,0.000000,0.000000,0.000000,0.000000,0.000000,0,0
1329,0.957934,0.957934,0.000000,0.000000,0.000000,0.000000,0.000000,0,0
1330,0.895416,0.895416,0.000000,0.000000,0.000000,2.873651,0.000000,0,0
1331,0.847279,0.847279,0.000000,0.000000,0.000000,0.000000,0.000000,0,0
1332,0.790411,0.790411,0.000000,0.000000,0.000000,0.000000,0.000000,0,0
1333,0.897075,0.897075,0.000000,0.000000,0.000000,0.000000,0.000000,0,0
1334,0.891498,0.891498,0.000000,0.000000,0.000000,0.000000,0.000000,0,0
1335,0.890860,0.890860,0.000000,0.000000,0.000000,0.000000,0.000000,0,0
1336,0.862996,0.862996,0.000000,0.000000,0.000000,0.000000,0.000000,0,0
1337,0.910909,0.910909,0.000000,0.000000,0.000000,0.000000,0.000000,0,0
1338,0.940113,0.940113,0.000000,0.000000,0.000000,0.000000,0.000000,0,0
1339,0.779503,0.779503,0.000000,0.000000,0.000000,0.000000,0.000000,0,0
1340,0.820078,0.820078,0.000000,0.000000,0.000000,2.903951,0.000000,0,0
1341,0.846586,0.846586,0.000000,0.000000,0.000000,0.000000,0.000000,0,0
1342,0.888061,0.888061,0.000000,0.000000,0.000000,0.000000,0.000000,0,0
1343,0.854756,0.854756,0.000000,0.000000,0.000000,0.000000,0.000000,0,0
1344,0.822608,0.822608,0.000000,0.000000,0.000000,0.000000,0.000000,0,0
1345,0.896750,0.896750,0.000000,0.000000,0.000000,0.000000,0.000000,0,0
1346,0.788679,0.788679,0.000000,0.000000,0.000000,0.000000,0.000000,0,0
1347,0.792076,0.792076,0.000000,0.000000,0.000000,0.000000,0.000000,0,0
1348,0.954626,0.954626,0.000000,0.000000,0.000000,0.000000,0.000000,0,0
1349,0.853581,0.853581,0.000000,0.000000,0.000000,0.000000,0.000000,0,0
1350,0.828119,0.828119,0.000000,0.000000,0.000000,2.885219,0.000000,0,0
1351,0.905774,0.905774,0.000000,0.000000,0.000000,0.000000,0.000000,0,0
1352,0.829827,0.829827,0.000000,0.000000,0.000000,0.000000,0.000000,0,0
1353,0.891033,0.891033,0.000000,0.000000,0.000000,0.000000,0.000000,0,0
1354,0.828166,0.828166,0.000000,0.000000,0.000000,0.000000,0.000000,0,0
1355,0.796077,0.796077,0.000000,0.000000,0.000000,0.000000,0.000000,0,0
1356,0.833320,0.833320,0.000000,0.000000,0.000000,0.000000,0.000000,0,0
1357,0.835382,0.835382,0.000000,0.000000,0.000000,0.000000,0.000000,0,0
1358,0.806897,0.806897,0.000000,0.000000,0.000000,0.000000,0.000000,0,0
1359,0.880645,0.880645,0.000000,0.000000,0.000000,0.000000,0.000000,0,0
1360,0.928745,0.928745,0.000000,0.000000,0.000000,2.855109,0.000000,0,0
1361,0.792709,0.792709,0.000000,0.000000,0.000000,0.000000,0.000000,0,0
1362,0.897012,0.897012,0.000000,0.000000,0.000000,0.000000,0.000000,0,0
1363,0.785574,0.785574,0.000000,0.000000,0.000000,0.000000,0.000000,0,0
1364,0.798472,0.798472,0.000000,0.000000,0.000000,0.000000,0.000000,0,0
1365,0.858455,0.858455,0.000000,0.000000,0.000000,0.000000,0.000000,0,0
1366,1.011612,0.829653,0.000000,0.181959,0.000000,0.000000,0.000000,1,15
1367,1.204350,1.204350,0.000000,0.000000,0.000000,0.000000,0.000000,0,0
1368,1.075903,1.075903,0.000000,0.000000,0.000000,0.000000,0.000000,0,0
1369,0.914715,0.914715,0.000000,0.000000,0.000000,0.000000,0.000000,0,0
1370,0.867397,0.867397,0.000000,0.000000,0.000000,3.053565,0.000000,0,0
1371,0.919503,0.919503,0.000000,0.000000,0.000000,0.000000,0.000000,0,0
1372,0.892859,0.892859,0.000000,0.000000,0.000000,0.000000,0.000000,0,0
1373,0.930756,0.930756,0.000000,0.000000,0.000000,0.000000,0.000000,0,0
1374,0.809791,0.809791,0.000000,0.000000,0.000000,0.000000,0.000000,0,0
1375,0.848875,0.848875,0.000000,0.000000,0.000000,0.000000,0.000000,0,0
1376,0.842097,0.842097,0.000000,0.000000,0.000000,0.000000,0.000000,0,0
1377,0.881815,0.881815,0.000000,0.000000,0.000000,0.000000,0.000000,0,0
1378,1.102660,0.970126,0.000000,0.132534,0.000000,0.000000,0.000000,1,12
1379,1.019517,1.019517,0.000000,0.000000,0.000000,0.000000,0.000000,0,0
1380,0.970972,0.970972,0.000000,0.000000,0.000000,2.911513,0.000000,0,0
1381,0.949136,0.949136,0.000000,0.000000,0.000000,0.000000,0.000000,0,0
1382,0.883326,0.883326,0.000000,0.000000,0.000000,0.000000,0.000000,0,0
1383,0.931209,0.931209,0.000000,0.000000,0.000000,0.000000,0.000000,0,0
1384,0.932807,0.932807,0.000000,0.000000,0.000000,0.000000,0.000000,0,0
1385,0.903979,0.903979,0.000000,0.000000,0.000000,0.000000,0.000000,0,0
1386,0.844307,0.844307,0.000000,0.000000,0.000000,0.000000,0.000000,0,0
1387,0.874973,0.874973,0.000000,0.000000,0.000000,0.000000,0.000000,0,0
1388,0.809486,0.809486,0.000000,0.000000,0.000000,0.000000,0.000000,0,0
1389,0.870550,0.870550,0.000000,0.000000,0.000000,0.000000,0.000000,0,0
1390,0.865863,0.865863,0.000000,0.000000,0.000000,2.912602,0.000000,0,0
1391,0.824846,0.824846,0.000000,0.000000,0.000000,0.000000,0.000000,0,0
1392,0.774807,0.774807,0.000000,0.000000,0.000000,0.000000,0.000000,0,0
1393,1.090985,1.035630,0.000000,0.055355,0.000000,0.000000,0.000000,1,5
1394,1.071709,1.071709,0.000000,0.000000,0.000000,0.000000,0.000000,0,0
1395,1.006039,1.006039,0.000000,0.000000,0.000000,0.000000,0.000000,0,0
1396,0.871802,0.871802,0.000000,0.000000,0.000000,0.000000,0.000000,0,0
1397,0.866560,0.866560,0.000000,0.000000,0.000000,0.000000,0.000000,0,0
1398,0.876450,0.876450,0.000000,0.000000,0.000000,0.000000,0.000000,0,0
1399,0.898737,0.898737,0.000000,0.000000,0.000000,0.000000,0.000000,0,0
1400,0.908569,0.908569,0.000000,0.000000,0.000000,2.959367,0.000000,0,0
1401,0.792763,0.792763,0.000000,0.000000,0.000000,0.000000,0.000000,0,0
1402,0.801085,0.801085,0.000000,0.000000,0.000000,0.000000,0.000000,0,0
1403,0.806172,0.806172,0.000000,0.000000,0.000000,0.000000,0.000000,0,0
1404,0.897897,0.897897,0.000000,0.000000,0.000000,0.000000,0.000000,0,0
1405,0.833869,0.833869,0.000000,0.000000,0.000000,0.000000,0.000000,0,0
1406,0.905156,0.905156,0.000000,0.000000,0.000000,0.000000,0.000000,0,0
1407,0.805996,0.805996,0.000000,0.000000,0.000000,0.000000,0.000000,0,0
1408,0.886651,0.886651,0.000000,0.000000,0.000000,0.000000,0.000000,0,0
1409,0.832429,0.832429,0.000000,0.000000,0.000000,0.000000,0.000000,0,0
1410,0.783599,0.783599,0.000000,0.000000,0.000000,2.918691,0.000000,0,0
1411,0.857690,0.857690,0.000000,0.000000,0.000000,0.000000,0.000000,0,0
1412,0.874646,0.874646,0.000000,0.000000,0.000000,0.000000,0.000000,0,0
1413,0.753795,0.753795,0.000000,0.000000,0.000000,0.000000,0.000000,0,0
1414,0.833181,0.833181,0.000000,0.000000,0.000000,0.000000,0.000000,0,0
1415,0.871890,0.871890,0.000000,0.000000,0.000000,0.000000,0.000000,0,0
1416,0.794758,0.794758,0.000000,0.000000,0.000000,0.000000,0.000000,0,0
1417,0.828417,0.828417,0.000000,0.000000,0.000000,0.000000,0.000000,0,0
1418,1.036880,0.960136,0.000000,0.076745,0.000000,0.000000,0.000000,1,23
1419,0.957583,0.957583,0.000000,0.000000,0.000000,0.000000,0.000000,0,0
1420,0.911384,0.911384,0.000000,0.000000,0.000000,2.944679,0.000000,0,0
1421,0.908140,0.908140,0.000000,0.000000,0.000000,0.000000,0.000000,0,0
1422,0.863358,0.863358,0.000000,0.000000,0.000000,0.000000,0.000000,0,0
1423,0.906602,0.906602,0.000000,0.000000,0.000000,0.000000,0.000000,0,0
1424,0.835808,0.835808,0.000000,0.000000,0.000000,0.000000,0.000000,0,0
1425,0.787925,0.787925,0.000000,0.000000,0.000000,0.000000,0.000000,0,0
1426,0.835563,0.835563,0.000000,0.000000,0.000000,0.000000,0.000000,0,0
1427,0.820731,0.820731,0.000000,0.000000,0.000000,0.000000,0.000000,0,0
1428,0.797663,0.797663,0.000000,0.000000,0.000000,0.000000,0.000000,0,0
1429,0.884431,0.884431,0.000000,0.000000,0.000000,0.000000,0.000000,0,0
1430,0.820070,0.820070,0.000000,0.000000,0.000000,2.926211,0.000000,0,0
1431,0.761852,0.761852,0.000000,0.000000,0.000000,0.000000,0.000000,0,0
1432,0.814649,0.814649,0.000000,0.000000,0.000000,0.000000,0.000000,0,0
1433,0.825378,0.825378,0.000000,0.000000,0.000000,0.000000,0.000000,0,0
1434,0.816741,0.816741,0.000000,0.000000,0.000000,0.000000,0.000000,0,0
1435,0.764562,0.764562,0.000000,0.000000,0.000000,0.000000,0.000000,0,0
1436,0.809154,0.809154,0.000000,0.000000,0.000000,0.000000,0.000000,0,0
1437,0.813371,0.813371,0.000000,0.000000,0.000000,0.000000,0.000000,0,0
1438,0.753386,0.753386,0.000000,0.000000,0.000000,0.000000,0.000000,0,0
1439,0.829953,0.829953,0.000000,0.000000,0.000000,0.000000,0.000000,0,0
1440,0.808780,0.808780,0.000000,0.000000,0.000000,2.956434,0.000000,0,0
1441,0.777216,0.777216,0.000000,0.000000,0.000000,0.000000,0.000000,0,0
1442,0.796030,0.796030,0.000000,0.000000,0.000000,0.000000,0.000000,0,0
1443,0.779553,0.779553,0.000000,0.000000,0.000000,0.000000,0.000000,0,0
1444,0.818910,0.818910,0.000000,0.000000,0.000000,0.000000,0.000000,0,0
1445,0.795356,0.795356,0.000000,0.000000,0.000000,0.000000,0.000000,0,0
1446,0.771590,0.771590,0.000000,0.000000,0.000000,0.000000,0.000000,0,0
1447,0.782682,0.782682,0.000000,0.000000,0.000000,0.000000,0.000000,0,0
1448,0.815524,0.815524,0.000000,0.000000,0.000000,0.000000,0.000000,0,0
1449,0.795306,0.795306,0.000000,0.000000,0.000000,0.000000,0.000000,0,0
1450,1.007117,0.890573,0.000000,0.116545,0.000000,2.946590,0.000000,1,19
1451,0.952267,0.952267,0.000000,0.000000,0.000000,0.000000,0.000000,0,0
1452,0.928218,0.928218,0.000000,0.000000,0.000000,0.000000,0.000000,0,0
1453,0.850372,0.850372,0.000000,0.000000,0.000000,0.000000,0.000000,0,0
1454,0.891894,0.891894,0.000000,0.000000,0.000000,0.000000,0.000000,0,0
1455,0.848613,0.848613,0.000000,0.000000,0.000000,0.000000,0.000000,0,0
1456,0.814503,0.814503,0.000000,0.000000,0.000000,0.000000,0.000000,0,0
1457,0.822411,0.822411,0.000000,0.000000,0.000000,0.000000,0.000000,0,0
1458,0.797890,0.797890,0.000000,0.000000,0.000000,0.000000,0.000000,0,0
1459,0.832704,0.832704,0.000000,0.000000,0.000000,0.000000,0.000000,0,0
1460,0.760458,0.760458,0.000000,0.000000,0.000000,2.941226,0.000000,0,0
1461,0.804679,0.804679,0.000000,0.000000,0.000000,0.000000,0.000000,0,0
1462,0.792305,0.792305,0.000000,0.000000,0.000000,0.000000,0.000000,0,0
1463,0.777873,0.777873,0.000000,0.000000,0.000000,0.000000,0.000000,0,0
1464,0.836685,0.836685,0.000000,0.000000,0.000000,0.000000,0.000000,0,0
1465,0.774063,0.774063,0.000000,0.000000,0.000000,0.000000,0.000000,0,0
1466,0.745005,0.745005,0.000000,0.000000,0.000000,0.000000,0.000000,0,0
1467,0.797300,0.797300,0.000000,0.000000,0.000000,0.000000,0.000000,0,0
1468,0.825347,0.825347,0.000000,0.000000,0.000000,0.000000,0.000000,0,0
1469,0.792459,0.792459,0.000000,0.000000,0.000000,0.000000,0.000000,0,0
1470,0.783879,0.783879,0.000000,0.000000,0.000000,2.923622,0.000000,0,0
1471,0.750844,0.750844,0.000000,0.000000,0.000000,0.000000,0.000000,0,0
1472,0.790414,0.790414,0.000000,0.000000,0.000000,0.000000,0.000000,0,0
1473,0.841600,0.841600,0.000000,0.000000,0.000000,0.000000,0.000000,0,0
1474,0.810977,0.810977,0.000000,0.000000,0.000000,0.000000,0.000000,0,0
1475,0.741661,0.741661,0.000000,0.000000,0.000000,0.000000,0.000000,0,0
1476,0.766949,0.766949,0.000000,0.000000,0.000000,0.000000,0.000000,0,0
1477,0.759342,0.759342,0.000000,0.000000,0.000000,0.000000,0.000000,0,0
1478,0.812825,0.812825,0.000000,0.000000,0.000000,0.000000,0.000000,0,0
1479,0.815991,0.761515,0.000000,0.054476,0.000000,0.000000,0.000000,1,9
1480,1.027950,1.027950,0.000000,0.000000,0.000000,2.925993,0.000000,0,0
1481,0.934068,0.934068,0.000000,0.000000,0.000000,0.000000,0.000000,0,0
1482,1.189684,1.033631,0.000000,0.156053,0.000000,0.000000,0.000000,1,9
1483,1.229297,1.229297,0.000000,0.000000,0.000000,0.000000,0.000000,0,0
1484,1.116263,1.116263,0.000000,0.000000,0.000000,0.000000,0.000000,0,0
1485,0.950074,0.950074,0.000000,0.000000,0.000000,0.000000,0.000000,0,0
1486,0.965709,0.965709,0.000000,0.000000,0.000000,0.000000,0.000000,0,0
1487,0.819904,0.819904,0.000000,0.000000,0.000000,0.000000,0.000000,0,0
1488,0.828333,0.828333,0.000000,0.000000,0.000000,0.000000,0.000000,0,0
1489,0.841495,0.841495,0.000000,0.000000,0.000000,0.000000,0.000000,0,0
1490,0.958312,0.958312,0.000000,0.000000,0.000000,2.959606,0.000000,0,0
1491,0.772922,0.772922,0.000000,0.000000,0.000000,0.000000,0.000000,0,0
1492,0.777267,0.777267,0.000000,0.000000,0.000000,0.000000,0.000000,0,0
1493,0.819586,0.819586,0.000000,0.000000,0.000000,0.000000,0.000000,0,0
1494,0.948494,0.824840,0.000000,0.123654,0.000000,0.000000,0.000000,1,10
1495,0.990852,0.990852,0.000000,0.000000,0.000000,0.000000,0.000000,0,0
1496,0.954885,0.954885,0.000000,0.000000,0.000000,0.000000,0.000000,0,0
1497,0.859986,0.859986,0.000000,0.000000,0.000000,0.000000,0.000000,0,0
1498,0.904665,0.904665,0.000000,0.000000,0.000000,0.000000,0.000000,0,0
1499,0.803928,0.803928,0.000000,0.000000,0.000000,0.000000,0.000000,0,0
1500,1.141986,0.936696,0.000000,0.205290,0.000000,3.037924,0.000000,1,13
1501,1.057280,1.057280,0.000000,0.000000,0.000000,0.000000,0.000000,0,0
1502,1.026220,1.026220,0.000000,0.000000,0.000000,0.000000,0.000000,0,0
1503,1.008470,1.008470,0.000000,0.000000,0.000000,0.000000,0.000000,0,0
1504,0.994064,0.994064,0.000000,0.000000,0.000000,0.000000,0.000000,0,0
1505,0.874288,0.874288,0.000000,0.000000,0.000000,0.000000,0.000000,0,0
1506,0.883382,0.883382,0.000000,0.000000,0.000000,0.000000,0.000000,0,0
1507,0.940131,0.940131,0.000000,0.000000,0.000000,0.000000,0.000000,0,0
1508,0.791109,0.791109,0.000000,0.000000,0.000000,0.000000,0.000000,0,0
1509,0.845378,0.845378,0.000000,0.000000,0.000000,0.000000,0.000000,0,0
1510,0.896545,0.896545,0.000000,0.000000,0.000000,2.977009,0.000000,0,0
1511,0.848302,0.848302,0.000000,0.000000,0.000000,0.000000,0.000000,0,0
1512,0.881369,0.881369,0.000000,0.000000,0.000000,0.000000,0.000000,0,0
1513,0.813448,0.813448,0.000000,0.000000,0.000000,0.000000,0.000000,0,0
1514,0.789505,0.789505,0.000000,0.000000,0.000000,0.000000,0.000000,0,0
1515,0.849107,0.849107,0.000000,0.000000,0.000000,0.000000,0.000000,0,0
1516,0.809679,0.809679,0.000000,0.000000,0.000000,0.000000,0.000000,0,0
1517,0.778628,0.778628,0.000000,0.000000,0.000000,0.000000,0.000000,0,0
1518,0.775892,0.775892,0.000000,0.000000,0.000000,0.000000,0.000000,0,0
1519,0.804530,0.804530,0.000000,0.000000,0.000000,0.000000,0.000000,0,0
1520,0.786323,0.786323,0.000000,0.000000,0.000000,2.942066,0.000000,0,0
1521,0.735628,0.735628,0.000000,0.000000,0.000000,0.000000,0.000000,0,0
1522,0.710012,0.710012,0.000000,0.000000,0.000000,0.000000,0.000000,0,0
1523,0.748479,0.748479,0.000000,0.000000,0.000000,0.000000,0.000000,0,0
1524,0.773444,0.773444,0.000000,0.000000,0.000000,0.000000,0.000000,0,0
1525,0.786215,0.786215,0.000000,0.000000,0.000000,0.000000,0.000000,0,0
1526,0.797528,0.797528,0.000000,0.000000,0.000000,0.000000,0.000000,0,0
1527,0.786169,0.786169,0.000000,0.000000,0.000000,0.000000,0.000000,0,0
1528,0.776921,0.776921,0.000000,0.000000,0.000000,0.000000,0.000000,0,0
1529,0.802583,0.802583,0.000000,0.000000,0.000000,0.000000,0.000000,0,0
1530,0.792455,0.792455,0.000000,0.000000,0.000000,2.961106,0.000000,0,0
1531,0.835415,0.835415,0.000000,0.000000,0.000000,0.000000,0.000000,0,0
1532,0.738665,0.738665,0.000000,0.000000,0.000000,0.000000,0.000000,0,0
1533,0.832558,0.832558,0.000000,0.000000,0.000000,0.000000,0.000000,0,0
1534,0.754432,0.754432,0.000000,0.000000,0.000000,0.000000,0.000000,0,0
1535,0.766325,0.766325,0.000000,0.000000,0.000000,0.000000,0.000000,0,0
1536,0.802240,0.802240,0.000000,0.000000,0.000000,0.000000,0.000000,0,0
1537,0.753503,0.753503,0.000000,0.000000,0.000000,0.000000,0.000000,0,0
1538,0.790118,0.790118,0.000000,0.000000,0.000000,0.000000,0.000000,0,0
1539,0.700999,0.700999,0.000000,0.000000,0.000000,0.000000,0.000000,0,0
1540,0.792890,0.792890,0.000000,0.000000,0.000000,2.979860,0.000000,0,0
1541,0.741612,0.741612,0.000000,0.000000,0.000000,0.000000,0.000000,0,0
1542,0.751027,0.751027,0.000000,0.000000,0.000000,0.000000,0.000000,0,0
1543,0.718355,0.718355,0.000000,0.000000,0.000000,0.000000,0.000000,0,0
1544,0.852771,0.852771,0.000000,0.000000,0.000000,0.000000,0.000000,0,0
1545,0.777707,0.777707,0.000000,0.000000,0.000000,0.000000,0.000000,0,0
1546,0.771686,0.771686,0.000000,0.000000,0.000000,0.000000,0.000000,0,0
1547,0.803478,0.803478,0.000000,0.000000,0.000000,0.000000,0.000000,0,0
1548,0.794145,0.794145,0.000000,0.000000,0.000000,0.000000,0.000000,0,0
1549,0.760778,0.760778,0.000000,0.000000,0.000000,0.000000,0.000000,0,0
1550,0.774596,0.774596,0.000000,0.000000,0.000000,2.965533,0.000000,0,0
1551,0.752340,0.752340,0.000000,0.000000,0.000000,0.000000,0.000000,0,0
1552,0.782339,0.782339,0.000000,0.000000,0.000000,0.000000,0.000000,0,0
1553,0.765285,0.752991,0.000000,0.012294,0.000000,0.000000,0.000000,1,2
1554,0.933255,0.933255,0.000000,0.000000,0.000000,0.000000,0.000000,0,0
1555,0.836043,0.836043,0.000000,0.000000,0.000000,0.000000,0.000000,0,0
1556,0.864933,0.864933,0.000000,0.000000,0.000000,0.000000,0.000000,0,0
1557,0.993535,0.773114,0.000000,0.220421,0.000000,0.000000,0.000000,1,7
1558,1.538777,1.332142,0.000000,0.206634,0.000000,0.000000,0.000000,1,9
1559,1.227720,1.227720,0.000000,0.000000,0.000000,0.000000,0.000000,0,0
1560,1.090068,1.090068,0.000000,0.000000,0.000000,3.019969,0.000000,0,0
1561,1.036773,1.036773,0.000000,0.000000,0.000000,0.000000,0.000000,0,0
1562,1.002055,1.002055,0.000000,0.000000,0.000000,0.000000,0.000000,0,0
1563,0.884643,0.884643,0.000000,0.000000,0.000000,0.000000,0.000000,0,0
1564,0.847363,0.847363,0.000000,0.000000,0.000000,0.000000,0.000000,0,0
1565,0.888513,0.888513,0.000000,0.000000,0.000000,0.000000,0.000000,0,0
1566,0.882745,0.882745,0.000000,0.000000,0.000000,0.000000,0.000000,0,0
1567,1.033841,0.916480,0.000000,0.117361,0.000000,0.000000,0.000000,1,8
1568,1.089845,1.089845,0.000000,0.000000,0.000000,0.000000,0.000000,0,0
1569,1.071137,1.071137,0.000000,0.000000,0.000000,0.000000,0.000000,0,0
1570,1.039183,1.039183,0.000000,0.000000,0.000000,2.988043,0.000000,0,0
1571,0.970360,0.970360,0.000000,0.000000,0.000000,0.000000,0.000000,0,0
1572,0.865637,0.865637,0.000000,0.000000,0.000000,0.000000,0.000000,0,0
1573,0.818584,0.818584,0.000000,0.000000,0.000000,0.000000,0.000000,0,0
1574,0.831463,0.831463,0.000000,0.000000,0.000000,0.000000,0.000000,0,0
1575,0.863691,0.863691,0.000000,0.000000,0.000000,0.000000,0.000000,0,0
1576,0.889567,0.889567,0.000000,0.000000,0.000000,0.000000,0.000000,0,0
1577,0.856010,0.856010,0.000000,0.000000,0.000000,0.000000,0.000000,0,0
1578,0.803627,0.803627,0.000000,0.000000,0.000000,0.000000,0.000000,0,0
1579,0.869450,0.869450,0.000000,0.000000,0.000000,0.000000,0.000000,0,0
1580,0.749258,0.749258,0.000000,0.000000,0.000000,2.982848,0.000000,0,0
1581,0.772571,0.772571,0.000000,0.000000,0.000000,0.000000,0.000000,0,0
1582,0.783928,0.783928,0.000000,0.000000,0.000000,0.000000,0.000000,0,0
1583,0.857565,0.857565,0.000000,0.000000,0.000000,0.000000,0.000000,0,0
1584,0.854858,0.854858,0.000000,0.000000,0.000000,0.000000,0.000000,0,0
1585,0.831155,0.831155,0.000000,0.000000,0.000000,0.000000,0.000000,0,0
1586,1.330229,1.240419,0.000000,0.089811,0.000000,0.000000,0.000000,2,2
1587,1.605327,1.605327,0.000000,0.000000,0.000000,0.000000,0.000000,0,0
1588,1.368604,1.368604,0.000000,0.000000,0.000000,0.000000,0.000000,0,0
1589,1.241093,1.241093,0.000000,0.000000,0.000000,0.000000,0.000000,0,0
1590,1.079438,1.079438,0.000000,0.000000,0.000000,2.985536,0.000000,0,0
1591,1.004099,1.004099,0.000000,0.000000,0.000000,0.000000,0.000000,0,0
1592,0.936053,0.936053,0.000000,0.000000,0.000000,0.000000,0.000000,0,0
1593,0.957730,0.957730,0.000000,0.000000,0.000000,0.000000,0.000000,0,0
1594,0.970200,0.970200,0.000000,0.000000,0.000000,0.000000,0.000000,0,0
1595,0.869358,0.869358,0.000000,0.000000,0.000000,0.000000,0.000000,0,0
1596,0.906639,0.906639,0.000000,0.000000,0.000000,0.000000,0.000000,0,0
1597,0.896310,0.896310,0.000000,0.000000,0.000000,0.000000,0.000000,0,0
1598,0.901240,0.901240,0.000000,0.000000,0.000000,0.000000,0.000000,0,0
1599,0.826691,0.826691,0.000000,0.000000,0.000000,0.000000,0.000000,0,0
1600,0.919680,0.919680,0.000000,0.000000,0.000000,2.999205,0.000000,0,0
1601,0.778604,0.778604,0.000000,0.000000,0.000000,0.000000,0.000000,0,0
1602,0.867684,0.867684,0.000000,0.000000,0.000000,0.000000,0.000000,0,0
1603,0.825330,0.825330,0.000000,0.000000,0.000000,0.000000,0.000000,0,0
1604,0.776186,0.776186,0.000000,0.000000,0.000000,0.000000,0.000000,0,0
1605,0.794974,0.794974,0.000000,0.000000,0.000000,0.000000,0.000000,0,0
1606,0.806987,0.806987,0.000000,0.000000,0.000000,0.000000,0.000000,0,0
1607,0.765336,0.765336,0.000000,0.000000,0.000000,0.000000,0.000000,0,0
1608,0.852055,0.852055,0.000000,0.000000,0.000000,0.000000,0.000000,0,0
1609,0.853445,0.853445,0.000000,0.000000,0.000000,0.000000,0.000000,0,0
1610,0.784772,0.784772,0.000000,0.000000,0.000000,3.040092,0.000000,0,0
1611,0.840491,0.840491,0.000000,0.000000,0.000000,0.000000,0.000000,0,0
1612,1.141719,0.949787,0.000000,0.191932,0.000000,0.000000,0.000000,1,6
1613,1.118251,1.118251,0.000000,0.000000,0.000000,0.000000,0.000000,0,0
1614,0.946547,0.946547,0.000000,0.000000,0.000000,0.000000,0.000000,0,0
1615,0.839897,0.839897,0.000000,0.000000,0.000000,0.000000,0.000000,0,0
1616,0.889560,0.889560,0.000000,0.000000,0.000000,0.000000,0.000000,0,0
1617,0.854420,0.854420,0.000000,0.000000,0.000000,0.000000,0.000000,0,0
1618,0.893375,0.893375,0.000000,0.000000,0.000000,0.000000,0.000000,0,0
1619,0.791419,0.791419,0.000000,0.000000,0.000000,0.000000,0.000000,0,0
1620,0.840058,0.840058,0.000000,0.000000,0.000000,2.977129,0.000000,0,0
1621,0.881954,0.881954,0.000000,0.000000,0.000000,0.000000,0.000000,0,0
1622,0.801721,0.801721,0.000000,0.000000,0.000000,0.000000,0.000000,0,0
1623,0.755601,0.755601,0.000000,0.000000,0.000000,0.000000,0.000000,0,0
1624,0.807277,0.807277,0.000000,0.000000,0.000000,0.000000,0.000000,0,0
1625,0.829177,0.829177,0.000000,0.000000,0.000000,0.000000,0.000000,0,0
1626,0.963661,0.927991,0.000000,0.035670,0.000000,0.000000,0.000000,1,14
1627,0.895132,0.895132,0.000000,0.000000,0.000000,0.000000,0.000000,0,0
1628,0.836589,0.836589,0.000000,0.000000,0.000000,0.000000,0.000000,0,0
1629,0.830069,0.830069,0.000000,0.000000,0.000000,0.000000,0.000000,0,0
1630,0.818172,0.818172,0.000000,0.000000,0.000000,2.960212,0.000000,0,0
1631,0.826892,0.826892,0.000000,0.000000,0.000000,0.000000,0.000000,0,0
1632,0.790175,0.790175,0.000000,0.000000,0.000000,0.000000,0.000000,0,0
1633,0.806554,0.806554,0.000000,0.000000,0.000000,0.000000,0.000000,0,0
1634,0.846156,0.846156,0.000000,0.000000,0.000000,0.000000,0.000000,0,0
1635,0.824827,0.824827,0.000000,0.000000,0.000000,0.000000,0.000000,0,0
1636,0.790642,0.790642,0.000000,0.000000,0.000000,0.000000,0.000000,0,0
1637,0.819450,0.819450,0.000000,0.000000,0.000000,0.000000,0.000000,0,0
1638,0.776705,0.776705,0.000000,0.000000,0.000000,0.000000,0.000000,0,0
1639,0.760771,0.760771,0.000000,0.000000,0.000000,0.000000,0.000000,0,0
1640,0.772447,0.772447,0.000000,0.000000,0.000000,2.973577,0.000000,0,0
1641,0.813730,0.813730,0.000000,0.000000,0.000000,0.000000,0.000000,0,0
1642,0.791429,0.791429,0.000000,0.000000,0.000000,0.000000,0.000000,0,0
1643,0.788717,0.788717,0.000000,0.000000,0.000000,0.000000,0.000000,0,0
1644,0.778651,0.746008,0.000000,0.032643,0.000000,0.000000,0.000000,1,15
1645,0.838497,0.838497,0.000000,0.000000,0.000000,0.000000,0.000000,0,0
1646,0.907263,0.907263,0.000000,0.000000,0.000000,0.000000,0.000000,0,0
1647,0.772412,0.772412,0.000000,0.000000,0.000000,0.000000,0.000000,0,0
1648,0.787040,0.787040,0.000000,0.000000,0.000000,0.000000,0.000000,0,0
1649,0.832700,0.832700,0.000000,0.000000,0.000000,0.000000,0.000000,0,0
1650,0.726693,0.726693,0.000000,0.000000,0.000000,2.963721,0.000000,0,0
1651,0.829459,0.829459,0.000000,0.000000,0.000000,0.000000,0.000000,0,0
1652,0.866684,0.866684,0.000000,0.000000,0.000000,0.000000,0.000000,0,0
1653,0.768827,0.768827,0.000000,0.000000,0.000000,0.000000,0.000000,0,0
1654,0.821260,0.821260,0.000000,0.000000,0.000000,0.000000,0.000000,0,0
1655,0.776538,0.776538,0.000000,0.000000,0.000000,0.000000,0.000000,0,0
1656,0.834182,0.834182,0.000000,0.000000,0.000000,0.000000,0.000000,0,0
1657,0.729446,0.729446,0.000000,0.000000,0.000000,0.000000,0.000000,0,0
1658,0.763652,0.763652,0.000000,0.000000,0.000000,0.000000,0.000000,0,0
1659,0.792420,0.792420,0.000000,0.000000,0.000000,0.000000,0.000000,0,0
1660,0.797552,0.797552,0.000000,0.000000,0.000000,2.954370,0.000000,0,0
1661,0.781142,0.781142,0.000000,0.000000,0.000000,0.000000,0.000000,0,0
1662,0.761787,0.761787,0.000000,0.000000,0.000000,0.000000,0.000000,0,0
1663,0.740511,0.740511,0.000000,0.000000,0.000000,0.000000,0.000000,0,0
1664,0.806612,0.806612,0.000000,0.000000,0.000000,0.000000,0.000000,0,0
1665,0.817363,0.817363,0.000000,0.000000,0.000000,0.000000,0.000000,0,0
1666,0.741609,0.741609,0.000000,0.000000,0.000000,0.000000,0.000000,0,0
1667,0.752837,0.752837,0.000000,0.000000,0.000000,0.000000,0.000000,0,0
1668,0.938439,0.793487,0.000000,0.144953,0.000000,0.000000,0.000000,1,9
1669,0.980974,0.980974,0.000000,0.000000,0.000000,0.000000,0.000000,0,0
1670,0.977607,0.977607,0.000000,0.000000,0.000000,2.994466,0.000000,0,0
1671,0.852208,0.852208,0.000000,0.000000,0.000000,0.000000,0.000000,0,0
1672,0.865933,0.865933,0.000000,0.000000,0.000000,0.000000,0.000000,0,0
1673,0.869080,0.869080,0.000000,0.000000,0.000000,0.000000,0.000000,0,0
1674,0.867874,0.867874,0.000000,0.000000,0.000000,0.000000,0.000000,0,0
1675,1.133136,1.032158,0.000000,0.100978,0.000000,0.000000,0.000000,1,8
1676,0.962458,0.962458,0.000000,0.000000,0.000000,0.000000,0.000000,0,0
1677,1.015309,1.015309,0.000000,0.000000,0.000000,0.000000,0.000000,0,0
1678,1.099275,0.970209,0.000000,0.129066,0.000000,0.000000,0.000000,1,16
1679,1.032764,1.032764,0.000000,0.000000,0.000000,0.000000,0.000000,0,0
1680,0.966627,0.966627,0.000000,0.000000,0.000000,2.982989,0.000000,0,0
1681,0.908460,0.908460,0.000000,0.000000,0.000000,0.000000,0.000000,0,0
1682,0.871143,0.871143,0.000000,0.000000,0.000000,0.000000,0.000000,0,0
1683,0.823924,0.823924,0.000000,0.000000,0.000000,0.000000,0.000000,0,0
1684,0.820155,0.820155,0.000000,0.000000,0.000000,0.000000,0.000000,0,0
1685,0.768711,0.768711,0.000000,0.000000,0.000000,0.000000,0.000000,0,0
1686,0.853544,0.853544,0.000000,0.000000,0.000000,0.000000,0.000000,0,0
1687,0.799840,0.799840,0.000000,0.000000,0.000000,0.000000,0.000000,0,0
1688,0.932955,0.805702,0.000000,0.127253,0.000000,0.000000,0.000000,1,17
1689,0.831395,0.831395,0.000000,0.000000,0.000000,0.000000,0.000000,0,0
1690,0.901420,0.901420,0.000000,0.000000,0.000000,3.079681,0.000000,0,0
1691,0.903442,0.903442,0.000000,0.000000,0.000000,0.000000,0.000000,0,0
1692,0.815012,0.815012,0.000000,0.000000,0.000000,0.000000,0.000000,0,0
1693,0.802065,0.802065,0.000000,0.000000,0.000000,0.000000,0.000000,0,0
1694,0.797382,0.797382,0.000000,0.000000,0.000000,0.000000,0.000000,0,0
1695,0.950366,0.899448,0.000000,0.050919,0.000000,0.000000,0.000000,1,11
1696,0.913636,0.913636,0.000000,0.000000,0.000000,0.000000,0.000000,0,0
1697,0.855988,0.855988,0.000000,0.000000,0.000000,0.000000,0.000000,0,0
1698,0.938597,0.938597,0.000000,0.000000,0.000000,0.000000,0.000000,0,0
1699,0.803290,0.803290,0.000000,0.000000,0.000000,0.000000,0.000000,0,0
1700,0.771870,0.771870,0.000000,0.000000,0.000000,2.976915,0.000000,0,0
1701,0.774866,0.774866,0.000000,0.000000,0.000000,0.000000,0.000000,0,0
1702,0.841763,0.841763,0.000000,0.000000,0.000000,0.000000,0.000000,0,0
1703,0.842090,0.842090,0.000000,0.000000,0.000000,0.000000,0.000000,0,0
1704,0.882036,0.882036,0.000000,0.000000,0.000000,0.000000,0.000000,0,0
1705,0.817226,0.817226,0.000000,0.000000,0.000000,0.000000,0.000000,0,0
1706,0.823882,0.823882,0.000000,0.000000,0.000000,0.000000,0.000000,0,0
1707,0.839974,0.839974,0.000000,0.000000,0.000000,0.000000,0.000000,0,0
1708,0.850598,0.850598,0.000000,0.000000,0.000000,0.000000,0.000000,0,0
1709,0.849191,0.849191,0.000000,0.000000,0.000000,0.000000,0.000000,0,0
1710,0.688810,0.688810,0.000000,0.000000,0.000000,3.027658,0.000000,0,0
1711,0.764842,0.764842,0.000000,0.000000,0.000000,0.000000,0.000000,0,0
1712,0.731334,0.731334,0.000000,0.000000,0.000000,0.000000,0.000000,0,0
1713,0.806024,0.806024,0.000000,0.000000,0.000000,0.000000,0.000000,0,0
1714,0.751098,0.751098,0.000000,0.000000,0.000000,0.000000,0.000000,0,0
1715,0.701909,0.701909,0.000000,0.000000,0.000000,0.000000,0.000000,0,0
1716,0.764867,0.764867,0.000000,0.000000,0.000000,0.000000,0.000000,0,0
1717,0.777037,0.777037,0.000000,0.000000,0.000000,0.000000,0.000000,0,0
1718,0.777956,0.777956,0.000000,0.000000,0.000000,0.000000,0.000000,0,0
1719,0.741030,0.741030,0.000000,0.000000,0.000000,0.000000,0.000000,0,0
1720,0.780221,0.728675,0.000000,0.051546,0.000000,3.052099,0.000000,1,7
1721,0.899742,0.899742,0.000000,0.000000,0.000000,0.000000,0.000000,0,0
1722,0.906572,0.906572,0.000000,0.000000,0.000000,0.000000,0.000000,0,0
1723,0.852997,0.852997,0.000000,0.000000,0.000000,0.000000,0.000000,0,0
1724,0.889920,0.889920,0.000000,0.000000,0.000000,0.000000,0.000000,0,0
1725,0.852507,0.852507,0.000000,0.000000,0.000000,0.000000,0.000000,0,0
1726,0.824672,0.824672,0.000000,0.000000,0.000000,0.000000,0.000000,0,0
1727,0.812091,0.812091,0.000000,0.000000,0.000000,0.000000,0.000000,0,0
1728,0.773897,0.773897,0.000000,0.000000,0.000000,0.000000,0.000000,0,0
1729,0.789885,0.789885,0.000000,0.000000,0.000000,0.000000,0.000000,0,0
1730,0.738095,0.738095,0.000000,0.000000,0.000000,2.993145,0.000000,0,0
1731,0.773197,0.773197,0.000000,0.000000,0.000000,0.000000,0.000000,0,0
1732,0.943044,0.813719,0.000000,0.129325,0.000000,0.000000,0.000000,1,5
1733,1.057826,1.057826,0.000000,0.000000,0.000000,0.000000,0.000000,0,0
1734,0.966835,0.966835,0.000000,0.000000,0.000000,0.000000,0.000000,0,0
1735,0.946196,0.946196,0.000000,0.000000,0.000000,0.000000,0.000000,0,0
1736,0.969999,0.969999,0.000000,0.000000,0.000000,0.000000,0.000000,0,0
1737,0.900594,0.900594,0.000000,0.000000,0.000000,0.000000,0.000000,0,0
1738,0.816588,0.816588,0.000000,0.000000,0.000000,0.000000,0.000000,0,0
1739,0.869794,0.869794,0.000000,0.000000,0.000000,0.000000,0.000000,0,0
1740,0.779572,0.779572,0.000000,0.000000,0.000000,3.002720,0.000000,0,0
1741,0.913369,0.871175,0.000000,0.042194,0.000000,0.000000,0.000000,1,7
1742,0.917852,0.917852,0.000000,0.000000,0.000000,0.000000,0.000000,0,0
1743,0.915514,0.915514,0.000000,0.000000,0.000000,0.000000,0.000000,0,0
1744,0.860291,0.860291,0.000000,0.000000,0.000000,0.000000,0.000000,0,0
1745,0.845959,0.845959,0.000000,0.000000,0.000000,0.000000,0.000000,0,0
1746,0.820314,0.820314,0.000000,0.000000,0.000000,0.000000,0.000000,0,0
1747,0.935567,0.836967,0.000000,0.098599,0.000000,0.000000,0.000000,1,12
1748,1.096793,0.964982,0.000000,0.131811,0.000000,0.000000,0.000000,1,25
1749,1.116879,1.116879,0.000000,0.000000,0.000000,0.000000,0.000000,0,0
1750,1.040612,1.040612,0.000000,0.000000,0.000000,3.090466,0.000000,0,0
1751,0.998072,0.998072,0.000000,0.000000,0.000000,0.000000,0.000000,0,0
1752,0.892238,0.892238,0.000000,0.000000,0.000000,0.000000,0.000000,0,0
1753,0.873388,0.849650,0.000000,0.023738,0.000000,0.000000,0.000000,1,8
1754,0.885106,0.885106,0.000000,0.000000,0.000000,0.000000,0.000000,0,0
1755,0.860268,0.860268,0.000000,0.000000,0.000000,0.000000,0.000000,0,0
1756,0.890029,0.890029,0.000000,0.000000,0.000000,0.000000,0.000000,0,0
1757,0.872234,0.872234,0.000000,0.000000,0.000000,0.000000,0.000000,0,0
1758,0.799969,0.799969,0.000000,0.000000,0.000000,0.000000,0.000000,0,0
1759,0.883774,0.883774,0.000000,0.000000,0.000000,0.000000,0.000000,0,0
1760,0.957501,0.815688,0.000000,0.141813,0.000000,3.000074,0.000000,1,19
1761,0.961336,0.961336,0.000000,0.000000,0.000000,0.000000,0.000000,0,0
1762,0.962835,0.962835,0.000000,0.000000,0.000000,0.000000,0.000000,0,0
1763,0.985017,0.985017,0.000000,0.000000,0.000000,0.000000,0.000000,0,0
1764,0.839972,0.839972,0.000000,0.000000,0.000000,0.000000,0.000000,0,0
1765,2.521846,1.326263,0.000000,1.195584,0.000000,0.000000,0.000000,1,4
1766,1.276541,1.276541,0.000000,0.000000,0.000000,0.000000,0.000000,0,0
1767,1.091647,1.091647,0.000000,0.000000,0.000000,0.000000,0.000000,0,0
1768,0.993492,0.993492,0.000000,0.000000,0.000000,0.000000,0.000000,0,0
1769,0.903333,0.903333,0.000000,0.000000,0.000000,0.000000,0.000000,0,0
1770,0.895842,0.895842,0.000000,0.000000,0.000000,2.987322,0.000000,0,0
1771,0.904623,0.904623,0.000000,0.000000,0.000000,0.000000,0.000000,0,0
1772,0.966253,0.966253,0.000000,0.000000,0.000000,0.000000,0.000000,0,0
1773,0.862169,0.862169,0.000000,0.000000,0.000000,0.000000,0.000000,0,0
1774,0.860846,0.860846,0.000000,0.000000,0.000000,0.000000,0.000000,0,0
1775,0.854365,0.854365,0.000000,0.000000,0.000000,0.000000,0.000000,0,0
1776,0.912457,0.912457,0.000000,0.000000,0.000000,0.000000,0.000000,0,0
1777,0.829890,0.829890,0.000000,0.000000,0.000000,0.000000,0.000000,0,0
1778,0.831260,0.831260,0.000000,0.000000,0.000000,0.000000,0.000000,0,0
1779,0.869616,0.869616,0.000000,0.000000,0.000000,0.000000,0.000000,0,0
1780,1.239182,0.993345,0.000000,0.245837,0.000000,3.107662,0.000000,2,30
1781,1.164183,1.164183,0.000000,0.000000,0.000000,0.000000,0.000000,0,0
1782,1.123116,1.123116,0.000000,0.000000,0.000000,0.000000,0.000000,0,0
1783,0.924881,0.924881,0.000000,0.000000,0.000000,0.000000,0.000000,0,0
1784,0.943915,0.943915,0.000000,0.000000,0.000000,0.000000,0.000000,0,0
1785,0.873855,0.873855,0.000000,0.000000,0.000000,0.000000,0.000000,0,0
1786,0.853148,0.853148,0.000000,0.000000,0.000000,0.000000,0.000000,0,0
1787,0.954796,0.954796,0.000000,0.000000,0.000000,0.000000,0.000000,0,0
1788,0.816500,0.816500,0.000000,0.000000,0.000000,0.000000,0.000000,0,0
1789,0.916604,0.916604,0.000000,0.000000,0.000000,0.000000,0.000000,0,0
1790,0.794360,0.794360,0.000000,0.000000,0.000000,3.050914,0.000000,0,0
1791,0.762050,0.762050,0.000000,0.000000,0.000000,0.000000,0.000000,0,0
1792,0.860092,0.860092,0.000000,0.000000,0.000000,0.000000,0.000000,0,0
1793,0.783343,0.783343,0.000000,0.000000,0.000000,0.000000,0.000000,0,0
1794,0.818924,0.784499,0.000000,0.034426,0.000000,0.000000,0.000000,1,4
1795,1.029975,1.029975,0.000000,0.000000,0.000000,0.000000,0.000000,0,0
1796,0.887032,0.887032,0.000000,0.000000,0.000000,0.000000,0.000000,0,0
1797,0.881071,0.881071,0.000000,0.000000,0.000000,0.000000,0.000000,0,0
1798,0.878223,0.878223,0.000000,0.000000,0.000000,0.000000,0.000000,0,0
1799,0.853173,0.853173,0.000000,0.000000,0.000000,0.000000,0.000000,0,0
1800,0.808529,0.808529,0.000000,0.000000,0.000000,3.012332,0.000000,0,0
1801,0.773690,0.773690,0.000000,0.000000,0.000000,0.000000,0.000000,0,0
1802,0.776406,0.776406,0.000000,0.000000,0.000000,0.000000,0.000000,0,0
1803,0.791454,0.791454,0.000000,0.000000,0.000000,0.000000,0.000000,0,0
1804,0.763558,0.763558,0.000000,0.000000,0.000000,0.000000,0.000000,0,0
1805,0.792526,0.792526,0.000000,0.000000,0.000000,0.000000,0.000000,0,0
1806,0.693418,0.693418,0.000000,0.000000,0.000000,0.000000,0.000000,0,0
1807,0.786680,0.786680,0.000000,0.000000,0.000000,0.000000,0.000000,0,0
1808,0.801570,0.801570,0.000000,0.000000,0.000000,0.000000,0.000000,0,0
1809,0.787973,0.787973,0.000000,0.000000,0.000000,0.000000,0.000000,0,0
1810,0.795245,0.795245,0.000000,0.000000,0.000000,3.031959,0.000000,0,0
1811,0.747528,0.747528,0.000000,0.000000,0.000000,0.000000,0.000000,0,0
1812,0.773155,0.773155,0.000000,0.000000,0.000000,0.000000,0.000000,0,0
1813,0.776586,0.776586,0.000000,0.000000,0.000000,0.000000,0.000000,0,0
1814,0.726043,0.726043,0.000000,0.000000,0.000000,0.000000,0.000000,0,0
1815,0.777811,0.777811,0.000000,0.000000,0.000000,0.000000,0.000000,0,0
1816,0.724365,0.724365,0.000000,0.000000,0.000000,0.000000,0.000000,0,0
1817,0.755148,0.755148,0.000000,0.000000,0.000000,0.000000,0.000000,0,0
1818,0.764361,0.764361,0.000000,0.000000,0.000000,0.000000,0.000000,0,0
1819,0.742434,0.742434,0.000000,0.000000,0.000000,0.000000,0.000000,0,0
1820,0.767551,0.767551,0.000000,0.000000,0.000000,3.016869,0.000000,0,0
1821,0.796018,0.796018,0.000000,0.000000,0.000000,0.000000,0.000000,0,0
1822,0.719238,0.719238,0.000000,0.000000,0.000000,0.000000,0.000000,0,0
1823,0.771406,0.771406,0.000000,0.000000,0.000000,0.000000,0.000000,0,0
1824,0.779106,0.779106,0.000000,0.000000,0.000000,0.000000,0.000000,0,0
1825,0.787083,0.787083,0.000000,0.000000,0.000000,0.000000,0.000000,0,0
1826,0.728948,0.728948,0.000000,0.000000,0.000000,0.000000,0.000000,0,0
1827,0.699413,0.699413,0.000000,0.000000,0.000000,0.000000,0.000000,0,0
1828,0.811531,0.811531,0.000000,0.000000,0.000000,0.000000,0.000000,0,0
1829,0.737052,0.737052,0.000000,0.000000,0.000000,0.000000,0.000000,0,0
1830,0.743989,0.743989,0.000000,0.000000,0.000000,3.019746,0.000000,0,0
1831,0.704421,0.704421,0.000000,0.000000,0.000000,0.000000,0.000000,0,0
1832,0.725311,0.706611,0.000000,0.018699,0.000000,0.000000,0.000000,1,25
1833,0.778359,0.778359,0.000000,0.000000,0.000000,0.000000,0.000000,0,0
1834,0.782982,0.782982,0.000000,0.000000,0.000000,0.000000,0.000000,0,0
1835,0.815606,0.815606,0.000000,0.000000,0.000000,0.000000,0.000000,0,0
1836,0.756143,0.756143,0.000000,0.000000,0.000000,0.000000,0.000000,0,0
1837,0.753906,0.753906,0.000000,0.000000,0.000000,0.000000,0.000000,0,0
1838,0.762542,0.762542,0.000000,0.000000,0.000000,0.000000,0.000000,0,0
1839,0.708341,0.708341,0.000000,0.000000,0.000000,0.000000,0.000000,0,0
1840,0.735385,0.735385,0.000000,0.000000,0.000000,3.018780,0.000000,0,0
1841,0.767907,0.767907,0.000000,0.000000,0.000000,0.000000,0.000000,0,0
1842,0.713122,0.713122,0.000000,0.000000,0.000000,0.000000,0.000000,0,0
1843,0.689174,0.689174,0.000000,0.000000,0.000000,0.000000,0.000000,0,0
1844,0.740634,0.740634,0.000000,0.000000,0.000000,0.000000,0.000000,0,0
1845,0.681799,0.681799,0.000000,0.000000,0.000000,0.000000,0.000000,0,0
1846,0.674426,0.674426,0.000000,0.000000,0.000000,0.000000,0.000000,0,0
1847,0.794780,0.794780,0.000000,0.000000,0.000000,0.000000,0.000000,0,0
1848,0.740115,0.740115,0.000000,0.000000,0.000000,0.000000,0.000000,0,0
1849,0.852234,0.774821,0.000000,0.077413,0.000000,0.000000,0.000000,1,7
1850,1.046909,1.046909,0.000000,0.000000,0.000000,3.031194,0.000000,0,0
1851,0.938691,0.938691,0.000000,0.000000,0.000000,0.000000,0.000000,0,0
1852,0.916973,0.916973,0.000000,0.000000,0.000000,0.000000,0.000000,0,0
1853,0.870132,0.870132,0.000000,0.000000,0.000000,0.000000,0.000000,0,0
1854,0.823829,0.823829,0.000000,0.000000,0.000000,0.000000,0.000000,0,0
1855,0.841670,0.841670,0.000000,0.000000,0.000000,0.000000,0.000000,0,0
1856,0.777113,0.777113,0.000000,0.000000,0.000000,0.000000,0.000000,0,0
1857,0.748973,0.748973,0.000000,0.000000,0.000000,0.000000,0.000000,0,0
1858,0.845922,0.845922,0.000000,0.000000,0.000000,0.000000,0.000000,0,0
1859,0.808451,0.808451,0.000000,0.000000,0.000000,0.000000,0.000000,0,0
1860,0.728788,0.728788,0.000000,0.000000,0.000000,3.034968,0.000000,0,0
1861,0.730177,0.730177,0.000000,0.000000,0.000000,0.000000,0.000000,0,0
1862,0.999336,0.910668,0.000000,0.088669,0.000000,0.000000,0.000000,2,21
1863,0.924441,0.924441,0.000000,0.000000,0.000000,0.000000,0.000000,0,0
1864,0.865286,0.865286,0.000000,0.000000,0.000000,0.000000,0.000000,0,0
1865,0.827610,0.827610,0.000000,0.000000,0.000000,0.000000,0.000000,0,0
1866,0.777709,0.777709,0.000000,0.000000,0.000000,0.000000,0.000000,0,0
1867,0.781472,0.781472,0.000000,0.000000,0.000000,0.000000,0.000000,0,0
1868,0.809282,0.809282,0.000000,0.000000,0.000000,0.000000,0.000000,0,0
1869,0.767493,0.767493,0.000000,0.000000,0.000000,0.000000,0.000000,0,0
1870,0.741756,0.741756,0.000000,0.000000,0.000000,3.027788,0.000000,0,0
1871,0.734767,0.734767,0.000000,0.000000,0.000000,0.000000,0.000000,0,0
1872,0.772837,0.772837,0.000000,0.000000,0.000000,0.000000,0.000000,0,0
1873,0.741515,0.741515,0.000000,0.000000,0.000000,0.000000,0.000000,0,0
1874,0.748995,0.748995,0.000000,0.000000,0.000000,0.000000,0.000000,0,0
1875,0.805266,0.805266,0.000000,0.000000,0.000000,0.000000,0.000000,0,0
1876,0.780429,0.780429,0.000000,0.000000,0.000000,0.000000,0.000000,0,0
1877,0.722474,0.722474,0.000000,0.000000,0.000000,0.000000,0.000000,0,0
1878,1.017274,0.844767,0.000000,0.172507,0.000000,0.000000,0.000000,1,8
1879,1.169050,1.169050,0.000000,0.000000,0.000000,0.000000,0.000000,0,0
1880,1.033200,1.033200,0.000000,0.000000,0.000000,3.074206,0.000000,0,0
1881,0.902965,0.902965,0.000000,0.000000,0.000000,0.000000,0.000000,0,0
1882,0.965290,0.965290,0.000000,0.000000,0.000000,0.000000,0.000000,0,0
1883,0.845975,0.845975,0.000000,0.000000,0.000000,0.000000,0.000000,0,0
1884,0.839764,0.839764,0.000000,0.000000,0.000000,0.000000,0.000000,0,0
1885,0.787504,0.787504,0.000000,0.000000,0.000000,0.000000,0.000000,0,0
1886,0.870581,0.870581,0.000000,0.000000,0.000000,0.000000,0.000000,0,0
1887,0.744685,0.744685,0.000000,0.000000,0.000000,0.000000,0.000000,0,0
1888,0.762055,0.762055,0.000000,0.000000,0.000000,0.000000,0.000000,0,0
