type,audio_path,midi_path
labeled,/work/kawano/kawano/my_mt3/dataset/MAPS/AkPnBcht/MUS/MAPS_MUS-alb_se3_AkPnBcht.wav,/work/kawano/kawano/my_mt3/dataset/MAPS/AkPnBcht/MUS/MAPS_MUS-alb_se3_AkPnBcht.mid
labeled,/work/kawano/kawano/my_mt3/dataset/MAPS/AkPnBcht/MUS/MAPS_MUS-bach_846_AkPnBcht.wav,/work/kawano/kawano/my_mt3/dataset/MAPS/AkPnBcht/MUS/MAPS_MUS-bach_846_AkPnBcht.mid
labeled,/work/kawano/kawano/my_mt3/dataset/MAPS/AkPnBcht/MUS/MAPS_MUS-bach_847_AkPnBcht.wav,/work/kawano/kawano/my_mt3/dataset/MAPS/AkPnBcht/MUS/MAPS_MUS-bach_847_AkPnBcht.mid
labeled,/work/kawano/kawano/my_mt3/dataset/MAPS/AkPnBcht/MUS/MAPS_MUS-chp_op31_AkPnBcht.wav,/work/kawano/kawano/my_mt3/dataset/MAPS/AkPnBcht/MUS/MAPS_MUS-chp_op31_AkPnBcht.mid
labeled,/work/kawano/kawano/my_mt3/dataset/MAPS/AkPnBcht/MUS/MAPS_MUS-chpn-p12_AkPnBcht.wav,/work/kawano/kawano/my_mt3/dataset/MAPS/AkPnBcht/MUS/MAPS_MUS-chpn-p12_AkPnBcht.mid
labeled,/work/kawano/kawano/my_mt3/dataset/MAPS/AkPnBcht/MUS/MAPS_MUS-chpn-p13_AkPnBcht.wav,/work/kawano/kawano/my_mt3/dataset/MAPS/AkPnBcht/MUS/MAPS_MUS-chpn-p13_AkPnBcht.mid
labeled,/work/kawano/kawano/my_mt3/dataset/MAPS/AkPnBcht/MUS/MAPS_MUS-chpn-p1_AkPnBcht.wav,/work/kawano/kawano/my_mt3/dataset/MAPS/AkPnBcht/MUS/MAPS_MUS-chpn-p1_AkPnBcht.mid
labeled,/work/kawano/kawano/my_mt3/dataset/MAPS/AkPnBcht/MUS/MAPS_MUS-chpn-p24_AkPnBcht.wav,/work/kawano/kawano/my_mt3/dataset/MAPS/AkPnBcht/MUS/MAPS_MUS-chpn-p24_AkPnBcht.mid
labeled,/work/kawano/kawano/my_mt3/dataset/MAPS/AkPnBcht/MUS/MAPS_MUS-chpn-p3_AkPnBcht.wav,/work/kawano/kawano/my_mt3/dataset/MAPS/AkPnBcht/MUS/MAPS_MUS-chpn-p3_AkPnBcht.mid
labeled,/work/kawano/kawano/my_mt3/dataset/MAPS/AkPnBcht/MUS/MAPS_MUS-chpn-p8_AkPnBcht.wav,/work/kawano/kawano/my_mt3/dataset/MAPS/AkPnBcht/MUS/MAPS_MUS-chpn-p8_AkPnBcht.mid
labeled,/work/kawano/kawano/my_mt3/dataset/MAPS/AkPnBcht/MUS/MAPS_MUS-chpn_op25_e2_AkPnBcht.wav,/work/kawano/kawano/my_mt3/dataset/MAPS/AkPnBcht/MUS/MAPS_MUS-chpn_op25_e2_AkPnBcht.mid
labeled,/work/kawano/kawano/my_mt3/dataset/MAPS/AkPnBcht/MUS/MAPS_MUS-gra_esp_4_AkPnBcht.wav,/work/kawano/kawano/my_mt3/dataset/MAPS/AkPnBcht/MUS/MAPS_MUS-gra_esp_4_AkPnBcht.mid
labeled,/work/kawano/kawano/my_mt3/dataset/MAPS/AkPnBcht/MUS/MAPS_MUS-grieg_waechter_AkPnBcht.wav,/work/kawano/kawano/my_mt3/dataset/MAPS/AkPnBcht/MUS/MAPS_MUS-grieg_waechter_AkPnBcht.mid
labeled,/work/kawano/kawano/my_mt3/dataset/MAPS/AkPnBcht/MUS/MAPS_MUS-grieg_walzer_AkPnBcht.wav,/work/kawano/kawano/my_mt3/dataset/MAPS/AkPnBcht/MUS/MAPS_MUS-grieg_walzer_AkPnBcht.mid
labeled,/work/kawano/kawano/my_mt3/dataset/MAPS/AkPnBcht/MUS/MAPS_MUS-grieg_zwerge_AkPnBcht.wav,/work/kawano/kawano/my_mt3/dataset/MAPS/AkPnBcht/MUS/MAPS_MUS-grieg_zwerge_AkPnBcht.mid
labeled,/work/kawano/kawano/my_mt3/dataset/MAPS/AkPnBcht/MUS/MAPS_MUS-hay_40_1_AkPnBcht.wav,/work/kawano/kawano/my_mt3/dataset/MAPS/AkPnBcht/MUS/MAPS_MUS-hay_40_1_AkPnBcht.mid
labeled,/work/kawano/kawano/my_mt3/dataset/MAPS/AkPnBcht/MUS/MAPS_MUS-muss_5_AkPnBcht.wav,/work/kawano/kawano/my_mt3/dataset/MAPS/AkPnBcht/MUS/MAPS_MUS-muss_5_AkPnBcht.mid
labeled,/work/kawano/kawano/my_mt3/dataset/MAPS/AkPnBcht/MUS/MAPS_MUS-schub_d760_1_AkPnBcht.wav,/work/kawano/kawano/my_mt3/dataset/MAPS/AkPnBcht/MUS/MAPS_MUS-schub_d760_1_AkPnBcht.mid
labeled,/work/kawano/kawano/my_mt3/dataset/MAPS/AkPnBcht/MUS/MAPS_MUS-schumm-6_AkPnBcht.wav,/work/kawano/kawano/my_mt3/dataset/MAPS/AkPnBcht/MUS/MAPS_MUS-schumm-6_AkPnBcht.mid
labeled,/work/kawano/kawano/my_mt3/dataset/MAPS/AkPnBcht/MUS/MAPS_MUS-scn15_3_AkPnBcht.wav,/work/kawano/kawano/my_mt3/dataset/MAPS/AkPnBcht/MUS/MAPS_MUS-scn15_3_AkPnBcht.mid
labeled,/work/kawano/kawano/my_mt3/dataset/MAPS/AkPnBcht/MUS/MAPS_MUS-scn15_7_AkPnBcht.wav,/work/kawano/kawano/my_mt3/dataset/MAPS/AkPnBcht/MUS/MAPS_MUS-scn15_7_AkPnBcht.mid
labeled,/work/kawano/kawano/my_mt3/dataset/MAPS/AkPnBcht/MUS/MAPS_MUS-scn16_2_AkPnBcht.wav,/work/kawano/kawano/my_mt3/dataset/MAPS/AkPnBcht/MUS/MAPS_MUS-scn16_2_AkPnBcht.mid
labeled,/work/kawano/kawano/my_mt3/dataset/MAPS/AkPnBcht/MUS/MAPS_MUS-ty_juli_AkPnBcht.wav,/work/kawano/kawano/my_mt3/dataset/MAPS/AkPnBcht/MUS/MAPS_MUS-ty_juli_AkPnBcht.mid
labeled,/work/kawano/kawano/my_mt3/dataset/MAPS/AkPnBsdf/MUS/MAPS_MUS-alb_se3_AkPnBsdf.wav,/work/kawano/kawano/my_mt3/dataset/MAPS/AkPnBsdf/MUS/MAPS_MUS-alb_se3_AkPnBsdf.mid
labeled,/work/kawano/kawano/my_mt3/dataset/MAPS/AkPnBsdf/MUS/MAPS_MUS-alb_se4_AkPnBsdf.wav,/work/kawano/kawano/my_mt3/dataset/MAPS/AkPnBsdf/MUS/MAPS_MUS-alb_se4_AkPnBsdf.mid
labeled,/work/kawano/kawano/my_mt3/dataset/MAPS/AkPnBsdf/MUS/MAPS_MUS-alb_se7_AkPnBsdf.wav,/work/kawano/kawano/my_mt3/dataset/MAPS/AkPnBsdf/MUS/MAPS_MUS-alb_se7_AkPnBsdf.mid
labeled,/work/kawano/kawano/my_mt3/dataset/MAPS/AkPnBsdf/MUS/MAPS_MUS-appass_1_AkPnBsdf.wav,/work/kawano/kawano/my_mt3/dataset/MAPS/AkPnBsdf/MUS/MAPS_MUS-appass_1_AkPnBsdf.mid
labeled,/work/kawano/kawano/my_mt3/dataset/MAPS/AkPnBsdf/MUS/MAPS_MUS-bach_850_AkPnBsdf.wav,/work/kawano/kawano/my_mt3/dataset/MAPS/AkPnBsdf/MUS/MAPS_MUS-bach_850_AkPnBsdf.mid
labeled,/work/kawano/kawano/my_mt3/dataset/MAPS/AkPnBsdf/MUS/MAPS_MUS-br_im5_AkPnBsdf.wav,/work/kawano/kawano/my_mt3/dataset/MAPS/AkPnBsdf/MUS/MAPS_MUS-br_im5_AkPnBsdf.mid
labeled,/work/kawano/kawano/my_mt3/dataset/MAPS/AkPnBsdf/MUS/MAPS_MUS-chpn-p1_AkPnBsdf.wav,/work/kawano/kawano/my_mt3/dataset/MAPS/AkPnBsdf/MUS/MAPS_MUS-chpn-p1_AkPnBsdf.mid
labeled,/work/kawano/kawano/my_mt3/dataset/MAPS/AkPnBsdf/MUS/MAPS_MUS-chpn-p21_AkPnBsdf.wav,/work/kawano/kawano/my_mt3/dataset/MAPS/AkPnBsdf/MUS/MAPS_MUS-chpn-p21_AkPnBsdf.mid
labeled,/work/kawano/kawano/my_mt3/dataset/MAPS/AkPnBsdf/MUS/MAPS_MUS-chpn-p9_AkPnBsdf.wav,/work/kawano/kawano/my_mt3/dataset/MAPS/AkPnBsdf/MUS/MAPS_MUS-chpn-p9_AkPnBsdf.mid
labeled,/work/kawano/kawano/my_mt3/dataset/MAPS/AkPnBsdf/MUS/MAPS_MUS-grieg_elfentanz_AkPnBsdf.wav,/work/kawano/kawano/my_mt3/dataset/MAPS/AkPnBsdf/MUS/MAPS_MUS-grieg_elfentanz_AkPnBsdf.mid
labeled,/work/kawano/kawano/my_mt3/dataset/MAPS/AkPnBsdf/MUS/MAPS_MUS-grieg_halling_AkPnBsdf.wav,/work/kawano/kawano/my_mt3/dataset/MAPS/AkPnBsdf/MUS/MAPS_MUS-grieg_halling_AkPnBsdf.mid
labeled,/work/kawano/kawano/my_mt3/dataset/MAPS/AkPnBsdf/MUS/MAPS_MUS-grieg_wanderer_AkPnBsdf.wav,/work/kawano/kawano/my_mt3/dataset/MAPS/AkPnBsdf/MUS/MAPS_MUS-grieg_wanderer_AkPnBsdf.mid
labeled,/work/kawano/kawano/my_mt3/dataset/MAPS/AkPnBsdf/MUS/MAPS_MUS-liz_rhap10_AkPnBsdf.wav,/work/kawano/kawano/my_mt3/dataset/MAPS/AkPnBsdf/MUS/MAPS_MUS-liz_rhap10_AkPnBsdf.mid
labeled,/work/kawano/kawano/my_mt3/dataset/MAPS/AkPnBsdf/MUS/MAPS_MUS-mond_1_AkPnBsdf.wav,/work/kawano/kawano/my_mt3/dataset/MAPS/AkPnBsdf/MUS/MAPS_MUS-mond_1_AkPnBsdf.mid
labeled,/work/kawano/kawano/my_mt3/dataset/MAPS/AkPnBsdf/MUS/MAPS_MUS-mos_op36_6_AkPnBsdf.wav,/work/kawano/kawano/my_mt3/dataset/MAPS/AkPnBsdf/MUS/MAPS_MUS-mos_op36_6_AkPnBsdf.mid
labeled,/work/kawano/kawano/my_mt3/dataset/MAPS/AkPnBsdf/MUS/MAPS_MUS-muss_4_AkPnBsdf.wav,/work/kawano/kawano/my_mt3/dataset/MAPS/AkPnBsdf/MUS/MAPS_MUS-muss_4_AkPnBsdf.mid
labeled,/work/kawano/kawano/my_mt3/dataset/MAPS/AkPnBsdf/MUS/MAPS_MUS-mz_332_1_AkPnBsdf.wav,/work/kawano/kawano/my_mt3/dataset/MAPS/AkPnBsdf/MUS/MAPS_MUS-mz_332_1_AkPnBsdf.mid
labeled,/work/kawano/kawano/my_mt3/dataset/MAPS/AkPnBsdf/MUS/MAPS_MUS-ty_dezember_AkPnBsdf.wav,/work/kawano/kawano/my_mt3/dataset/MAPS/AkPnBsdf/MUS/MAPS_MUS-ty_dezember_AkPnBsdf.mid
labeled,/work/kawano/kawano/my_mt3/dataset/MAPS/AkPnBsdf/MUS/MAPS_MUS-ty_juli_AkPnBsdf.wav,/work/kawano/kawano/my_mt3/dataset/MAPS/AkPnBsdf/MUS/MAPS_MUS-ty_juli_AkPnBsdf.mid
labeled,/work/kawano/kawano/my_mt3/dataset/MAPS/AkPnBsdf/MUS/MAPS_MUS-ty_juni_AkPnBsdf.wav,/work/kawano/kawano/my_mt3/dataset/MAPS/AkPnBsdf/MUS/MAPS_MUS-ty_juni_AkPnBsdf.mid
labeled,/work/kawano/kawano/my_mt3/dataset/MAPS/AkPnCGdD/MUS/MAPS_MUS-alb_esp2_AkPnCGdD.wav,/work/kawano/kawano/my_mt3/dataset/MAPS/AkPnCGdD/MUS/MAPS_MUS-alb_esp2_AkPnCGdD.mid
labeled,/work/kawano/kawano/my_mt3/dataset/MAPS/AkPnCGdD/MUS/MAPS_MUS-alb_esp3_AkPnCGdD.wav,/work/kawano/kawano/my_mt3/dataset/MAPS/AkPnCGdD/MUS/MAPS_MUS-alb_esp3_AkPnCGdD.mid
labeled,/work/kawano/kawano/my_mt3/dataset/MAPS/AkPnCGdD/MUS/MAPS_MUS-bor_ps1_AkPnCGdD.wav,/work/kawano/kawano/my_mt3/dataset/MAPS/AkPnCGdD/MUS/MAPS_MUS-bor_ps1_AkPnCGdD.mid
labeled,/work/kawano/kawano/my_mt3/dataset/MAPS/AkPnCGdD/MUS/MAPS_MUS-br_im2_AkPnCGdD.wav,/work/kawano/kawano/my_mt3/dataset/MAPS/AkPnCGdD/MUS/MAPS_MUS-br_im2_AkPnCGdD.mid
labeled,/work/kawano/kawano/my_mt3/dataset/MAPS/AkPnCGdD/MUS/MAPS_MUS-br_im5_AkPnCGdD.wav,/work/kawano/kawano/my_mt3/dataset/MAPS/AkPnCGdD/MUS/MAPS_MUS-br_im5_AkPnCGdD.mid
labeled,/work/kawano/kawano/my_mt3/dataset/MAPS/AkPnCGdD/MUS/MAPS_MUS-chp_op18_AkPnCGdD.wav,/work/kawano/kawano/my_mt3/dataset/MAPS/AkPnCGdD/MUS/MAPS_MUS-chp_op18_AkPnCGdD.mid
labeled,/work/kawano/kawano/my_mt3/dataset/MAPS/AkPnCGdD/MUS/MAPS_MUS-chpn-p11-format0_AkPnCGdD.wav,/work/kawano/kawano/my_mt3/dataset/MAPS/AkPnCGdD/MUS/MAPS_MUS-chpn-p11-format0_AkPnCGdD.mid
labeled,/work/kawano/kawano/my_mt3/dataset/MAPS/AkPnCGdD/MUS/MAPS_MUS-chpn-p11_AkPnCGdD.wav,/work/kawano/kawano/my_mt3/dataset/MAPS/AkPnCGdD/MUS/MAPS_MUS-chpn-p11_AkPnCGdD.mid
labeled,/work/kawano/kawano/my_mt3/dataset/MAPS/AkPnCGdD/MUS/MAPS_MUS-chpn-p13_AkPnCGdD.wav,/work/kawano/kawano/my_mt3/dataset/MAPS/AkPnCGdD/MUS/MAPS_MUS-chpn-p13_AkPnCGdD.mid
labeled,/work/kawano/kawano/my_mt3/dataset/MAPS/AkPnCGdD/MUS/MAPS_MUS-chpn-p20_AkPnCGdD.wav,/work/kawano/kawano/my_mt3/dataset/MAPS/AkPnCGdD/MUS/MAPS_MUS-chpn-p20_AkPnCGdD.mid
labeled,/work/kawano/kawano/my_mt3/dataset/MAPS/AkPnCGdD/MUS/MAPS_MUS-chpn-p7_AkPnCGdD.wav,/work/kawano/kawano/my_mt3/dataset/MAPS/AkPnCGdD/MUS/MAPS_MUS-chpn-p7_AkPnCGdD.mid
labeled,/work/kawano/kawano/my_mt3/dataset/MAPS/AkPnCGdD/MUS/MAPS_MUS-chpn_op10_e01_AkPnCGdD.wav,/work/kawano/kawano/my_mt3/dataset/MAPS/AkPnCGdD/MUS/MAPS_MUS-chpn_op10_e01_AkPnCGdD.mid
labeled,/work/kawano/kawano/my_mt3/dataset/MAPS/AkPnCGdD/MUS/MAPS_MUS-chpn_op10_e12_AkPnCGdD.wav,/work/kawano/kawano/my_mt3/dataset/MAPS/AkPnCGdD/MUS/MAPS_MUS-chpn_op10_e12_AkPnCGdD.mid
labeled,/work/kawano/kawano/my_mt3/dataset/MAPS/AkPnCGdD/MUS/MAPS_MUS-chpn_op27_1_AkPnCGdD.wav,/work/kawano/kawano/my_mt3/dataset/MAPS/AkPnCGdD/MUS/MAPS_MUS-chpn_op27_1_AkPnCGdD.mid
labeled,/work/kawano/kawano/my_mt3/dataset/MAPS/AkPnCGdD/MUS/MAPS_MUS-liz_et5_AkPnCGdD.wav,/work/kawano/kawano/my_mt3/dataset/MAPS/AkPnCGdD/MUS/MAPS_MUS-liz_et5_AkPnCGdD.mid
labeled,/work/kawano/kawano/my_mt3/dataset/MAPS/AkPnCGdD/MUS/MAPS_MUS-mendel_op53_5_AkPnCGdD.wav,/work/kawano/kawano/my_mt3/dataset/MAPS/AkPnCGdD/MUS/MAPS_MUS-mendel_op53_5_AkPnCGdD.mid
labeled,/work/kawano/kawano/my_mt3/dataset/MAPS/AkPnCGdD/MUS/MAPS_MUS-muss_2_AkPnCGdD.wav,/work/kawano/kawano/my_mt3/dataset/MAPS/AkPnCGdD/MUS/MAPS_MUS-muss_2_AkPnCGdD.mid
labeled,/work/kawano/kawano/my_mt3/dataset/MAPS/AkPnCGdD/MUS/MAPS_MUS-schu_143_2_AkPnCGdD.wav,/work/kawano/kawano/my_mt3/dataset/MAPS/AkPnCGdD/MUS/MAPS_MUS-schu_143_2_AkPnCGdD.mid
labeled,/work/kawano/kawano/my_mt3/dataset/MAPS/AkPnCGdD/MUS/MAPS_MUS-schub_d960_3_AkPnCGdD.wav,/work/kawano/kawano/my_mt3/dataset/MAPS/AkPnCGdD/MUS/MAPS_MUS-schub_d960_3_AkPnCGdD.mid
labeled,/work/kawano/kawano/my_mt3/dataset/MAPS/AkPnCGdD/MUS/MAPS_MUS-ty_februar_AkPnCGdD.wav,/work/kawano/kawano/my_mt3/dataset/MAPS/AkPnCGdD/MUS/MAPS_MUS-ty_februar_AkPnCGdD.mid
labeled,/work/kawano/kawano/my_mt3/dataset/MAPS/AkPnCGdD/MUS/MAPS_MUS-waldstein_2_AkPnCGdD.wav,/work/kawano/kawano/my_mt3/dataset/MAPS/AkPnCGdD/MUS/MAPS_MUS-waldstein_2_AkPnCGdD.mid
labeled,/work/kawano/kawano/my_mt3/dataset/MAPS/AkPnStgb/MUS/MAPS_MUS-alb_esp2_AkPnStgb.wav,/work/kawano/kawano/my_mt3/dataset/MAPS/AkPnStgb/MUS/MAPS_MUS-alb_esp2_AkPnStgb.mid
labeled,/work/kawano/kawano/my_mt3/dataset/MAPS/AkPnStgb/MUS/MAPS_MUS-alb_esp4_AkPnStgb.wav,/work/kawano/kawano/my_mt3/dataset/MAPS/AkPnStgb/MUS/MAPS_MUS-alb_esp4_AkPnStgb.mid
labeled,/work/kawano/kawano/my_mt3/dataset/MAPS/AkPnStgb/MUS/MAPS_MUS-alb_se6_AkPnStgb.wav,/work/kawano/kawano/my_mt3/dataset/MAPS/AkPnStgb/MUS/MAPS_MUS-alb_se6_AkPnStgb.mid
labeled,/work/kawano/kawano/my_mt3/dataset/MAPS/AkPnStgb/MUS/MAPS_MUS-appass_3_AkPnStgb.wav,/work/kawano/kawano/my_mt3/dataset/MAPS/AkPnStgb/MUS/MAPS_MUS-appass_3_AkPnStgb.mid
labeled,/work/kawano/kawano/my_mt3/dataset/MAPS/AkPnStgb/MUS/MAPS_MUS-bach_847_AkPnStgb.wav,/work/kawano/kawano/my_mt3/dataset/MAPS/AkPnStgb/MUS/MAPS_MUS-bach_847_AkPnStgb.mid
labeled,/work/kawano/kawano/my_mt3/dataset/MAPS/AkPnStgb/MUS/MAPS_MUS-bk_xmas2_AkPnStgb.wav,/work/kawano/kawano/my_mt3/dataset/MAPS/AkPnStgb/MUS/MAPS_MUS-bk_xmas2_AkPnStgb.mid
labeled,/work/kawano/kawano/my_mt3/dataset/MAPS/AkPnStgb/MUS/MAPS_MUS-bk_xmas3_AkPnStgb.wav,/work/kawano/kawano/my_mt3/dataset/MAPS/AkPnStgb/MUS/MAPS_MUS-bk_xmas3_AkPnStgb.mid
labeled,/work/kawano/kawano/my_mt3/dataset/MAPS/AkPnStgb/MUS/MAPS_MUS-bor_ps5_AkPnStgb.wav,/work/kawano/kawano/my_mt3/dataset/MAPS/AkPnStgb/MUS/MAPS_MUS-bor_ps5_AkPnStgb.mid
labeled,/work/kawano/kawano/my_mt3/dataset/MAPS/AkPnStgb/MUS/MAPS_MUS-br_im6_AkPnStgb.wav,/work/kawano/kawano/my_mt3/dataset/MAPS/AkPnStgb/MUS/MAPS_MUS-br_im6_AkPnStgb.mid
labeled,/work/kawano/kawano/my_mt3/dataset/MAPS/AkPnStgb/MUS/MAPS_MUS-chp_op31_AkPnStgb.wav,/work/kawano/kawano/my_mt3/dataset/MAPS/AkPnStgb/MUS/MAPS_MUS-chp_op31_AkPnStgb.mid
labeled,/work/kawano/kawano/my_mt3/dataset/MAPS/AkPnStgb/MUS/MAPS_MUS-chpn-p10_AkPnStgb.wav,/work/kawano/kawano/my_mt3/dataset/MAPS/AkPnStgb/MUS/MAPS_MUS-chpn-p10_AkPnStgb.mid
labeled,/work/kawano/kawano/my_mt3/dataset/MAPS/AkPnStgb/MUS/MAPS_MUS-chpn-p16_AkPnStgb.wav,/work/kawano/kawano/my_mt3/dataset/MAPS/AkPnStgb/MUS/MAPS_MUS-chpn-p16_AkPnStgb.mid
labeled,/work/kawano/kawano/my_mt3/dataset/MAPS/AkPnStgb/MUS/MAPS_MUS-chpn_op27_2_AkPnStgb.wav,/work/kawano/kawano/my_mt3/dataset/MAPS/AkPnStgb/MUS/MAPS_MUS-chpn_op27_2_AkPnStgb.mid
labeled,/work/kawano/kawano/my_mt3/dataset/MAPS/AkPnStgb/MUS/MAPS_MUS-chpn_op35_3_AkPnStgb.wav,/work/kawano/kawano/my_mt3/dataset/MAPS/AkPnStgb/MUS/MAPS_MUS-chpn_op35_3_AkPnStgb.mid
labeled,/work/kawano/kawano/my_mt3/dataset/MAPS/AkPnStgb/MUS/MAPS_MUS-gra_esp_2_AkPnStgb.wav,/work/kawano/kawano/my_mt3/dataset/MAPS/AkPnStgb/MUS/MAPS_MUS-gra_esp_2_AkPnStgb.mid
labeled,/work/kawano/kawano/my_mt3/dataset/MAPS/AkPnStgb/MUS/MAPS_MUS-liz_et2_AkPnStgb.wav,/work/kawano/kawano/my_mt3/dataset/MAPS/AkPnStgb/MUS/MAPS_MUS-liz_et2_AkPnStgb.mid
labeled,/work/kawano/kawano/my_mt3/dataset/MAPS/AkPnStgb/MUS/MAPS_MUS-liz_et3_AkPnStgb.wav,/work/kawano/kawano/my_mt3/dataset/MAPS/AkPnStgb/MUS/MAPS_MUS-liz_et3_AkPnStgb.mid
labeled,/work/kawano/kawano/my_mt3/dataset/MAPS/AkPnStgb/MUS/MAPS_MUS-mond_3_AkPnStgb.wav,/work/kawano/kawano/my_mt3/dataset/MAPS/AkPnStgb/MUS/MAPS_MUS-mond_3_AkPnStgb.mid
labeled,/work/kawano/kawano/my_mt3/dataset/MAPS/AkPnStgb/MUS/MAPS_MUS-mz_333_1_AkPnStgb.wav,/work/kawano/kawano/my_mt3/dataset/MAPS/AkPnStgb/MUS/MAPS_MUS-mz_333_1_AkPnStgb.mid
labeled,/work/kawano/kawano/my_mt3/dataset/MAPS/AkPnStgb/MUS/MAPS_MUS-schub_d960_3_AkPnStgb.wav,/work/kawano/kawano/my_mt3/dataset/MAPS/AkPnStgb/MUS/MAPS_MUS-schub_d960_3_AkPnStgb.mid
labeled,/work/kawano/kawano/my_mt3/dataset/MAPS/AkPnStgb/MUS/MAPS_MUS-schuim-3_AkPnStgb.wav,/work/kawano/kawano/my_mt3/dataset/MAPS/AkPnStgb/MUS/MAPS_MUS-schuim-3_AkPnStgb.mid
labeled,/work/kawano/kawano/my_mt3/dataset/MAPS/AkPnStgb/MUS/MAPS_MUS-schumm-3_AkPnStgb.wav,/work/kawano/kawano/my_mt3/dataset/MAPS/AkPnStgb/MUS/MAPS_MUS-schumm-3_AkPnStgb.mid
labeled,/work/kawano/kawano/my_mt3/dataset/MAPS/AkPnStgb/MUS/MAPS_MUS-scn15_13_AkPnStgb.wav,/work/kawano/kawano/my_mt3/dataset/MAPS/AkPnStgb/MUS/MAPS_MUS-scn15_13_AkPnStgb.mid
labeled,/work/kawano/kawano/my_mt3/dataset/MAPS/AkPnStgb/MUS/MAPS_MUS-ty_januar_AkPnStgb.wav,/work/kawano/kawano/my_mt3/dataset/MAPS/AkPnStgb/MUS/MAPS_MUS-ty_januar_AkPnStgb.mid
labeled,/work/kawano/kawano/my_mt3/dataset/MAPS/AkPnStgb/MUS/MAPS_MUS-ty_september_AkPnStgb.wav,/work/kawano/kawano/my_mt3/dataset/MAPS/AkPnStgb/MUS/MAPS_MUS-ty_september_AkPnStgb.mid
labeled,/work/kawano/kawano/my_mt3/dataset/MAPS/SptkBGAm/MUS/MAPS_MUS-alb_esp2_SptkBGAm.wav,/work/kawano/kawano/my_mt3/dataset/MAPS/SptkBGAm/MUS/MAPS_MUS-alb_esp2_SptkBGAm.mid
labeled,/work/kawano/kawano/my_mt3/dataset/MAPS/SptkBGAm/MUS/MAPS_MUS-alb_se8_SptkBGAm.wav,/work/kawano/kawano/my_mt3/dataset/MAPS/SptkBGAm/MUS/MAPS_MUS-alb_se8_SptkBGAm.mid
labeled,/work/kawano/kawano/my_mt3/dataset/MAPS/SptkBGAm/MUS/MAPS_MUS-bach_846_SptkBGAm.wav,/work/kawano/kawano/my_mt3/dataset/MAPS/SptkBGAm/MUS/MAPS_MUS-bach_846_SptkBGAm.mid
labeled,/work/kawano/kawano/my_mt3/dataset/MAPS/SptkBGAm/MUS/MAPS_MUS-bor_ps2_SptkBGAm.wav,/work/kawano/kawano/my_mt3/dataset/MAPS/SptkBGAm/MUS/MAPS_MUS-bor_ps2_SptkBGAm.mid
labeled,/work/kawano/kawano/my_mt3/dataset/MAPS/SptkBGAm/MUS/MAPS_MUS-br_im2_SptkBGAm.wav,/work/kawano/kawano/my_mt3/dataset/MAPS/SptkBGAm/MUS/MAPS_MUS-br_im2_SptkBGAm.mid
labeled,/work/kawano/kawano/my_mt3/dataset/MAPS/SptkBGAm/MUS/MAPS_MUS-burg_quelle_SptkBGAm.wav,/work/kawano/kawano/my_mt3/dataset/MAPS/SptkBGAm/MUS/MAPS_MUS-burg_quelle_SptkBGAm.mid
labeled,/work/kawano/kawano/my_mt3/dataset/MAPS/SptkBGAm/MUS/MAPS_MUS-chpn-p6_SptkBGAm.wav,/work/kawano/kawano/my_mt3/dataset/MAPS/SptkBGAm/MUS/MAPS_MUS-chpn-p6_SptkBGAm.mid
labeled,/work/kawano/kawano/my_mt3/dataset/MAPS/SptkBGAm/MUS/MAPS_MUS-chpn_op10_e05_SptkBGAm.wav,/work/kawano/kawano/my_mt3/dataset/MAPS/SptkBGAm/MUS/MAPS_MUS-chpn_op10_e05_SptkBGAm.mid
labeled,/work/kawano/kawano/my_mt3/dataset/MAPS/SptkBGAm/MUS/MAPS_MUS-chpn_op33_4_SptkBGAm.wav,/work/kawano/kawano/my_mt3/dataset/MAPS/SptkBGAm/MUS/MAPS_MUS-chpn_op33_4_SptkBGAm.mid
labeled,/work/kawano/kawano/my_mt3/dataset/MAPS/SptkBGAm/MUS/MAPS_MUS-chpn_op7_2_SptkBGAm.wav,/work/kawano/kawano/my_mt3/dataset/MAPS/SptkBGAm/MUS/MAPS_MUS-chpn_op7_2_SptkBGAm.mid
labeled,/work/kawano/kawano/my_mt3/dataset/MAPS/SptkBGAm/MUS/MAPS_MUS-deb_pass_SptkBGAm.wav,/work/kawano/kawano/my_mt3/dataset/MAPS/SptkBGAm/MUS/MAPS_MUS-deb_pass_SptkBGAm.mid
labeled,/work/kawano/kawano/my_mt3/dataset/MAPS/SptkBGAm/MUS/MAPS_MUS-gra_esp_3_SptkBGAm.wav,/work/kawano/kawano/my_mt3/dataset/MAPS/SptkBGAm/MUS/MAPS_MUS-gra_esp_3_SptkBGAm.mid
labeled,/work/kawano/kawano/my_mt3/dataset/MAPS/SptkBGAm/MUS/MAPS_MUS-grieg_elfentanz_SptkBGAm.wav,/work/kawano/kawano/my_mt3/dataset/MAPS/SptkBGAm/MUS/MAPS_MUS-grieg_elfentanz_SptkBGAm.mid
labeled,/work/kawano/kawano/my_mt3/dataset/MAPS/SptkBGAm/MUS/MAPS_MUS-grieg_wanderer_SptkBGAm.wav,/work/kawano/kawano/my_mt3/dataset/MAPS/SptkBGAm/MUS/MAPS_MUS-grieg_wanderer_SptkBGAm.mid
labeled,/work/kawano/kawano/my_mt3/dataset/MAPS/SptkBGAm/MUS/MAPS_MUS-liz_et1_SptkBGAm.wav,/work/kawano/kawano/my_mt3/dataset/MAPS/SptkBGAm/MUS/MAPS_MUS-liz_et1_SptkBGAm.mid
labeled,/work/kawano/kawano/my_mt3/dataset/MAPS/SptkBGAm/MUS/MAPS_MUS-liz_et2_SptkBGAm.wav,/work/kawano/kawano/my_mt3/dataset/MAPS/SptkBGAm/MUS/MAPS_MUS-liz_et2_SptkBGAm.mid
labeled,/work/kawano/kawano/my_mt3/dataset/MAPS/SptkBGAm/MUS/MAPS_MUS-liz_et_trans4_SptkBGAm.wav,/work/kawano/kawano/my_mt3/dataset/MAPS/SptkBGAm/MUS/MAPS_MUS-liz_et_trans4_SptkBGAm.mid
labeled,/work/kawano/kawano/my_mt3/dataset/MAPS/SptkBGAm/MUS/MAPS_MUS-mond_1_SptkBGAm.wav,/work/kawano/kawano/my_mt3/dataset/MAPS/SptkBGAm/MUS/MAPS_MUS-mond_1_SptkBGAm.mid
labeled,/work/kawano/kawano/my_mt3/dataset/MAPS/SptkBGAm/MUS/MAPS_MUS-mond_2_SptkBGAm.wav,/work/kawano/kawano/my_mt3/dataset/MAPS/SptkBGAm/MUS/MAPS_MUS-mond_2_SptkBGAm.mid
labeled,/work/kawano/kawano/my_mt3/dataset/MAPS/SptkBGAm/MUS/MAPS_MUS-schumm-2_SptkBGAm.wav,/work/kawano/kawano/my_mt3/dataset/MAPS/SptkBGAm/MUS/MAPS_MUS-schumm-2_SptkBGAm.mid
labeled,/work/kawano/kawano/my_mt3/dataset/MAPS/SptkBGAm/MUS/MAPS_MUS-scn15_7_SptkBGAm.wav,/work/kawano/kawano/my_mt3/dataset/MAPS/SptkBGAm/MUS/MAPS_MUS-scn15_7_SptkBGAm.mid
labeled,/work/kawano/kawano/my_mt3/dataset/MAPS/SptkBGAm/MUS/MAPS_MUS-scn16_5_SptkBGAm.wav,/work/kawano/kawano/my_mt3/dataset/MAPS/SptkBGAm/MUS/MAPS_MUS-scn16_5_SptkBGAm.mid
labeled,/work/kawano/kawano/my_mt3/dataset/MAPS/SptkBGAm/MUS/MAPS_MUS-scn16_7_SptkBGAm.wav,/work/kawano/kawano/my_mt3/dataset/MAPS/SptkBGAm/MUS/MAPS_MUS-scn16_7_SptkBGAm.mid
labeled,/work/kawano/kawano/my_mt3/dataset/MAPS/SptkBGAm/MUS/MAPS_MUS-ty_oktober_SptkBGAm.wav,/work/kawano/kawano/my_mt3/dataset/MAPS/SptkBGAm/MUS/MAPS_MUS-ty_oktober_SptkBGAm.mid
labeled,/work/kawano/kawano/my_mt3/dataset/MAPS/SptkBGAm/MUS/MAPS_MUS-ty_september_SptkBGAm.wav,/work/kawano/kawano/my_mt3/dataset/MAPS/SptkBGAm/MUS/MAPS_MUS-ty_september_SptkBGAm.mid
labeled,/work/kawano/kawano/my_mt3/dataset/MAPS/SptkBGCl/MUS/MAPS_MUS-alb_esp2_SptkBGCl.wav,/work/kawano/kawano/my_mt3/dataset/MAPS/SptkBGCl/MUS/MAPS_MUS-alb_esp2_SptkBGCl.mid
labeled,/work/kawano/kawano/my_mt3/dataset/MAPS/SptkBGCl/MUS/MAPS_MUS-alb_esp5_SptkBGCl.wav,/work/kawano/kawano/my_mt3/dataset/MAPS/SptkBGCl/MUS/MAPS_MUS-alb_esp5_SptkBGCl.mid
labeled,/work/kawano/kawano/my_mt3/dataset/MAPS/SptkBGCl/MUS/MAPS_MUS-alb_esp6_SptkBGCl.wav,/work/kawano/kawano/my_mt3/dataset/MAPS/SptkBGCl/MUS/MAPS_MUS-alb_esp6_SptkBGCl.mid
labeled,/work/kawano/kawano/my_mt3/dataset/MAPS/SptkBGCl/MUS/MAPS_MUS-appass_1_SptkBGCl.wav,/work/kawano/kawano/my_mt3/dataset/MAPS/SptkBGCl/MUS/MAPS_MUS-appass_1_SptkBGCl.mid
labeled,/work/kawano/kawano/my_mt3/dataset/MAPS/SptkBGCl/MUS/MAPS_MUS-bach_847_SptkBGCl.wav,/work/kawano/kawano/my_mt3/dataset/MAPS/SptkBGCl/MUS/MAPS_MUS-bach_847_SptkBGCl.mid
labeled,/work/kawano/kawano/my_mt3/dataset/MAPS/SptkBGCl/MUS/MAPS_MUS-bk_xmas2_SptkBGCl.wav,/work/kawano/kawano/my_mt3/dataset/MAPS/SptkBGCl/MUS/MAPS_MUS-bk_xmas2_SptkBGCl.mid
labeled,/work/kawano/kawano/my_mt3/dataset/MAPS/SptkBGCl/MUS/MAPS_MUS-br_im5_SptkBGCl.wav,/work/kawano/kawano/my_mt3/dataset/MAPS/SptkBGCl/MUS/MAPS_MUS-br_im5_SptkBGCl.mid
labeled,/work/kawano/kawano/my_mt3/dataset/MAPS/SptkBGCl/MUS/MAPS_MUS-burg_perlen_SptkBGCl.wav,/work/kawano/kawano/my_mt3/dataset/MAPS/SptkBGCl/MUS/MAPS_MUS-burg_perlen_SptkBGCl.mid
labeled,/work/kawano/kawano/my_mt3/dataset/MAPS/SptkBGCl/MUS/MAPS_MUS-chpn-p2_SptkBGCl.wav,/work/kawano/kawano/my_mt3/dataset/MAPS/SptkBGCl/MUS/MAPS_MUS-chpn-p2_SptkBGCl.mid
labeled,/work/kawano/kawano/my_mt3/dataset/MAPS/SptkBGCl/MUS/MAPS_MUS-chpn-p6_SptkBGCl.wav,/work/kawano/kawano/my_mt3/dataset/MAPS/SptkBGCl/MUS/MAPS_MUS-chpn-p6_SptkBGCl.mid
labeled,/work/kawano/kawano/my_mt3/dataset/MAPS/SptkBGCl/MUS/MAPS_MUS-chpn-p7_SptkBGCl.wav,/work/kawano/kawano/my_mt3/dataset/MAPS/SptkBGCl/MUS/MAPS_MUS-chpn-p7_SptkBGCl.mid
labeled,/work/kawano/kawano/my_mt3/dataset/MAPS/SptkBGCl/MUS/MAPS_MUS-chpn_op27_2_SptkBGCl.wav,/work/kawano/kawano/my_mt3/dataset/MAPS/SptkBGCl/MUS/MAPS_MUS-chpn_op27_2_SptkBGCl.mid
labeled,/work/kawano/kawano/my_mt3/dataset/MAPS/SptkBGCl/MUS/MAPS_MUS-gra_esp_3_SptkBGCl.wav,/work/kawano/kawano/my_mt3/dataset/MAPS/SptkBGCl/MUS/MAPS_MUS-gra_esp_3_SptkBGCl.mid
labeled,/work/kawano/kawano/my_mt3/dataset/MAPS/SptkBGCl/MUS/MAPS_MUS-grieg_walzer_SptkBGCl.wav,/work/kawano/kawano/my_mt3/dataset/MAPS/SptkBGCl/MUS/MAPS_MUS-grieg_walzer_SptkBGCl.mid
labeled,/work/kawano/kawano/my_mt3/dataset/MAPS/SptkBGCl/MUS/MAPS_MUS-liz_et4_SptkBGCl.wav,/work/kawano/kawano/my_mt3/dataset/MAPS/SptkBGCl/MUS/MAPS_MUS-liz_et4_SptkBGCl.mid
labeled,/work/kawano/kawano/my_mt3/dataset/MAPS/SptkBGCl/MUS/MAPS_MUS-mond_2_SptkBGCl.wav,/work/kawano/kawano/my_mt3/dataset/MAPS/SptkBGCl/MUS/MAPS_MUS-mond_2_SptkBGCl.mid
labeled,/work/kawano/kawano/my_mt3/dataset/MAPS/SptkBGCl/MUS/MAPS_MUS-muss_3_SptkBGCl.wav,/work/kawano/kawano/my_mt3/dataset/MAPS/SptkBGCl/MUS/MAPS_MUS-muss_3_SptkBGCl.mid
labeled,/work/kawano/kawano/my_mt3/dataset/MAPS/SptkBGCl/MUS/MAPS_MUS-mz_330_1_SptkBGCl.wav,/work/kawano/kawano/my_mt3/dataset/MAPS/SptkBGCl/MUS/MAPS_MUS-mz_330_1_SptkBGCl.mid
labeled,/work/kawano/kawano/my_mt3/dataset/MAPS/SptkBGCl/MUS/MAPS_MUS-mz_331_1_SptkBGCl.wav,/work/kawano/kawano/my_mt3/dataset/MAPS/SptkBGCl/MUS/MAPS_MUS-mz_331_1_SptkBGCl.mid
labeled,/work/kawano/kawano/my_mt3/dataset/MAPS/SptkBGCl/MUS/MAPS_MUS-schub_d960_3_SptkBGCl.wav,/work/kawano/kawano/my_mt3/dataset/MAPS/SptkBGCl/MUS/MAPS_MUS-schub_d960_3_SptkBGCl.mid
labeled,/work/kawano/kawano/my_mt3/dataset/MAPS/SptkBGCl/MUS/MAPS_MUS-scn15_2_SptkBGCl.wav,/work/kawano/kawano/my_mt3/dataset/MAPS/SptkBGCl/MUS/MAPS_MUS-scn15_2_SptkBGCl.mid
labeled,/work/kawano/kawano/my_mt3/dataset/MAPS/SptkBGCl/MUS/MAPS_MUS-scn15_5_SptkBGCl.wav,/work/kawano/kawano/my_mt3/dataset/MAPS/SptkBGCl/MUS/MAPS_MUS-scn15_5_SptkBGCl.mid
labeled,/work/kawano/kawano/my_mt3/dataset/MAPS/SptkBGCl/MUS/MAPS_MUS-scn16_2_SptkBGCl.wav,/work/kawano/kawano/my_mt3/dataset/MAPS/SptkBGCl/MUS/MAPS_MUS-scn16_2_SptkBGCl.mid
labeled,/work/kawano/kawano/my_mt3/dataset/MAPS/SptkBGCl/MUS/MAPS_MUS-ty_februar_SptkBGCl.wav,/work/kawano/kawano/my_mt3/dataset/MAPS/SptkBGCl/MUS/MAPS_MUS-ty_februar_SptkBGCl.mid
labeled,/work/kawano/kawano/my_mt3/dataset/MAPS/SptkBGCl/MUS/MAPS_MUS-waldstein_3_SptkBGCl.wav,/work/kawano/kawano/my_mt3/dataset/MAPS/SptkBGCl/MUS/MAPS_MUS-waldstein_3_SptkBGCl.mid
unlabeled,dataset/maestro-v3.0.0/2018/MIDI-Unprocessed_Chamber3_MID--AUDIO_10_R3_2018_wav--1.wav,dataset/maestro-v3.0.0/2018/MIDI-Unprocessed_Chamber3_MID--AUDIO_10_R3_2018_wav--1.midi
unlabeled,dataset/maestro-v3.0.0/2008/MIDI-Unprocessed_03_R2_2008_01-03_ORIG_MID--AUDIO_03_R2_2008_wav--2.wav,dataset/maestro-v3.0.0/2008/MIDI-Unprocessed_03_R2_2008_01-03_ORIG_MID--AUDIO_03_R2_2008_wav--2.midi
unlabeled,dataset/maestro-v3.0.0/2017/MIDI-Unprocessed_066_PIANO066_MID--AUDIO-split_07-07-17_Piano-e_3-02_wav--3.wav,dataset/maestro-v3.0.0/2017/MIDI-Unprocessed_066_PIANO066_MID--AUDIO-split_07-07-17_Piano-e_3-02_wav--3.midi
unlabeled,dataset/maestro-v3.0.0/2004/MIDI-Unprocessed_XP_21_R1_2004_01_ORIG_MID--AUDIO_21_R1_2004_01_Track01_wav.wav,dataset/maestro-v3.0.0/2004/MIDI-Unprocessed_XP_21_R1_2004_01_ORIG_MID--AUDIO_21_R1_2004_01_Track01_wav.midi
unlabeled,dataset/maestro-v3.0.0/2013/ORIG-MIDI_03_7_8_13_Group__MID--AUDIO_19_R2_2013_wav--3.wav,dataset/maestro-v3.0.0/2013/ORIG-MIDI_03_7_8_13_Group__MID--AUDIO_19_R2_2013_wav--3.midi
unlabeled,dataset/maestro-v3.0.0/2011/MIDI-Unprocessed_15_R1_2011_MID--AUDIO_R1-D6_09_Track09_wav.wav,dataset/maestro-v3.0.0/2011/MIDI-Unprocessed_15_R1_2011_MID--AUDIO_R1-D6_09_Track09_wav.midi
unlabeled,dataset/maestro-v3.0.0/2006/MIDI-Unprocessed_19_R1_2006_01-07_ORIG_MID--AUDIO_19_R1_2006_04_Track04_wav.wav,dataset/maestro-v3.0.0/2006/MIDI-Unprocessed_19_R1_2006_01-07_ORIG_MID--AUDIO_19_R1_2006_04_Track04_wav.midi
unlabeled,dataset/maestro-v3.0.0/2013/ORIG-MIDI_02_7_10_13_Group_MID--AUDIO_11_R3_2013_wav--3.wav,dataset/maestro-v3.0.0/2013/ORIG-MIDI_02_7_10_13_Group_MID--AUDIO_11_R3_2013_wav--3.midi
unlabeled,dataset/maestro-v3.0.0/2011/MIDI-Unprocessed_09_R1_2011_MID--AUDIO_R1-D3_15_Track15_wav.wav,dataset/maestro-v3.0.0/2011/MIDI-Unprocessed_09_R1_2011_MID--AUDIO_R1-D3_15_Track15_wav.midi
unlabeled,dataset/maestro-v3.0.0/2014/MIDI-UNPROCESSED_14-15_R1_2014_MID--AUDIO_15_R1_2014_wav--5.wav,dataset/maestro-v3.0.0/2014/MIDI-UNPROCESSED_14-15_R1_2014_MID--AUDIO_15_R1_2014_wav--5.midi
unlabeled,dataset/maestro-v3.0.0/2008/MIDI-Unprocessed_01_R1_2008_01-04_ORIG_MID--AUDIO_01_R1_2008_wav--3.wav,dataset/maestro-v3.0.0/2008/MIDI-Unprocessed_01_R1_2008_01-04_ORIG_MID--AUDIO_01_R1_2008_wav--3.midi
unlabeled,dataset/maestro-v3.0.0/2006/MIDI-Unprocessed_12_R1_2006_01-08_ORIG_MID--AUDIO_12_R1_2006_02_Track02_wav.wav,dataset/maestro-v3.0.0/2006/MIDI-Unprocessed_12_R1_2006_01-08_ORIG_MID--AUDIO_12_R1_2006_02_Track02_wav.midi
unlabeled,dataset/maestro-v3.0.0/2018/MIDI-Unprocessed_Recital1-3_MID--AUDIO_01_R1_2018_wav--4.wav,dataset/maestro-v3.0.0/2018/MIDI-Unprocessed_Recital1-3_MID--AUDIO_01_R1_2018_wav--4.midi
unlabeled,dataset/maestro-v3.0.0/2018/MIDI-Unprocessed_Recital17-19_MID--AUDIO_18_R1_2018_wav--2.wav,dataset/maestro-v3.0.0/2018/MIDI-Unprocessed_Recital17-19_MID--AUDIO_18_R1_2018_wav--2.midi
unlabeled,dataset/maestro-v3.0.0/2017/MIDI-Unprocessed_079_PIANO079_MID--AUDIO-split_07-09-17_Piano-e_1-04_wav--4.wav,dataset/maestro-v3.0.0/2017/MIDI-Unprocessed_079_PIANO079_MID--AUDIO-split_07-09-17_Piano-e_1-04_wav--4.midi
unlabeled,dataset/maestro-v3.0.0/2018/MIDI-Unprocessed_Recital5-7_MID--AUDIO_07_R1_2018_wav--2.wav,dataset/maestro-v3.0.0/2018/MIDI-Unprocessed_Recital5-7_MID--AUDIO_07_R1_2018_wav--2.midi
unlabeled,dataset/maestro-v3.0.0/2018/MIDI-Unprocessed_Recital9-11_MID--AUDIO_11_R1_2018_wav--2.wav,dataset/maestro-v3.0.0/2018/MIDI-Unprocessed_Recital9-11_MID--AUDIO_11_R1_2018_wav--2.midi
unlabeled,dataset/maestro-v3.0.0/2018/MIDI-Unprocessed_Chamber6_MID--AUDIO_20_R3_2018_wav--2.wav,dataset/maestro-v3.0.0/2018/MIDI-Unprocessed_Chamber6_MID--AUDIO_20_R3_2018_wav--2.midi
unlabeled,dataset/maestro-v3.0.0/2004/MIDI-Unprocessed_SMF_07_R1_2004_01_ORIG_MID--AUDIO_07_R1_2004_12_Track12_wav.wav,dataset/maestro-v3.0.0/2004/MIDI-Unprocessed_SMF_07_R1_2004_01_ORIG_MID--AUDIO_07_R1_2004_12_Track12_wav.midi
unlabeled,dataset/maestro-v3.0.0/2018/MIDI-Unprocessed_Recital12_MID--AUDIO_12_R1_2018_wav--2.wav,dataset/maestro-v3.0.0/2018/MIDI-Unprocessed_Recital12_MID--AUDIO_12_R1_2018_wav--2.midi
unlabeled,dataset/maestro-v3.0.0/2009/MIDI-Unprocessed_09_R1_2009_01-04_ORIG_MID--AUDIO_09_R1_2009_09_R1_2009_04_WAV.wav,dataset/maestro-v3.0.0/2009/MIDI-Unprocessed_09_R1_2009_01-04_ORIG_MID--AUDIO_09_R1_2009_09_R1_2009_04_WAV.midi
unlabeled,dataset/maestro-v3.0.0/2009/MIDI-Unprocessed_19_R1_2009_03-04_ORIG_MID--AUDIO_19_R1_2009_19_R1_2009_04_WAV.wav,dataset/maestro-v3.0.0/2009/MIDI-Unprocessed_19_R1_2009_03-04_ORIG_MID--AUDIO_19_R1_2009_19_R1_2009_04_WAV.midi
unlabeled,dataset/maestro-v3.0.0/2008/MIDI-Unprocessed_07_R1_2008_01-04_ORIG_MID--AUDIO_07_R1_2008_wav--4.wav,dataset/maestro-v3.0.0/2008/MIDI-Unprocessed_07_R1_2008_01-04_ORIG_MID--AUDIO_07_R1_2008_wav--4.midi
unlabeled,dataset/maestro-v3.0.0/2014/MIDI-UNPROCESSED_21-22_R1_2014_MID--AUDIO_21_R1_2014_wav--6.wav,dataset/maestro-v3.0.0/2014/MIDI-UNPROCESSED_21-22_R1_2014_MID--AUDIO_21_R1_2014_wav--6.midi
unlabeled,dataset/maestro-v3.0.0/2014/MIDI-UNPROCESSED_21-22_R1_2014_MID--AUDIO_22_R1_2014_wav--4.wav,dataset/maestro-v3.0.0/2014/MIDI-UNPROCESSED_21-22_R1_2014_MID--AUDIO_22_R1_2014_wav--4.midi
unlabeled,dataset/maestro-v3.0.0/2009/MIDI-Unprocessed_09_R1_2009_01-04_ORIG_MID--AUDIO_09_R1_2009_09_R1_2009_01_WAV.wav,dataset/maestro-v3.0.0/2009/MIDI-Unprocessed_09_R1_2009_01-04_ORIG_MID--AUDIO_09_R1_2009_09_R1_2009_01_WAV.midi
unlabeled,dataset/maestro-v3.0.0/2008/MIDI-Unprocessed_02_R3_2008_01-03_ORIG_MID--AUDIO_02_R3_2008_wav--3.wav,dataset/maestro-v3.0.0/2008/MIDI-Unprocessed_02_R3_2008_01-03_ORIG_MID--AUDIO_02_R3_2008_wav--3.midi
unlabeled,dataset/maestro-v3.0.0/2006/MIDI-Unprocessed_08_R1_2006_01-04_ORIG_MID--AUDIO_08_R1_2006_Disk1_01_Track01_wav.wav,dataset/maestro-v3.0.0/2006/MIDI-Unprocessed_08_R1_2006_01-04_ORIG_MID--AUDIO_08_R1_2006_Disk1_01_Track01_wav.midi
unlabeled,dataset/maestro-v3.0.0/2008/MIDI-Unprocessed_10_R3_2008_01-05_ORIG_MID--AUDIO_10_R3_2008_wav--4.wav,dataset/maestro-v3.0.0/2008/MIDI-Unprocessed_10_R3_2008_01-05_ORIG_MID--AUDIO_10_R3_2008_wav--4.midi
unlabeled,dataset/maestro-v3.0.0/2013/ORIG-MIDI_03_7_10_13_Group_MID--AUDIO_18_R3_2013_wav--2.wav,dataset/maestro-v3.0.0/2013/ORIG-MIDI_03_7_10_13_Group_MID--AUDIO_18_R3_2013_wav--2.midi
unlabeled,dataset/maestro-v3.0.0/2008/MIDI-Unprocessed_07_R3_2008_01-05_ORIG_MID--AUDIO_07_R3_2008_wav--3.wav,dataset/maestro-v3.0.0/2008/MIDI-Unprocessed_07_R3_2008_01-05_ORIG_MID--AUDIO_07_R3_2008_wav--3.midi
unlabeled,dataset/maestro-v3.0.0/2008/MIDI-Unprocessed_10_R3_2008_01-05_ORIG_MID--AUDIO_10_R3_2008_wav--3.wav,dataset/maestro-v3.0.0/2008/MIDI-Unprocessed_10_R3_2008_01-05_ORIG_MID--AUDIO_10_R3_2008_wav--3.midi
unlabeled,dataset/maestro-v3.0.0/2008/MIDI-Unprocessed_07_R3_2008_01-05_ORIG_MID--AUDIO_07_R3_2008_wav--4.wav,dataset/maestro-v3.0.0/2008/MIDI-Unprocessed_07_R3_2008_01-05_ORIG_MID--AUDIO_07_R3_2008_wav--4.midi
unlabeled,dataset/maestro-v3.0.0/2015/MIDI-Unprocessed_R1_D1-1-8_mid--AUDIO-from_mp3_02_R1_2015_wav--3.wav,dataset/maestro-v3.0.0/2015/MIDI-Unprocessed_R1_D1-1-8_mid--AUDIO-from_mp3_02_R1_2015_wav--3.midi
unlabeled,dataset/maestro-v3.0.0/2006/MIDI-Unprocessed_01_R1_2006_01-09_ORIG_MID--AUDIO_01_R1_2006_03_Track03_wav.wav,dataset/maestro-v3.0.0/2006/MIDI-Unprocessed_01_R1_2006_01-09_ORIG_MID--AUDIO_01_R1_2006_03_Track03_wav.midi
unlabeled,dataset/maestro-v3.0.0/2009/MIDI-Unprocessed_11_R1_2009_01-05_ORIG_MID--AUDIO_11_R1_2009_11_R1_2009_02_WAV.wav,dataset/maestro-v3.0.0/2009/MIDI-Unprocessed_11_R1_2009_01-05_ORIG_MID--AUDIO_11_R1_2009_11_R1_2009_02_WAV.midi
unlabeled,dataset/maestro-v3.0.0/2009/MIDI-Unprocessed_11_R1_2009_01-05_ORIG_MID--AUDIO_11_R1_2009_11_R1_2009_03_WAV.wav,dataset/maestro-v3.0.0/2009/MIDI-Unprocessed_11_R1_2009_01-05_ORIG_MID--AUDIO_11_R1_2009_11_R1_2009_03_WAV.midi
unlabeled,dataset/maestro-v3.0.0/2008/MIDI-Unprocessed_11_R2_2008_01-05_ORIG_MID--AUDIO_11_R2_2008_wav--2.wav,dataset/maestro-v3.0.0/2008/MIDI-Unprocessed_11_R2_2008_01-05_ORIG_MID--AUDIO_11_R2_2008_wav--2.midi
unlabeled,dataset/maestro-v3.0.0/2006/MIDI-Unprocessed_18_R1_2006_01-05_ORIG_MID--AUDIO_18_R1_2006_02_Track02_wav.wav,dataset/maestro-v3.0.0/2006/MIDI-Unprocessed_18_R1_2006_01-05_ORIG_MID--AUDIO_18_R1_2006_02_Track02_wav.midi
unlabeled,dataset/maestro-v3.0.0/2006/MIDI-Unprocessed_14_R1_2006_01-05_ORIG_MID--AUDIO_14_R1_2006_03_Track03_wav.wav,dataset/maestro-v3.0.0/2006/MIDI-Unprocessed_14_R1_2006_01-05_ORIG_MID--AUDIO_14_R1_2006_03_Track03_wav.midi
unlabeled,dataset/maestro-v3.0.0/2004/MIDI-Unprocessed_XP_08_R1_2004_03_ORIG_MID--AUDIO_08_R1_2004_03_Track03_wav.wav,dataset/maestro-v3.0.0/2004/MIDI-Unprocessed_XP_08_R1_2004_03_ORIG_MID--AUDIO_08_R1_2004_03_Track03_wav.midi
unlabeled,dataset/maestro-v3.0.0/2014/MIDI-UNPROCESSED_09-10_R1_2014_MID--AUDIO_10_R1_2014_wav--4.wav,dataset/maestro-v3.0.0/2014/MIDI-UNPROCESSED_09-10_R1_2014_MID--AUDIO_10_R1_2014_wav--4.midi
unlabeled,dataset/maestro-v3.0.0/2006/MIDI-Unprocessed_24_R1_2006_01-05_ORIG_MID--AUDIO_24_R1_2006_02_Track02_wav.wav,dataset/maestro-v3.0.0/2006/MIDI-Unprocessed_24_R1_2006_01-05_ORIG_MID--AUDIO_24_R1_2006_02_Track02_wav.midi
unlabeled,dataset/maestro-v3.0.0/2009/MIDI-Unprocessed_15_R1_2009_03-06_ORIG_MID--AUDIO_15_R1_2009_15_R1_2009_03_WAV.wav,dataset/maestro-v3.0.0/2009/MIDI-Unprocessed_15_R1_2009_03-06_ORIG_MID--AUDIO_15_R1_2009_15_R1_2009_03_WAV.midi
unlabeled,dataset/maestro-v3.0.0/2008/MIDI-Unprocessed_06_R2_2008_01-05_ORIG_MID--AUDIO_06_R2_2008_wav--4.wav,dataset/maestro-v3.0.0/2008/MIDI-Unprocessed_06_R2_2008_01-05_ORIG_MID--AUDIO_06_R2_2008_wav--4.midi
unlabeled,dataset/maestro-v3.0.0/2018/MIDI-Unprocessed_Recital20_MID--AUDIO_20_R1_2018_wav--3.wav,dataset/maestro-v3.0.0/2018/MIDI-Unprocessed_Recital20_MID--AUDIO_20_R1_2018_wav--3.midi
unlabeled,dataset/maestro-v3.0.0/2008/MIDI-Unprocessed_06_R2_2008_01-05_ORIG_MID--AUDIO_06_R2_2008_wav--5.wav,dataset/maestro-v3.0.0/2008/MIDI-Unprocessed_06_R2_2008_01-05_ORIG_MID--AUDIO_06_R2_2008_wav--5.midi
unlabeled,dataset/maestro-v3.0.0/2011/MIDI-Unprocessed_15_R1_2011_MID--AUDIO_R1-D6_10_Track10_wav.wav,dataset/maestro-v3.0.0/2011/MIDI-Unprocessed_15_R1_2011_MID--AUDIO_R1-D6_10_Track10_wav.midi
unlabeled,dataset/maestro-v3.0.0/2014/MIDI-UNPROCESSED_06-08_R1_2014_MID--AUDIO_07_R1_2014_wav--6.wav,dataset/maestro-v3.0.0/2014/MIDI-UNPROCESSED_06-08_R1_2014_MID--AUDIO_07_R1_2014_wav--6.midi
unlabeled,dataset/maestro-v3.0.0/2013/ORIG-MIDI_02_7_7_13_Group__MID--AUDIO_15_R1_2013_wav--4.wav,dataset/maestro-v3.0.0/2013/ORIG-MIDI_02_7_7_13_Group__MID--AUDIO_15_R1_2013_wav--4.midi
unlabeled,dataset/maestro-v3.0.0/2013/ORIG-MIDI_02_7_10_13_Group_MID--AUDIO_12_R3_2013_wav--3.wav,dataset/maestro-v3.0.0/2013/ORIG-MIDI_02_7_10_13_Group_MID--AUDIO_12_R3_2013_wav--3.midi
unlabeled,dataset/maestro-v3.0.0/2017/MIDI-Unprocessed_071_PIANO071_MID--AUDIO-split_07-08-17_Piano-e_1-04_wav--4.wav,dataset/maestro-v3.0.0/2017/MIDI-Unprocessed_071_PIANO071_MID--AUDIO-split_07-08-17_Piano-e_1-04_wav--4.midi
unlabeled,dataset/maestro-v3.0.0/2018/MIDI-Unprocessed_Recital1-3_MID--AUDIO_02_R1_2018_wav--4.wav,dataset/maestro-v3.0.0/2018/MIDI-Unprocessed_Recital1-3_MID--AUDIO_02_R1_2018_wav--4.midi
unlabeled,dataset/maestro-v3.0.0/2008/MIDI-Unprocessed_10_R3_2008_01-05_ORIG_MID--AUDIO_10_R3_2008_wav--2.wav,dataset/maestro-v3.0.0/2008/MIDI-Unprocessed_10_R3_2008_01-05_ORIG_MID--AUDIO_10_R3_2008_wav--2.midi
unlabeled,dataset/maestro-v3.0.0/2008/MIDI-Unprocessed_04_R2_2008_01-04_ORIG_MID--AUDIO_04_R2_2008_wav--1.wav,dataset/maestro-v3.0.0/2008/MIDI-Unprocessed_04_R2_2008_01-04_ORIG_MID--AUDIO_04_R2_2008_wav--1.midi
unlabeled,dataset/maestro-v3.0.0/2018/MIDI-Unprocessed_Recital9-11_MID--AUDIO_10_R1_2018_wav--3.wav,dataset/maestro-v3.0.0/2018/MIDI-Unprocessed_Recital9-11_MID--AUDIO_10_R1_2018_wav--3.midi
unlabeled,dataset/maestro-v3.0.0/2014/MIDI-UNPROCESSED_06-08_R1_2014_MID--AUDIO_07_R1_2014_wav--5.wav,dataset/maestro-v3.0.0/2014/MIDI-UNPROCESSED_06-08_R1_2014_MID--AUDIO_07_R1_2014_wav--5.midi
unlabeled,dataset/maestro-v3.0.0/2004/MIDI-Unprocessed_SMF_12_01_2004_01-05_ORIG_MID--AUDIO_12_R1_2004_08_Track08_wav.wav,dataset/maestro-v3.0.0/2004/MIDI-Unprocessed_SMF_12_01_2004_01-05_ORIG_MID--AUDIO_12_R1_2004_08_Track08_wav.midi
unlabeled,dataset/maestro-v3.0.0/2004/MIDI-Unprocessed_SMF_12_01_2004_01-05_ORIG_MID--AUDIO_12_R1_2004_09_Track09_wav.wav,dataset/maestro-v3.0.0/2004/MIDI-Unprocessed_SMF_12_01_2004_01-05_ORIG_MID--AUDIO_12_R1_2004_09_Track09_wav.midi
unlabeled,dataset/maestro-v3.0.0/2013/ORIG-MIDI_01_7_8_13_Group__MID--AUDIO_02_R2_2013_wav--2.wav,dataset/maestro-v3.0.0/2013/ORIG-MIDI_01_7_8_13_Group__MID--AUDIO_02_R2_2013_wav--2.midi
unlabeled,dataset/maestro-v3.0.0/2014/MIDI-UNPROCESSED_06-08_R1_2014_MID--AUDIO_08_R1_2014_wav--2.wav,dataset/maestro-v3.0.0/2014/MIDI-UNPROCESSED_06-08_R1_2014_MID--AUDIO_08_R1_2014_wav--2.midi
unlabeled,dataset/maestro-v3.0.0/2015/MIDI-Unprocessed_R1_D1-1-8_mid--AUDIO-from_mp3_02_R1_2015_wav--4.wav,dataset/maestro-v3.0.0/2015/MIDI-Unprocessed_R1_D1-1-8_mid--AUDIO-from_mp3_02_R1_2015_wav--4.midi
unlabeled,dataset/maestro-v3.0.0/2013/ORIG-MIDI_01_7_8_13_Group__MID--AUDIO_02_R2_2013_wav--3.wav,dataset/maestro-v3.0.0/2013/ORIG-MIDI_01_7_8_13_Group__MID--AUDIO_02_R2_2013_wav--3.midi
unlabeled,dataset/maestro-v3.0.0/2006/MIDI-Unprocessed_04_R1_2006_01-04_ORIG_MID--AUDIO_04_R1_2006_02_Track02_wav.wav,dataset/maestro-v3.0.0/2006/MIDI-Unprocessed_04_R1_2006_01-04_ORIG_MID--AUDIO_04_R1_2006_02_Track02_wav.midi
unlabeled,dataset/maestro-v3.0.0/2006/MIDI-Unprocessed_05_R1_2006_01-05_ORIG_MID--AUDIO_05_R1_2006_02_Track02_wav.wav,dataset/maestro-v3.0.0/2006/MIDI-Unprocessed_05_R1_2006_01-05_ORIG_MID--AUDIO_05_R1_2006_02_Track02_wav.midi
unlabeled,dataset/maestro-v3.0.0/2018/MIDI-Unprocessed_Recital1-3_MID--AUDIO_01_R1_2018_wav--2.wav,dataset/maestro-v3.0.0/2018/MIDI-Unprocessed_Recital1-3_MID--AUDIO_01_R1_2018_wav--2.midi
unlabeled,dataset/maestro-v3.0.0/2014/MIDI-UNPROCESSED_16-18_R1_2014_MID--AUDIO_16_R1_2014_wav--3.wav,dataset/maestro-v3.0.0/2014/MIDI-UNPROCESSED_16-18_R1_2014_MID--AUDIO_16_R1_2014_wav--3.midi
unlabeled,dataset/maestro-v3.0.0/2008/MIDI-Unprocessed_09_R3_2008_01-07_ORIG_MID--AUDIO_09_R3_2008_wav--3.wav,dataset/maestro-v3.0.0/2008/MIDI-Unprocessed_09_R3_2008_01-07_ORIG_MID--AUDIO_09_R3_2008_wav--3.midi
unlabeled,dataset/maestro-v3.0.0/2009/MIDI-Unprocessed_14_R1_2009_01-05_ORIG_MID--AUDIO_14_R1_2009_14_R1_2009_04_WAV.wav,dataset/maestro-v3.0.0/2009/MIDI-Unprocessed_14_R1_2009_01-05_ORIG_MID--AUDIO_14_R1_2009_14_R1_2009_04_WAV.midi
unlabeled,dataset/maestro-v3.0.0/2009/MIDI-Unprocessed_01_R1_2009_01-04_ORIG_MID--AUDIO_01_R1_2009_01_R1_2009_01_WAV.wav,dataset/maestro-v3.0.0/2009/MIDI-Unprocessed_01_R1_2009_01-04_ORIG_MID--AUDIO_01_R1_2009_01_R1_2009_01_WAV.midi
unlabeled,dataset/maestro-v3.0.0/2018/MIDI-Unprocessed_Recital5-7_MID--AUDIO_07_R1_2018_wav--3.wav,dataset/maestro-v3.0.0/2018/MIDI-Unprocessed_Recital5-7_MID--AUDIO_07_R1_2018_wav--3.midi
unlabeled,dataset/maestro-v3.0.0/2014/MIDI-UNPROCESSED_11-13_R1_2014_MID--AUDIO_13_R1_2014_wav--1.wav,dataset/maestro-v3.0.0/2014/MIDI-UNPROCESSED_11-13_R1_2014_MID--AUDIO_13_R1_2014_wav--1.midi
unlabeled,dataset/maestro-v3.0.0/2009/MIDI-Unprocessed_09_R1_2009_01-04_ORIG_MID--AUDIO_09_R1_2009_09_R1_2009_02_WAV.wav,dataset/maestro-v3.0.0/2009/MIDI-Unprocessed_09_R1_2009_01-04_ORIG_MID--AUDIO_09_R1_2009_09_R1_2009_02_WAV.midi
unlabeled,dataset/maestro-v3.0.0/2009/MIDI-Unprocessed_14_R1_2009_01-05_ORIG_MID--AUDIO_14_R1_2009_14_R1_2009_03_WAV.wav,dataset/maestro-v3.0.0/2009/MIDI-Unprocessed_14_R1_2009_01-05_ORIG_MID--AUDIO_14_R1_2009_14_R1_2009_03_WAV.midi
unlabeled,dataset/maestro-v3.0.0/2014/MIDI-UNPROCESSED_09-10_R1_2014_MID--AUDIO_10_R1_2014_wav--2.wav,dataset/maestro-v3.0.0/2014/MIDI-UNPROCESSED_09-10_R1_2014_MID--AUDIO_10_R1_2014_wav--2.midi
unlabeled,dataset/maestro-v3.0.0/2014/MIDI-UNPROCESSED_09-10_R1_2014_MID--AUDIO_10_R1_2014_wav--1.wav,dataset/maestro-v3.0.0/2014/MIDI-UNPROCESSED_09-10_R1_2014_MID--AUDIO_10_R1_2014_wav--1.midi
unlabeled,dataset/maestro-v3.0.0/2009/MIDI-Unprocessed_01_R1_2009_01-04_ORIG_MID--AUDIO_01_R1_2009_01_R1_2009_02_WAV.wav,dataset/maestro-v3.0.0/2009/MIDI-Unprocessed_01_R1_2009_01-04_ORIG_MID--AUDIO_01_R1_2009_01_R1_2009_02_WAV.midi
unlabeled,dataset/maestro-v3.0.0/2014/MIDI-UNPROCESSED_19-21_R3_2014_MID--AUDIO_21_R3_2014_wav--2.wav,dataset/maestro-v3.0.0/2014/MIDI-UNPROCESSED_19-21_R3_2014_MID--AUDIO_21_R3_2014_wav--2.midi
unlabeled,dataset/maestro-v3.0.0/2014/MIDI-UNPROCESSED_11-13_R1_2014_MID--AUDIO_13_R1_2014_wav--2.wav,dataset/maestro-v3.0.0/2014/MIDI-UNPROCESSED_11-13_R1_2014_MID--AUDIO_13_R1_2014_wav--2.midi
unlabeled,dataset/maestro-v3.0.0/2009/MIDI-Unprocessed_02_R1_2009_01-02_ORIG_MID--AUDIO_02_R1_2009_02_R1_2009_01_WAV.wav,dataset/maestro-v3.0.0/2009/MIDI-Unprocessed_02_R1_2009_01-02_ORIG_MID--AUDIO_02_R1_2009_02_R1_2009_01_WAV.midi
unlabeled,dataset/maestro-v3.0.0/2014/MIDI-UNPROCESSED_04-05_R1_2014_MID--AUDIO_04_R1_2014_wav--1.wav,dataset/maestro-v3.0.0/2014/MIDI-UNPROCESSED_04-05_R1_2014_MID--AUDIO_04_R1_2014_wav--1.midi
unlabeled,dataset/maestro-v3.0.0/2018/MIDI-Unprocessed_Recital9-11_MID--AUDIO_09_R1_2018_wav--6.wav,dataset/maestro-v3.0.0/2018/MIDI-Unprocessed_Recital9-11_MID--AUDIO_09_R1_2018_wav--6.midi
unlabeled,dataset/maestro-v3.0.0/2014/MIDI-UNPROCESSED_11-13_R1_2014_MID--AUDIO_11_R1_2014_wav--2.wav,dataset/maestro-v3.0.0/2014/MIDI-UNPROCESSED_11-13_R1_2014_MID--AUDIO_11_R1_2014_wav--2.midi
unlabeled,dataset/maestro-v3.0.0/2009/MIDI-Unprocessed_14_R1_2009_01-05_ORIG_MID--AUDIO_14_R1_2009_14_R1_2009_05_WAV.wav,dataset/maestro-v3.0.0/2009/MIDI-Unprocessed_14_R1_2009_01-05_ORIG_MID--AUDIO_14_R1_2009_14_R1_2009_05_WAV.midi
unlabeled,dataset/maestro-v3.0.0/2017/MIDI-Unprocessed_083_PIANO083_MID--AUDIO-split_07-09-17_Piano-e_2_-06_wav--2.wav,dataset/maestro-v3.0.0/2017/MIDI-Unprocessed_083_PIANO083_MID--AUDIO-split_07-09-17_Piano-e_2_-06_wav--2.midi
unlabeled,dataset/maestro-v3.0.0/2014/MIDI-UNPROCESSED_21-22_R1_2014_MID--AUDIO_21_R1_2014_wav--1.wav,dataset/maestro-v3.0.0/2014/MIDI-UNPROCESSED_21-22_R1_2014_MID--AUDIO_21_R1_2014_wav--1.midi
unlabeled,dataset/maestro-v3.0.0/2014/MIDI-UNPROCESSED_21-22_R1_2014_MID--AUDIO_21_R1_2014_wav--3.wav,dataset/maestro-v3.0.0/2014/MIDI-UNPROCESSED_21-22_R1_2014_MID--AUDIO_21_R1_2014_wav--3.midi
unlabeled,dataset/maestro-v3.0.0/2014/MIDI-UNPROCESSED_21-22_R1_2014_MID--AUDIO_21_R1_2014_wav--2.wav,dataset/maestro-v3.0.0/2014/MIDI-UNPROCESSED_21-22_R1_2014_MID--AUDIO_21_R1_2014_wav--2.midi
unlabeled,dataset/maestro-v3.0.0/2017/MIDI-Unprocessed_070_PIANO070_MID--AUDIO-split_07-08-17_Piano-e_1-02_wav--3.wav,dataset/maestro-v3.0.0/2017/MIDI-Unprocessed_070_PIANO070_MID--AUDIO-split_07-08-17_Piano-e_1-02_wav--3.midi
unlabeled,dataset/maestro-v3.0.0/2017/MIDI-Unprocessed_072_PIANO072_MID--AUDIO-split_07-08-17_Piano-e_1-06_wav--1.wav,dataset/maestro-v3.0.0/2017/MIDI-Unprocessed_072_PIANO072_MID--AUDIO-split_07-08-17_Piano-e_1-06_wav--1.midi
unlabeled,dataset/maestro-v3.0.0/2017/MIDI-Unprocessed_074_PIANO074_MID--AUDIO-split_07-08-17_Piano-e_2-04_wav--1.wav,dataset/maestro-v3.0.0/2017/MIDI-Unprocessed_074_PIANO074_MID--AUDIO-split_07-08-17_Piano-e_2-04_wav--1.midi
unlabeled,dataset/maestro-v3.0.0/2017/MIDI-Unprocessed_081_PIANO081_MID--AUDIO-split_07-09-17_Piano-e_2_-02_wav--1.wav,dataset/maestro-v3.0.0/2017/MIDI-Unprocessed_081_PIANO081_MID--AUDIO-split_07-09-17_Piano-e_2_-02_wav--1.midi
unlabeled,dataset/maestro-v3.0.0/2017/MIDI-Unprocessed_083_PIANO083_MID--AUDIO-split_07-09-17_Piano-e_2_-06_wav--4.wav,dataset/maestro-v3.0.0/2017/MIDI-Unprocessed_083_PIANO083_MID--AUDIO-split_07-09-17_Piano-e_2_-06_wav--4.midi
unlabeled,dataset/maestro-v3.0.0/2008/MIDI-Unprocessed_08_R3_2008_01-05_ORIG_MID--AUDIO_08_R3_2008_wav--3.wav,dataset/maestro-v3.0.0/2008/MIDI-Unprocessed_08_R3_2008_01-05_ORIG_MID--AUDIO_08_R3_2008_wav--3.midi
unlabeled,dataset/maestro-v3.0.0/2008/MIDI-Unprocessed_10_R3_2008_01-05_ORIG_MID--AUDIO_10_R3_2008_wav--1.wav,dataset/maestro-v3.0.0/2008/MIDI-Unprocessed_10_R3_2008_01-05_ORIG_MID--AUDIO_10_R3_2008_wav--1.midi
unlabeled,dataset/maestro-v3.0.0/2008/MIDI-Unprocessed_11_R3_2008_01-04_ORIG_MID--AUDIO_11_R3_2008_wav--2.wav,dataset/maestro-v3.0.0/2008/MIDI-Unprocessed_11_R3_2008_01-04_ORIG_MID--AUDIO_11_R3_2008_wav--2.midi
unlabeled,dataset/maestro-v3.0.0/2015/MIDI-Unprocessed_R2_D1-2-3-6-7-8-11_mid--AUDIO-from_mp3_03_R2_2015_wav--2.wav,dataset/maestro-v3.0.0/2015/MIDI-Unprocessed_R2_D1-2-3-6-7-8-11_mid--AUDIO-from_mp3_03_R2_2015_wav--2.midi
unlabeled,dataset/maestro-v3.0.0/2015/MIDI-Unprocessed_R2_D1-2-3-6-7-8-11_mid--AUDIO-from_mp3_07_R2_2015_wav--2.wav,dataset/maestro-v3.0.0/2015/MIDI-Unprocessed_R2_D1-2-3-6-7-8-11_mid--AUDIO-from_mp3_07_R2_2015_wav--2.midi
unlabeled,dataset/maestro-v3.0.0/2013/ORIG-MIDI_01_7_10_13_Group_MID--AUDIO_02_R3_2013_wav--1.wav,dataset/maestro-v3.0.0/2013/ORIG-MIDI_01_7_10_13_Group_MID--AUDIO_02_R3_2013_wav--1.midi
unlabeled,dataset/maestro-v3.0.0/2013/ORIG-MIDI_02_7_10_13_Group_MID--AUDIO_11_R3_2013_wav--1.wav,dataset/maestro-v3.0.0/2013/ORIG-MIDI_02_7_10_13_Group_MID--AUDIO_11_R3_2013_wav--1.midi
unlabeled,dataset/maestro-v3.0.0/2013/ORIG-MIDI_03_7_10_13_Group_MID--AUDIO_15_R3_2013_wav--1.wav,dataset/maestro-v3.0.0/2013/ORIG-MIDI_03_7_10_13_Group_MID--AUDIO_15_R3_2013_wav--1.midi
unlabeled,dataset/maestro-v3.0.0/2013/ORIG-MIDI_03_7_10_13_Group_MID--AUDIO_17_R3_2013_wav--2.wav,dataset/maestro-v3.0.0/2013/ORIG-MIDI_03_7_10_13_Group_MID--AUDIO_17_R3_2013_wav--2.midi
unlabeled,dataset/maestro-v3.0.0/2013/ORIG-MIDI_03_7_10_13_Group_MID--AUDIO_18_R3_2013_wav--3.wav,dataset/maestro-v3.0.0/2013/ORIG-MIDI_03_7_10_13_Group_MID--AUDIO_18_R3_2013_wav--3.midi
unlabeled,dataset/maestro-v3.0.0/2011/MIDI-Unprocessed_03_R3_2011_MID--AUDIO_R3-D1_04_Track04_wav.wav,dataset/maestro-v3.0.0/2011/MIDI-Unprocessed_03_R3_2011_MID--AUDIO_R3-D1_04_Track04_wav.midi
unlabeled,dataset/maestro-v3.0.0/2011/MIDI-Unprocessed_04_R3_2011_MID--AUDIO_R3-D2_04_Track04_wav.wav,dataset/maestro-v3.0.0/2011/MIDI-Unprocessed_04_R3_2011_MID--AUDIO_R3-D2_04_Track04_wav.midi
unlabeled,dataset/maestro-v3.0.0/2011/MIDI-Unprocessed_06_R3_2011_MID--AUDIO_R3-D3_02_Track02_wav.wav,dataset/maestro-v3.0.0/2011/MIDI-Unprocessed_06_R3_2011_MID--AUDIO_R3-D3_02_Track02_wav.midi
unlabeled,dataset/maestro-v3.0.0/2011/MIDI-Unprocessed_23_R3_2011_MID--AUDIO_R3-D8_05_Track05_wav.wav,dataset/maestro-v3.0.0/2011/MIDI-Unprocessed_23_R3_2011_MID--AUDIO_R3-D8_05_Track05_wav.midi
unlabeled,dataset/maestro-v3.0.0/2011/MIDI-Unprocessed_16_R3_2011_MID--AUDIO_R3-D5_02_Track02_wav.wav,dataset/maestro-v3.0.0/2011/MIDI-Unprocessed_16_R3_2011_MID--AUDIO_R3-D5_02_Track02_wav.midi
unlabeled,dataset/maestro-v3.0.0/2008/MIDI-Unprocessed_07_R3_2008_01-05_ORIG_MID--AUDIO_07_R3_2008_wav--2.wav,dataset/maestro-v3.0.0/2008/MIDI-Unprocessed_07_R3_2008_01-05_ORIG_MID--AUDIO_07_R3_2008_wav--2.midi
unlabeled,dataset/maestro-v3.0.0/2015/MIDI-Unprocessed_R2_D1-2-3-6-7-8-11_mid--AUDIO-from_mp3_06_R2_2015_wav--2.wav,dataset/maestro-v3.0.0/2015/MIDI-Unprocessed_R2_D1-2-3-6-7-8-11_mid--AUDIO-from_mp3_06_R2_2015_wav--2.midi
unlabeled,dataset/maestro-v3.0.0/2015/MIDI-Unprocessed_R2_D2-12-13-15_mid--AUDIO-from_mp3_13_R2_2015_wav--1.wav,dataset/maestro-v3.0.0/2015/MIDI-Unprocessed_R2_D2-12-13-15_mid--AUDIO-from_mp3_13_R2_2015_wav--1.midi
unlabeled,dataset/maestro-v3.0.0/2015/MIDI-Unprocessed_R2_D2-12-13-15_mid--AUDIO-from_mp3_15_R2_2015_wav--2.wav,dataset/maestro-v3.0.0/2015/MIDI-Unprocessed_R2_D2-12-13-15_mid--AUDIO-from_mp3_15_R2_2015_wav--2.midi
unlabeled,dataset/maestro-v3.0.0/2006/MIDI-Unprocessed_12_R1_2006_01-08_ORIG_MID--AUDIO_12_R1_2006_06_Track06_wav.wav,dataset/maestro-v3.0.0/2006/MIDI-Unprocessed_12_R1_2006_01-08_ORIG_MID--AUDIO_12_R1_2006_06_Track06_wav.midi
unlabeled,dataset/maestro-v3.0.0/2011/MIDI-Unprocessed_03_R3_2011_MID--AUDIO_R3-D1_05_Track05_wav.wav,dataset/maestro-v3.0.0/2011/MIDI-Unprocessed_03_R3_2011_MID--AUDIO_R3-D1_05_Track05_wav.midi
unlabeled,dataset/maestro-v3.0.0/2008/MIDI-Unprocessed_08_R2_2008_01-04_ORIG_MID--AUDIO_08_R2_2008_wav--4.wav,dataset/maestro-v3.0.0/2008/MIDI-Unprocessed_08_R2_2008_01-04_ORIG_MID--AUDIO_08_R2_2008_wav--4.midi
unlabeled,dataset/maestro-v3.0.0/2008/MIDI-Unprocessed_09_R1_2008_01-05_ORIG_MID--AUDIO_09_R1_2008_wav--3.wav,dataset/maestro-v3.0.0/2008/MIDI-Unprocessed_09_R1_2008_01-05_ORIG_MID--AUDIO_09_R1_2008_wav--3.midi
unlabeled,dataset/maestro-v3.0.0/2008/MIDI-Unprocessed_10_R1_2008_01-04_ORIG_MID--AUDIO_10_R1_2008_wav--4.wav,dataset/maestro-v3.0.0/2008/MIDI-Unprocessed_10_R1_2008_01-04_ORIG_MID--AUDIO_10_R1_2008_wav--4.midi
unlabeled,dataset/maestro-v3.0.0/2008/MIDI-Unprocessed_18_R1_2008_01-04_ORIG_MID--AUDIO_18_R1_2008_wav--4.wav,dataset/maestro-v3.0.0/2008/MIDI-Unprocessed_18_R1_2008_01-04_ORIG_MID--AUDIO_18_R1_2008_wav--4.midi
unlabeled,dataset/maestro-v3.0.0/2011/MIDI-Unprocessed_17_R2_2011_MID--AUDIO_R2-D5_03_Track03_wav.wav,dataset/maestro-v3.0.0/2011/MIDI-Unprocessed_17_R2_2011_MID--AUDIO_R2-D5_03_Track03_wav.midi
unlabeled,dataset/maestro-v3.0.0/2014/MIDI-UNPROCESSED_09-10_R1_2014_MID--AUDIO_09_R1_2014_wav--2.wav,dataset/maestro-v3.0.0/2014/MIDI-UNPROCESSED_09-10_R1_2014_MID--AUDIO_09_R1_2014_wav--2.midi
unlabeled,dataset/maestro-v3.0.0/2014/MIDI-UNPROCESSED_04-08-12_R3_2014_MID--AUDIO_04_R3_2014_wav--1.wav,dataset/maestro-v3.0.0/2014/MIDI-UNPROCESSED_04-08-12_R3_2014_MID--AUDIO_04_R3_2014_wav--1.midi
unlabeled,dataset/maestro-v3.0.0/2013/ORIG-MIDI_01_7_8_13_Group__MID--AUDIO_04_R2_2013_wav--3.wav,dataset/maestro-v3.0.0/2013/ORIG-MIDI_01_7_8_13_Group__MID--AUDIO_04_R2_2013_wav--3.midi
unlabeled,dataset/maestro-v3.0.0/2013/ORIG-MIDI_03_7_8_13_Group__MID--AUDIO_15_R2_2013_wav--2.wav,dataset/maestro-v3.0.0/2013/ORIG-MIDI_03_7_8_13_Group__MID--AUDIO_15_R2_2013_wav--2.midi
unlabeled,dataset/maestro-v3.0.0/2014/MIDI-UNPROCESSED_21-22_R1_2014_MID--AUDIO_22_R1_2014_wav--2.wav,dataset/maestro-v3.0.0/2014/MIDI-UNPROCESSED_21-22_R1_2014_MID--AUDIO_22_R1_2014_wav--2.midi
unlabeled,dataset/maestro-v3.0.0/2011/MIDI-Unprocessed_16_R2_2011_MID--AUDIO_R2-D4_08_Track08_wav.wav,dataset/maestro-v3.0.0/2011/MIDI-Unprocessed_16_R2_2011_MID--AUDIO_R2-D4_08_Track08_wav.midi
unlabeled,dataset/maestro-v3.0.0/2013/ORIG-MIDI_01_7_7_13_Group__MID--AUDIO_12_R1_2013_wav--4.wav,dataset/maestro-v3.0.0/2013/ORIG-MIDI_01_7_7_13_Group__MID--AUDIO_12_R1_2013_wav--4.midi
unlabeled,dataset/maestro-v3.0.0/2008/MIDI-Unprocessed_11_R2_2008_01-05_ORIG_MID--AUDIO_11_R2_2008_wav--5.wav,dataset/maestro-v3.0.0/2008/MIDI-Unprocessed_11_R2_2008_01-05_ORIG_MID--AUDIO_11_R2_2008_wav--5.midi
unlabeled,dataset/maestro-v3.0.0/2015/MIDI-Unprocessed_R1_D2-13-20_mid--AUDIO-from_mp3_16_R1_2015_wav--3.wav,dataset/maestro-v3.0.0/2015/MIDI-Unprocessed_R1_D2-13-20_mid--AUDIO-from_mp3_16_R1_2015_wav--3.midi
unlabeled,dataset/maestro-v3.0.0/2011/MIDI-Unprocessed_03_R1_2011_MID--AUDIO_R1-D1_18_Track18_wav.wav,dataset/maestro-v3.0.0/2011/MIDI-Unprocessed_03_R1_2011_MID--AUDIO_R1-D1_18_Track18_wav.midi
unlabeled,dataset/maestro-v3.0.0/2011/MIDI-Unprocessed_05_R1_2011_MID--AUDIO_R1-D2_11_Track11_wav.wav,dataset/maestro-v3.0.0/2011/MIDI-Unprocessed_05_R1_2011_MID--AUDIO_R1-D2_11_Track11_wav.midi
unlabeled,dataset/maestro-v3.0.0/2015/MIDI-Unprocessed_R1_D1-1-8_mid--AUDIO-from_mp3_06_R1_2015_wav--5.wav,dataset/maestro-v3.0.0/2015/MIDI-Unprocessed_R1_D1-1-8_mid--AUDIO-from_mp3_06_R1_2015_wav--5.midi
unlabeled,dataset/maestro-v3.0.0/2011/MIDI-Unprocessed_04_R3_2011_MID--AUDIO_R3-D2_03_Track03_wav.wav,dataset/maestro-v3.0.0/2011/MIDI-Unprocessed_04_R3_2011_MID--AUDIO_R3-D2_03_Track03_wav.midi
unlabeled,dataset/maestro-v3.0.0/2011/MIDI-Unprocessed_08_R1_2011_MID--AUDIO_R1-D3_10_Track10_wav.wav,dataset/maestro-v3.0.0/2011/MIDI-Unprocessed_08_R1_2011_MID--AUDIO_R1-D3_10_Track10_wav.midi
unlabeled,dataset/maestro-v3.0.0/2004/MIDI-Unprocessed_SMF_22_R1_2004_01-04_ORIG_MID--AUDIO_22_R1_2004_17_Track17_wav.wav,dataset/maestro-v3.0.0/2004/MIDI-Unprocessed_SMF_22_R1_2004_01-04_ORIG_MID--AUDIO_22_R1_2004_17_Track17_wav.midi
unlabeled,dataset/maestro-v3.0.0/2006/MIDI-Unprocessed_09_R1_2006_01-04_ORIG_MID--AUDIO_09_R1_2006_02_Track02_wav.wav,dataset/maestro-v3.0.0/2006/MIDI-Unprocessed_09_R1_2006_01-04_ORIG_MID--AUDIO_09_R1_2006_02_Track02_wav.midi
unlabeled,dataset/maestro-v3.0.0/2006/MIDI-Unprocessed_10_R1_2006_01-04_ORIG_MID--AUDIO_10_R1_2006_05_Track05_wav.wav,dataset/maestro-v3.0.0/2006/MIDI-Unprocessed_10_R1_2006_01-04_ORIG_MID--AUDIO_10_R1_2006_05_Track05_wav.midi
unlabeled,dataset/maestro-v3.0.0/2009/MIDI-Unprocessed_05_R1_2009_01-02_ORIG_MID--AUDIO_05_R1_2009_05_R1_2009_02_WAV.wav,dataset/maestro-v3.0.0/2009/MIDI-Unprocessed_05_R1_2009_01-02_ORIG_MID--AUDIO_05_R1_2009_05_R1_2009_02_WAV.midi
unlabeled,dataset/maestro-v3.0.0/2009/MIDI-Unprocessed_11_R1_2009_06-09_ORIG_MID--AUDIO_11_R1_2009_11_R1_2009_09_WAV.wav,dataset/maestro-v3.0.0/2009/MIDI-Unprocessed_11_R1_2009_06-09_ORIG_MID--AUDIO_11_R1_2009_11_R1_2009_09_WAV.midi
unlabeled,dataset/maestro-v3.0.0/2018/MIDI-Unprocessed_Recital1-3_MID--AUDIO_01_R1_2018_wav--3.wav,dataset/maestro-v3.0.0/2018/MIDI-Unprocessed_Recital1-3_MID--AUDIO_01_R1_2018_wav--3.midi
unlabeled,dataset/maestro-v3.0.0/2015/MIDI-Unprocessed_R1_D1-1-8_mid--AUDIO-from_mp3_01_R1_2015_wav--5.wav,dataset/maestro-v3.0.0/2015/MIDI-Unprocessed_R1_D1-1-8_mid--AUDIO-from_mp3_01_R1_2015_wav--5.midi
unlabeled,dataset/maestro-v3.0.0/2015/MIDI-Unprocessed_R1_D1-1-8_mid--AUDIO-from_mp3_02_R1_2015_wav--6.wav,dataset/maestro-v3.0.0/2015/MIDI-Unprocessed_R1_D1-1-8_mid--AUDIO-from_mp3_02_R1_2015_wav--6.midi
unlabeled,dataset/maestro-v3.0.0/2015/MIDI-Unprocessed_R1_D1-9-12_mid--AUDIO-from_mp3_12_R1_2015_wav--5.wav,dataset/maestro-v3.0.0/2015/MIDI-Unprocessed_R1_D1-9-12_mid--AUDIO-from_mp3_12_R1_2015_wav--5.midi
unlabeled,dataset/maestro-v3.0.0/2017/MIDI-Unprocessed_046_PIANO046_MID--AUDIO-split_07-06-17_Piano-e_2-02_wav--3.wav,dataset/maestro-v3.0.0/2017/MIDI-Unprocessed_046_PIANO046_MID--AUDIO-split_07-06-17_Piano-e_2-02_wav--3.midi
unlabeled,dataset/maestro-v3.0.0/2017/MIDI-Unprocessed_054_PIANO054_MID--AUDIO-split_07-07-17_Piano-e_1-02_wav--3.wav,dataset/maestro-v3.0.0/2017/MIDI-Unprocessed_054_PIANO054_MID--AUDIO-split_07-07-17_Piano-e_1-02_wav--3.midi
unlabeled,dataset/maestro-v3.0.0/2017/MIDI-Unprocessed_066_PIANO066_MID--AUDIO-split_07-07-17_Piano-e_3-02_wav--4.wav,dataset/maestro-v3.0.0/2017/MIDI-Unprocessed_066_PIANO066_MID--AUDIO-split_07-07-17_Piano-e_3-02_wav--4.midi
unlabeled,dataset/maestro-v3.0.0/2015/MIDI-Unprocessed_R1_D2-21-22_mid--AUDIO-from_mp3_22_R1_2015_wav--5.wav,dataset/maestro-v3.0.0/2015/MIDI-Unprocessed_R1_D2-21-22_mid--AUDIO-from_mp3_22_R1_2015_wav--5.midi
unlabeled,dataset/maestro-v3.0.0/2011/MIDI-Unprocessed_23_R2_2011_MID--AUDIO_R2-D6_04_Track04_wav.wav,dataset/maestro-v3.0.0/2011/MIDI-Unprocessed_23_R2_2011_MID--AUDIO_R2-D6_04_Track04_wav.midi
unlabeled,dataset/maestro-v3.0.0/2017/MIDI-Unprocessed_043_PIANO043_MID--AUDIO-split_07-06-17_Piano-e_1-03_wav--4.wav,dataset/maestro-v3.0.0/2017/MIDI-Unprocessed_043_PIANO043_MID--AUDIO-split_07-06-17_Piano-e_1-03_wav--4.midi
unlabeled,dataset/maestro-v3.0.0/2017/MIDI-Unprocessed_081_PIANO081_MID--AUDIO-split_07-09-17_Piano-e_2_-02_wav--4.wav,dataset/maestro-v3.0.0/2017/MIDI-Unprocessed_081_PIANO081_MID--AUDIO-split_07-09-17_Piano-e_2_-02_wav--4.midi
unlabeled,dataset/maestro-v3.0.0/2006/MIDI-Unprocessed_02_R1_2006_01-04_ORIG_MID--AUDIO_02_R1_2006_03_Track03_wav.wav,dataset/maestro-v3.0.0/2006/MIDI-Unprocessed_02_R1_2006_01-04_ORIG_MID--AUDIO_02_R1_2006_03_Track03_wav.midi
unlabeled,dataset/maestro-v3.0.0/2004/MIDI-Unprocessed_SMF_05_R1_2004_02-03_ORIG_MID--AUDIO_05_R1_2004_06_Track06_wav.wav,dataset/maestro-v3.0.0/2004/MIDI-Unprocessed_SMF_05_R1_2004_02-03_ORIG_MID--AUDIO_05_R1_2004_06_Track06_wav.midi
unlabeled,dataset/maestro-v3.0.0/2004/MIDI-Unprocessed_SMF_12_01_2004_01-05_ORIG_MID--AUDIO_12_R1_2004_10_Track10_wav.wav,dataset/maestro-v3.0.0/2004/MIDI-Unprocessed_SMF_12_01_2004_01-05_ORIG_MID--AUDIO_12_R1_2004_10_Track10_wav.midi
unlabeled,dataset/maestro-v3.0.0/2009/MIDI-Unprocessed_17_R1_2009_01-03_ORIG_MID--AUDIO_17_R1_2009_17_R1_2009_03_WAV.wav,dataset/maestro-v3.0.0/2009/MIDI-Unprocessed_17_R1_2009_01-03_ORIG_MID--AUDIO_17_R1_2009_17_R1_2009_03_WAV.midi
unlabeled,dataset/maestro-v3.0.0/2013/ORIG-MIDI_02_7_8_13_Group__MID--AUDIO_11_R2_2013_wav--3.wav,dataset/maestro-v3.0.0/2013/ORIG-MIDI_02_7_8_13_Group__MID--AUDIO_11_R2_2013_wav--3.midi
unlabeled,dataset/maestro-v3.0.0/2014/MIDI-UNPROCESSED_04-08-12_R3_2014_MID--AUDIO_04_R3_2014_wav--2.wav,dataset/maestro-v3.0.0/2014/MIDI-UNPROCESSED_04-08-12_R3_2014_MID--AUDIO_04_R3_2014_wav--2.midi
unlabeled,dataset/maestro-v3.0.0/2014/MIDI-UNPROCESSED_21-22_R1_2014_MID--AUDIO_21_R1_2014_wav--4.wav,dataset/maestro-v3.0.0/2014/MIDI-UNPROCESSED_21-22_R1_2014_MID--AUDIO_21_R1_2014_wav--4.midi
unlabeled,dataset/maestro-v3.0.0/2008/MIDI-Unprocessed_03_R2_2008_01-03_ORIG_MID--AUDIO_03_R2_2008_wav--3.wav,dataset/maestro-v3.0.0/2008/MIDI-Unprocessed_03_R2_2008_01-03_ORIG_MID--AUDIO_03_R2_2008_wav--3.midi
unlabeled,dataset/maestro-v3.0.0/2013/ORIG-MIDI_01_7_6_13_Group__MID--AUDIO_02_R1_2013_wav--5.wav,dataset/maestro-v3.0.0/2013/ORIG-MIDI_01_7_6_13_Group__MID--AUDIO_02_R1_2013_wav--5.midi
unlabeled,dataset/maestro-v3.0.0/2013/ORIG-MIDI_03_7_6_13_Group__MID--AUDIO_09_R1_2013_wav--2.wav,dataset/maestro-v3.0.0/2013/ORIG-MIDI_03_7_6_13_Group__MID--AUDIO_09_R1_2013_wav--2.midi
unlabeled,dataset/maestro-v3.0.0/2017/MIDI-Unprocessed_067_PIANO067_MID--AUDIO-split_07-07-17_Piano-e_3-03_wav--4.wav,dataset/maestro-v3.0.0/2017/MIDI-Unprocessed_067_PIANO067_MID--AUDIO-split_07-07-17_Piano-e_3-03_wav--4.midi
unlabeled,dataset/maestro-v3.0.0/2008/MIDI-Unprocessed_02_R1_2008_01-05_ORIG_MID--AUDIO_02_R1_2008_wav--4.wav,dataset/maestro-v3.0.0/2008/MIDI-Unprocessed_02_R1_2008_01-05_ORIG_MID--AUDIO_02_R1_2008_wav--4.midi
unlabeled,dataset/maestro-v3.0.0/2008/MIDI-Unprocessed_04_R2_2008_01-04_ORIG_MID--AUDIO_04_R2_2008_wav--4.wav,dataset/maestro-v3.0.0/2008/MIDI-Unprocessed_04_R2_2008_01-04_ORIG_MID--AUDIO_04_R2_2008_wav--4.midi
unlabeled,dataset/maestro-v3.0.0/2008/MIDI-Unprocessed_08_R3_2008_01-05_ORIG_MID--AUDIO_08_R3_2008_wav--2.wav,dataset/maestro-v3.0.0/2008/MIDI-Unprocessed_08_R3_2008_01-05_ORIG_MID--AUDIO_08_R3_2008_wav--2.midi
unlabeled,dataset/maestro-v3.0.0/2011/MIDI-Unprocessed_25_R3_2011_MID--AUDIO_R3-D9_06_Track06_wav.wav,dataset/maestro-v3.0.0/2011/MIDI-Unprocessed_25_R3_2011_MID--AUDIO_R3-D9_06_Track06_wav.midi
unlabeled,dataset/maestro-v3.0.0/2018/MIDI-Unprocessed_Recital1-3_MID--AUDIO_02_R1_2018_wav--2.wav,dataset/maestro-v3.0.0/2018/MIDI-Unprocessed_Recital1-3_MID--AUDIO_02_R1_2018_wav--2.midi
unlabeled,dataset/maestro-v3.0.0/2015/MIDI-Unprocessed_R1_D1-1-8_mid--AUDIO-from_mp3_08_R1_2015_wav--4.wav,dataset/maestro-v3.0.0/2015/MIDI-Unprocessed_R1_D1-1-8_mid--AUDIO-from_mp3_08_R1_2015_wav--4.midi
unlabeled,dataset/maestro-v3.0.0/2013/ORIG-MIDI_03_7_8_13_Group__MID--AUDIO_17_R2_2013_wav--3.wav,dataset/maestro-v3.0.0/2013/ORIG-MIDI_03_7_8_13_Group__MID--AUDIO_17_R2_2013_wav--3.midi
unlabeled,dataset/maestro-v3.0.0/2013/ORIG-MIDI_02_7_10_13_Group_MID--AUDIO_12_R3_2013_wav--4.wav,dataset/maestro-v3.0.0/2013/ORIG-MIDI_02_7_10_13_Group_MID--AUDIO_12_R3_2013_wav--4.midi
unlabeled,dataset/maestro-v3.0.0/2014/MIDI-UNPROCESSED_16-18_R1_2014_MID--AUDIO_17_R1_2014_wav--2.wav,dataset/maestro-v3.0.0/2014/MIDI-UNPROCESSED_16-18_R1_2014_MID--AUDIO_17_R1_2014_wav--2.midi
unlabeled,dataset/maestro-v3.0.0/2006/MIDI-Unprocessed_04_R1_2006_01-04_ORIG_MID--AUDIO_04_R1_2006_03_Track03_wav.wav,dataset/maestro-v3.0.0/2006/MIDI-Unprocessed_04_R1_2006_01-04_ORIG_MID--AUDIO_04_R1_2006_03_Track03_wav.midi
unlabeled,dataset/maestro-v3.0.0/2006/MIDI-Unprocessed_18_R1_2006_01-05_ORIG_MID--AUDIO_18_R1_2006_04_Track04_wav.wav,dataset/maestro-v3.0.0/2006/MIDI-Unprocessed_18_R1_2006_01-05_ORIG_MID--AUDIO_18_R1_2006_04_Track04_wav.midi
unlabeled,dataset/maestro-v3.0.0/2009/MIDI-Unprocessed_15_R1_2009_03-06_ORIG_MID--AUDIO_15_R1_2009_15_R1_2009_06_WAV.wav,dataset/maestro-v3.0.0/2009/MIDI-Unprocessed_15_R1_2009_03-06_ORIG_MID--AUDIO_15_R1_2009_15_R1_2009_06_WAV.midi
unlabeled,dataset/maestro-v3.0.0/2011/MIDI-Unprocessed_09_R2_2011_MID--AUDIO_R2-D3_03_Track03_wav.wav,dataset/maestro-v3.0.0/2011/MIDI-Unprocessed_09_R2_2011_MID--AUDIO_R2-D3_03_Track03_wav.midi
unlabeled,dataset/maestro-v3.0.0/2008/MIDI-Unprocessed_03_R1_2008_01-04_ORIG_MID--AUDIO_03_R1_2008_wav--4.wav,dataset/maestro-v3.0.0/2008/MIDI-Unprocessed_03_R1_2008_01-04_ORIG_MID--AUDIO_03_R1_2008_wav--4.midi
unlabeled,dataset/maestro-v3.0.0/2018/MIDI-Unprocessed_Recital4_MID--AUDIO_04_R1_2018_wav--5.wav,dataset/maestro-v3.0.0/2018/MIDI-Unprocessed_Recital4_MID--AUDIO_04_R1_2018_wav--5.midi
unlabeled,dataset/maestro-v3.0.0/2006/MIDI-Unprocessed_06_R1_2006_01-04_ORIG_MID--AUDIO_06_R1_2006_03_Track03_wav.wav,dataset/maestro-v3.0.0/2006/MIDI-Unprocessed_06_R1_2006_01-04_ORIG_MID--AUDIO_06_R1_2006_03_Track03_wav.midi
unlabeled,dataset/maestro-v3.0.0/2006/MIDI-Unprocessed_24_R1_2006_01-05_ORIG_MID--AUDIO_24_R1_2006_05_Track05_wav.wav,dataset/maestro-v3.0.0/2006/MIDI-Unprocessed_24_R1_2006_01-05_ORIG_MID--AUDIO_24_R1_2006_05_Track05_wav.midi
unlabeled,dataset/maestro-v3.0.0/2009/MIDI-Unprocessed_03_R1_2009_01-02_ORIG_MID--AUDIO_03_R1_2009_03_R1_2009_02_WAV.wav,dataset/maestro-v3.0.0/2009/MIDI-Unprocessed_03_R1_2009_01-02_ORIG_MID--AUDIO_03_R1_2009_03_R1_2009_02_WAV.midi
unlabeled,dataset/maestro-v3.0.0/2009/MIDI-Unprocessed_19_R1_2009_01-02_ORIG_MID--AUDIO_19_R1_2009_19_R1_2009_02_WAV.wav,dataset/maestro-v3.0.0/2009/MIDI-Unprocessed_19_R1_2009_01-02_ORIG_MID--AUDIO_19_R1_2009_19_R1_2009_02_WAV.midi
unlabeled,dataset/maestro-v3.0.0/2009/MIDI-Unprocessed_21_R1_2009_04_ORIG_MID--AUDIO_21_R1_2009_21_R1_2009_04_WAV.wav,dataset/maestro-v3.0.0/2009/MIDI-Unprocessed_21_R1_2009_04_ORIG_MID--AUDIO_21_R1_2009_21_R1_2009_04_WAV.midi
unlabeled,dataset/maestro-v3.0.0/2014/MIDI-UNPROCESSED_01-03_R1_2014_MID--AUDIO_02_R1_2014_wav--5.wav,dataset/maestro-v3.0.0/2014/MIDI-UNPROCESSED_01-03_R1_2014_MID--AUDIO_02_R1_2014_wav--5.midi
unlabeled,dataset/maestro-v3.0.0/2009/MIDI-Unprocessed_15_R1_2009_03-06_ORIG_MID--AUDIO_15_R1_2009_15_R1_2009_05_WAV.wav,dataset/maestro-v3.0.0/2009/MIDI-Unprocessed_15_R1_2009_03-06_ORIG_MID--AUDIO_15_R1_2009_15_R1_2009_05_WAV.midi
unlabeled,dataset/maestro-v3.0.0/2008/MIDI-Unprocessed_17_R1_2008_01-04_ORIG_MID--AUDIO_17_R1_2008_wav--4.wav,dataset/maestro-v3.0.0/2008/MIDI-Unprocessed_17_R1_2008_01-04_ORIG_MID--AUDIO_17_R1_2008_wav--4.midi
unlabeled,dataset/maestro-v3.0.0/2004/MIDI-Unprocessed_XP_06_R1_2004_02-03_ORIG_MID--AUDIO_06_R1_2004_05_Track05_wav.wav,dataset/maestro-v3.0.0/2004/MIDI-Unprocessed_XP_06_R1_2004_02-03_ORIG_MID--AUDIO_06_R1_2004_05_Track05_wav.midi
unlabeled,dataset/maestro-v3.0.0/2009/MIDI-Unprocessed_04_R1_2009_04-06_ORIG_MID--AUDIO_04_R1_2009_04_R1_2009_05_WAV.wav,dataset/maestro-v3.0.0/2009/MIDI-Unprocessed_04_R1_2009_04-06_ORIG_MID--AUDIO_04_R1_2009_04_R1_2009_05_WAV.midi
unlabeled,dataset/maestro-v3.0.0/2015/MIDI-Unprocessed_R1_D2-13-20_mid--AUDIO-from_mp3_18_R1_2015_wav--4.wav,dataset/maestro-v3.0.0/2015/MIDI-Unprocessed_R1_D2-13-20_mid--AUDIO-from_mp3_18_R1_2015_wav--4.midi
unlabeled,dataset/maestro-v3.0.0/2008/MIDI-Unprocessed_10_R2_2008_01-05_ORIG_MID--AUDIO_10_R2_2008_wav--3.wav,dataset/maestro-v3.0.0/2008/MIDI-Unprocessed_10_R2_2008_01-05_ORIG_MID--AUDIO_10_R2_2008_wav--3.midi
unlabeled,dataset/maestro-v3.0.0/2011/MIDI-Unprocessed_06_R3_2011_MID--AUDIO_R3-D3_06_Track06_wav.wav,dataset/maestro-v3.0.0/2011/MIDI-Unprocessed_06_R3_2011_MID--AUDIO_R3-D3_06_Track06_wav.midi
unlabeled,dataset/maestro-v3.0.0/2017/MIDI-Unprocessed_047_PIANO047_MID--AUDIO-split_07-06-17_Piano-e_2-04_wav--4.wav,dataset/maestro-v3.0.0/2017/MIDI-Unprocessed_047_PIANO047_MID--AUDIO-split_07-06-17_Piano-e_2-04_wav--4.midi
unlabeled,dataset/maestro-v3.0.0/2015/MIDI-Unprocessed_R1_D1-1-8_mid--AUDIO-from_mp3_06_R1_2015_wav--4.wav,dataset/maestro-v3.0.0/2015/MIDI-Unprocessed_R1_D1-1-8_mid--AUDIO-from_mp3_06_R1_2015_wav--4.midi
unlabeled,dataset/maestro-v3.0.0/2008/MIDI-Unprocessed_04_R3_2008_01-07_ORIG_MID--AUDIO_04_R3_2008_wav--4.wav,dataset/maestro-v3.0.0/2008/MIDI-Unprocessed_04_R3_2008_01-07_ORIG_MID--AUDIO_04_R3_2008_wav--4.midi
unlabeled,dataset/maestro-v3.0.0/2015/MIDI-Unprocessed_R1_D2-13-20_mid--AUDIO-from_mp3_17_R1_2015_wav--4.wav,dataset/maestro-v3.0.0/2015/MIDI-Unprocessed_R1_D2-13-20_mid--AUDIO-from_mp3_17_R1_2015_wav--4.midi
unlabeled,dataset/maestro-v3.0.0/2008/MIDI-Unprocessed_04_R3_2008_01-07_ORIG_MID--AUDIO_04_R3_2008_wav--5.wav,dataset/maestro-v3.0.0/2008/MIDI-Unprocessed_04_R3_2008_01-07_ORIG_MID--AUDIO_04_R3_2008_wav--5.midi
unlabeled,dataset/maestro-v3.0.0/2013/ORIG-MIDI_02_7_6_13_Group__MID--AUDIO_07_R1_2013_wav--3.wav,dataset/maestro-v3.0.0/2013/ORIG-MIDI_02_7_6_13_Group__MID--AUDIO_07_R1_2013_wav--3.midi
unlabeled,dataset/maestro-v3.0.0/2013/ORIG-MIDI_02_7_7_13_Group__MID--AUDIO_15_R1_2013_wav--3.wav,dataset/maestro-v3.0.0/2013/ORIG-MIDI_02_7_7_13_Group__MID--AUDIO_15_R1_2013_wav--3.midi
unlabeled,dataset/maestro-v3.0.0/2014/MIDI-UNPROCESSED_09-10_R1_2014_MID--AUDIO_09_R1_2014_wav--3.wav,dataset/maestro-v3.0.0/2014/MIDI-UNPROCESSED_09-10_R1_2014_MID--AUDIO_09_R1_2014_wav--3.midi
unlabeled,dataset/maestro-v3.0.0/2011/MIDI-Unprocessed_06_R2_2011_MID--AUDIO_R2-D2_07_Track07_wav.wav,dataset/maestro-v3.0.0/2011/MIDI-Unprocessed_06_R2_2011_MID--AUDIO_R2-D2_07_Track07_wav.midi
unlabeled,dataset/maestro-v3.0.0/2017/MIDI-Unprocessed_052_PIANO052_MID--AUDIO-split_07-06-17_Piano-e_3-03_wav--1.wav,dataset/maestro-v3.0.0/2017/MIDI-Unprocessed_052_PIANO052_MID--AUDIO-split_07-06-17_Piano-e_3-03_wav--1.midi
unlabeled,dataset/maestro-v3.0.0/2017/MIDI-Unprocessed_060_PIANO060_MID--AUDIO-split_07-07-17_Piano-e_2-04_wav--5.wav,dataset/maestro-v3.0.0/2017/MIDI-Unprocessed_060_PIANO060_MID--AUDIO-split_07-07-17_Piano-e_2-04_wav--5.midi
unlabeled,dataset/maestro-v3.0.0/2017/MIDI-Unprocessed_072_PIANO072_MID--AUDIO-split_07-08-17_Piano-e_1-06_wav--4.wav,dataset/maestro-v3.0.0/2017/MIDI-Unprocessed_072_PIANO072_MID--AUDIO-split_07-08-17_Piano-e_1-06_wav--4.midi
unlabeled,dataset/maestro-v3.0.0/2011/MIDI-Unprocessed_22_R3_2011_MID--AUDIO_R3-D7_07_Track07_wav.wav,dataset/maestro-v3.0.0/2011/MIDI-Unprocessed_22_R3_2011_MID--AUDIO_R3-D7_07_Track07_wav.midi
unlabeled,dataset/maestro-v3.0.0/2011/MIDI-Unprocessed_22_R3_2011_MID--AUDIO_R3-D7_08_Track08_wav.wav,dataset/maestro-v3.0.0/2011/MIDI-Unprocessed_22_R3_2011_MID--AUDIO_R3-D7_08_Track08_wav.midi
unlabeled,dataset/maestro-v3.0.0/2011/MIDI-Unprocessed_22_R3_2011_MID--AUDIO_R3-D7_09_Track09_wav.wav,dataset/maestro-v3.0.0/2011/MIDI-Unprocessed_22_R3_2011_MID--AUDIO_R3-D7_09_Track09_wav.midi
unlabeled,dataset/maestro-v3.0.0/2018/MIDI-Unprocessed_Recital17-19_MID--AUDIO_19_R1_2018_wav--4.wav,dataset/maestro-v3.0.0/2018/MIDI-Unprocessed_Recital17-19_MID--AUDIO_19_R1_2018_wav--4.midi
unlabeled,dataset/maestro-v3.0.0/2014/MIDI-UNPROCESSED_04-05_R1_2014_MID--AUDIO_05_R1_2014_wav--8.wav,dataset/maestro-v3.0.0/2014/MIDI-UNPROCESSED_04-05_R1_2014_MID--AUDIO_05_R1_2014_wav--8.midi
unlabeled,dataset/maestro-v3.0.0/2017/MIDI-Unprocessed_045_PIANO045_MID--AUDIO-split_07-06-17_Piano-e_2-01_wav--4.wav,dataset/maestro-v3.0.0/2017/MIDI-Unprocessed_045_PIANO045_MID--AUDIO-split_07-06-17_Piano-e_2-01_wav--4.midi
unlabeled,dataset/maestro-v3.0.0/2017/MIDI-Unprocessed_050_PIANO050_MID--AUDIO-split_07-06-17_Piano-e_3-01_wav--3.wav,dataset/maestro-v3.0.0/2017/MIDI-Unprocessed_050_PIANO050_MID--AUDIO-split_07-06-17_Piano-e_3-01_wav--3.midi
unlabeled,dataset/maestro-v3.0.0/2017/MIDI-Unprocessed_047_PIANO047_MID--AUDIO-split_07-06-17_Piano-e_2-04_wav--2.wav,dataset/maestro-v3.0.0/2017/MIDI-Unprocessed_047_PIANO047_MID--AUDIO-split_07-06-17_Piano-e_2-04_wav--2.midi
unlabeled,dataset/maestro-v3.0.0/2011/MIDI-Unprocessed_03_R3_2011_MID--AUDIO_R3-D1_07_Track07_wav.wav,dataset/maestro-v3.0.0/2011/MIDI-Unprocessed_03_R3_2011_MID--AUDIO_R3-D1_07_Track07_wav.midi
unlabeled,dataset/maestro-v3.0.0/2008/MIDI-Unprocessed_06_R2_2008_01-05_ORIG_MID--AUDIO_06_R2_2008_wav--3.wav,dataset/maestro-v3.0.0/2008/MIDI-Unprocessed_06_R2_2008_01-05_ORIG_MID--AUDIO_06_R2_2008_wav--3.midi
unlabeled,dataset/maestro-v3.0.0/2008/MIDI-Unprocessed_11_R2_2008_01-05_ORIG_MID--AUDIO_11_R2_2008_wav--3.wav,dataset/maestro-v3.0.0/2008/MIDI-Unprocessed_11_R2_2008_01-05_ORIG_MID--AUDIO_11_R2_2008_wav--3.midi
unlabeled,dataset/maestro-v3.0.0/2017/MIDI-Unprocessed_075_PIANO075_MID--AUDIO-split_07-08-17_Piano-e_2-06_wav--1.wav,dataset/maestro-v3.0.0/2017/MIDI-Unprocessed_075_PIANO075_MID--AUDIO-split_07-08-17_Piano-e_2-06_wav--1.midi
unlabeled,dataset/maestro-v3.0.0/2017/MIDI-Unprocessed_081_PIANO081_MID--AUDIO-split_07-09-17_Piano-e_2_-02_wav--3.wav,dataset/maestro-v3.0.0/2017/MIDI-Unprocessed_081_PIANO081_MID--AUDIO-split_07-09-17_Piano-e_2_-02_wav--3.midi
unlabeled,dataset/maestro-v3.0.0/2013/ORIG-MIDI_03_7_8_13_Group__MID--AUDIO_15_R2_2013_wav--1.wav,dataset/maestro-v3.0.0/2013/ORIG-MIDI_03_7_8_13_Group__MID--AUDIO_15_R2_2013_wav--1.midi
unlabeled,dataset/maestro-v3.0.0/2011/MIDI-Unprocessed_03_R2_2011_MID--AUDIO_R2-D1_07_Track07_wav.wav,dataset/maestro-v3.0.0/2011/MIDI-Unprocessed_03_R2_2011_MID--AUDIO_R2-D1_07_Track07_wav.midi
unlabeled,dataset/maestro-v3.0.0/2013/ORIG-MIDI_02_7_8_13_Group__MID--AUDIO_08_R2_2013_wav--1.wav,dataset/maestro-v3.0.0/2013/ORIG-MIDI_02_7_8_13_Group__MID--AUDIO_08_R2_2013_wav--1.midi
unlabeled,dataset/maestro-v3.0.0/2015/MIDI-Unprocessed_R2_D1-2-3-6-7-8-11_mid--AUDIO-from_mp3_07_R2_2015_wav--3.wav,dataset/maestro-v3.0.0/2015/MIDI-Unprocessed_R2_D1-2-3-6-7-8-11_mid--AUDIO-from_mp3_07_R2_2015_wav--3.midi
unlabeled,dataset/maestro-v3.0.0/2015/MIDI-Unprocessed_R2_D1-2-3-6-7-8-11_mid--AUDIO-from_mp3_08_R2_2015_wav--2.wav,dataset/maestro-v3.0.0/2015/MIDI-Unprocessed_R2_D1-2-3-6-7-8-11_mid--AUDIO-from_mp3_08_R2_2015_wav--2.midi
unlabeled,dataset/maestro-v3.0.0/2015/MIDI-Unprocessed_R2_D2-19-21-22_mid--AUDIO-from_mp3_21_R2_2015_wav--1.wav,dataset/maestro-v3.0.0/2015/MIDI-Unprocessed_R2_D2-19-21-22_mid--AUDIO-from_mp3_21_R2_2015_wav--1.midi
unlabeled,dataset/maestro-v3.0.0/2013/ORIG-MIDI_02_7_8_13_Group__MID--AUDIO_11_R2_2013_wav--1.wav,dataset/maestro-v3.0.0/2013/ORIG-MIDI_02_7_8_13_Group__MID--AUDIO_11_R2_2013_wav--1.midi
unlabeled,dataset/maestro-v3.0.0/2017/MIDI-Unprocessed_074_PIANO074_MID--AUDIO-split_07-08-17_Piano-e_2-04_wav--2.wav,dataset/maestro-v3.0.0/2017/MIDI-Unprocessed_074_PIANO074_MID--AUDIO-split_07-08-17_Piano-e_2-04_wav--2.midi
unlabeled,dataset/maestro-v3.0.0/2017/MIDI-Unprocessed_080_PIANO080_MID--AUDIO-split_07-09-17_Piano-e_1-06_wav--1.wav,dataset/maestro-v3.0.0/2017/MIDI-Unprocessed_080_PIANO080_MID--AUDIO-split_07-09-17_Piano-e_1-06_wav--1.midi
unlabeled,dataset/maestro-v3.0.0/2013/ORIG-MIDI_01_7_8_13_Group__MID--AUDIO_02_R2_2013_wav--1.wav,dataset/maestro-v3.0.0/2013/ORIG-MIDI_01_7_8_13_Group__MID--AUDIO_02_R2_2013_wav--1.midi
unlabeled,dataset/maestro-v3.0.0/2013/ORIG-MIDI_02_7_8_13_Group__MID--AUDIO_12_R2_2013_wav--2.wav,dataset/maestro-v3.0.0/2013/ORIG-MIDI_02_7_8_13_Group__MID--AUDIO_12_R2_2013_wav--2.midi
unlabeled,dataset/maestro-v3.0.0/2013/ORIG-MIDI_02_7_8_13_Group__MID--AUDIO_14_R2_2013_wav--1.wav,dataset/maestro-v3.0.0/2013/ORIG-MIDI_02_7_8_13_Group__MID--AUDIO_14_R2_2013_wav--1.midi
unlabeled,dataset/maestro-v3.0.0/2013/ORIG-MIDI_03_7_8_13_Group__MID--AUDIO_18_R2_2013_wav--1.wav,dataset/maestro-v3.0.0/2013/ORIG-MIDI_03_7_8_13_Group__MID--AUDIO_18_R2_2013_wav--1.midi
unlabeled,dataset/maestro-v3.0.0/2011/MIDI-Unprocessed_06_R2_2011_MID--AUDIO_R2-D2_06_Track06_wav.wav,dataset/maestro-v3.0.0/2011/MIDI-Unprocessed_06_R2_2011_MID--AUDIO_R2-D2_06_Track06_wav.midi
unlabeled,dataset/maestro-v3.0.0/2011/MIDI-Unprocessed_10_R2_2011_MID--AUDIO_R2-D3_10_Track10_wav.wav,dataset/maestro-v3.0.0/2011/MIDI-Unprocessed_10_R2_2011_MID--AUDIO_R2-D3_10_Track10_wav.midi
unlabeled,dataset/maestro-v3.0.0/2011/MIDI-Unprocessed_17_R2_2011_MID--AUDIO_R2-D5_04_Track04_wav.wav,dataset/maestro-v3.0.0/2011/MIDI-Unprocessed_17_R2_2011_MID--AUDIO_R2-D5_04_Track04_wav.midi
unlabeled,dataset/maestro-v3.0.0/2011/MIDI-Unprocessed_22_R2_2011_MID--AUDIO_R2-D5_08_Track08_wav.wav,dataset/maestro-v3.0.0/2011/MIDI-Unprocessed_22_R2_2011_MID--AUDIO_R2-D5_08_Track08_wav.midi
unlabeled,dataset/maestro-v3.0.0/2018/MIDI-Unprocessed_Recital9-11_MID--AUDIO_11_R1_2018_wav--1.wav,dataset/maestro-v3.0.0/2018/MIDI-Unprocessed_Recital9-11_MID--AUDIO_11_R1_2018_wav--1.midi
unlabeled,dataset/maestro-v3.0.0/2008/MIDI-Unprocessed_03_R2_2008_01-03_ORIG_MID--AUDIO_03_R2_2008_wav--1.wav,dataset/maestro-v3.0.0/2008/MIDI-Unprocessed_03_R2_2008_01-03_ORIG_MID--AUDIO_03_R2_2008_wav--1.midi
unlabeled,dataset/maestro-v3.0.0/2013/ORIG-MIDI_01_7_8_13_Group__MID--AUDIO_04_R2_2013_wav--1.wav,dataset/maestro-v3.0.0/2013/ORIG-MIDI_01_7_8_13_Group__MID--AUDIO_04_R2_2013_wav--1.midi
unlabeled,dataset/maestro-v3.0.0/2017/MIDI-Unprocessed_079_PIANO079_MID--AUDIO-split_07-09-17_Piano-e_1-04_wav--2.wav,dataset/maestro-v3.0.0/2017/MIDI-Unprocessed_079_PIANO079_MID--AUDIO-split_07-09-17_Piano-e_1-04_wav--2.midi
unlabeled,dataset/maestro-v3.0.0/2011/MIDI-Unprocessed_04_R2_2011_MID--AUDIO_R2-D2_02_Track02_wav.wav,dataset/maestro-v3.0.0/2011/MIDI-Unprocessed_04_R2_2011_MID--AUDIO_R2-D2_02_Track02_wav.midi
unlabeled,dataset/maestro-v3.0.0/2011/MIDI-Unprocessed_25_R2_2011_MID--AUDIO_R2-D6_07_Track07_wav.wav,dataset/maestro-v3.0.0/2011/MIDI-Unprocessed_25_R2_2011_MID--AUDIO_R2-D6_07_Track07_wav.midi
unlabeled,dataset/maestro-v3.0.0/2008/MIDI-Unprocessed_02_R2_2008_01-05_ORIG_MID--AUDIO_02_R2_2008_wav--1.wav,dataset/maestro-v3.0.0/2008/MIDI-Unprocessed_02_R2_2008_01-05_ORIG_MID--AUDIO_02_R2_2008_wav--1.midi
unlabeled,dataset/maestro-v3.0.0/2008/MIDI-Unprocessed_09_R2_2008_01-05_ORIG_MID--AUDIO_09_R2_2008_wav--1.wav,dataset/maestro-v3.0.0/2008/MIDI-Unprocessed_09_R2_2008_01-05_ORIG_MID--AUDIO_09_R2_2008_wav--1.midi
unlabeled,dataset/maestro-v3.0.0/2008/MIDI-Unprocessed_12_R2_2008_01-04_ORIG_MID--AUDIO_12_R2_2008_wav--2.wav,dataset/maestro-v3.0.0/2008/MIDI-Unprocessed_12_R2_2008_01-04_ORIG_MID--AUDIO_12_R2_2008_wav--2.midi
unlabeled,dataset/maestro-v3.0.0/2015/MIDI-Unprocessed_R2_D2-19-21-22_mid--AUDIO-from_mp3_22_R2_2015_wav--1.wav,dataset/maestro-v3.0.0/2015/MIDI-Unprocessed_R2_D2-19-21-22_mid--AUDIO-from_mp3_22_R2_2015_wav--1.midi
unlabeled,dataset/maestro-v3.0.0/2017/MIDI-Unprocessed_070_PIANO070_MID--AUDIO-split_07-08-17_Piano-e_1-02_wav--1.wav,dataset/maestro-v3.0.0/2017/MIDI-Unprocessed_070_PIANO070_MID--AUDIO-split_07-08-17_Piano-e_1-02_wav--1.midi
unlabeled,dataset/maestro-v3.0.0/2013/ORIG-MIDI_01_7_8_13_Group__MID--AUDIO_03_R2_2013_wav--2.wav,dataset/maestro-v3.0.0/2013/ORIG-MIDI_01_7_8_13_Group__MID--AUDIO_03_R2_2013_wav--2.midi
unlabeled,dataset/maestro-v3.0.0/2008/MIDI-Unprocessed_17_R2_2008_01-04_ORIG_MID--AUDIO_17_R2_2008_wav--3.wav,dataset/maestro-v3.0.0/2008/MIDI-Unprocessed_17_R2_2008_01-04_ORIG_MID--AUDIO_17_R2_2008_wav--3.midi
unlabeled,dataset/maestro-v3.0.0/2008/MIDI-Unprocessed_07_R2_2008_01-05_ORIG_MID--AUDIO_07_R2_2008_wav--1.wav,dataset/maestro-v3.0.0/2008/MIDI-Unprocessed_07_R2_2008_01-05_ORIG_MID--AUDIO_07_R2_2008_wav--1.midi
unlabeled,dataset/maestro-v3.0.0/2008/MIDI-Unprocessed_08_R2_2008_01-04_ORIG_MID--AUDIO_08_R2_2008_wav--2.wav,dataset/maestro-v3.0.0/2008/MIDI-Unprocessed_08_R2_2008_01-04_ORIG_MID--AUDIO_08_R2_2008_wav--2.midi
unlabeled,dataset/maestro-v3.0.0/2015/MIDI-Unprocessed_R2_D1-2-3-6-7-8-11_mid--AUDIO-from_mp3_11_R2_2015_wav--2.wav,dataset/maestro-v3.0.0/2015/MIDI-Unprocessed_R2_D1-2-3-6-7-8-11_mid--AUDIO-from_mp3_11_R2_2015_wav--2.midi
unlabeled,dataset/maestro-v3.0.0/2015/MIDI-Unprocessed_R2_D2-12-13-15_mid--AUDIO-from_mp3_13_R2_2015_wav--3.wav,dataset/maestro-v3.0.0/2015/MIDI-Unprocessed_R2_D2-12-13-15_mid--AUDIO-from_mp3_13_R2_2015_wav--3.midi
unlabeled,dataset/maestro-v3.0.0/2015/MIDI-Unprocessed_R2_D2-12-13-15_mid--AUDIO-from_mp3_15_R2_2015_wav--1.wav,dataset/maestro-v3.0.0/2015/MIDI-Unprocessed_R2_D2-12-13-15_mid--AUDIO-from_mp3_15_R2_2015_wav--1.midi
unlabeled,dataset/maestro-v3.0.0/2017/MIDI-Unprocessed_073_PIANO073_MID--AUDIO-split_07-08-17_Piano-e_2-02_wav--2.wav,dataset/maestro-v3.0.0/2017/MIDI-Unprocessed_073_PIANO073_MID--AUDIO-split_07-08-17_Piano-e_2-02_wav--2.midi
unlabeled,dataset/maestro-v3.0.0/2017/MIDI-Unprocessed_082_PIANO082_MID--AUDIO-split_07-09-17_Piano-e_2_-04_wav--3.wav,dataset/maestro-v3.0.0/2017/MIDI-Unprocessed_082_PIANO082_MID--AUDIO-split_07-09-17_Piano-e_2_-04_wav--3.midi
unlabeled,dataset/maestro-v3.0.0/2013/ORIG-MIDI_03_7_8_13_Group__MID--AUDIO_17_R2_2013_wav--2.wav,dataset/maestro-v3.0.0/2013/ORIG-MIDI_03_7_8_13_Group__MID--AUDIO_17_R2_2013_wav--2.midi
unlabeled,dataset/maestro-v3.0.0/2011/MIDI-Unprocessed_09_R2_2011_MID--AUDIO_R2-D3_04_Track04_wav.wav,dataset/maestro-v3.0.0/2011/MIDI-Unprocessed_09_R2_2011_MID--AUDIO_R2-D3_04_Track04_wav.midi
unlabeled,dataset/maestro-v3.0.0/2011/MIDI-Unprocessed_16_R2_2011_MID--AUDIO_R2-D4_09_Track09_wav.wav,dataset/maestro-v3.0.0/2011/MIDI-Unprocessed_16_R2_2011_MID--AUDIO_R2-D4_09_Track09_wav.midi
unlabeled,dataset/maestro-v3.0.0/2011/MIDI-Unprocessed_12_R2_2011_MID--AUDIO_R2-D4_04_Track04_wav.wav,dataset/maestro-v3.0.0/2011/MIDI-Unprocessed_12_R2_2011_MID--AUDIO_R2-D4_04_Track04_wav.midi
unlabeled,dataset/maestro-v3.0.0/2013/ORIG-MIDI_03_7_8_13_Group__MID--AUDIO_19_R2_2013_wav--1.wav,dataset/maestro-v3.0.0/2013/ORIG-MIDI_03_7_8_13_Group__MID--AUDIO_19_R2_2013_wav--1.midi
unlabeled,dataset/maestro-v3.0.0/2018/MIDI-Unprocessed_Recital12_MID--AUDIO_12_R1_2018_wav--3.wav,dataset/maestro-v3.0.0/2018/MIDI-Unprocessed_Recital12_MID--AUDIO_12_R1_2018_wav--3.midi
unlabeled,dataset/maestro-v3.0.0/2004/MIDI-Unprocessed_SMF_17_R1_2004_01-03_ORIG_MID--AUDIO_17_R1_2004_02_Track02_wav--1.wav,dataset/maestro-v3.0.0/2004/MIDI-Unprocessed_SMF_17_R1_2004_01-03_ORIG_MID--AUDIO_17_R1_2004_02_Track02_wav--1.midi
unlabeled,dataset/maestro-v3.0.0/2006/MIDI-Unprocessed_05_R2_2006_01_ORIG_MID--AUDIO_05_R2_2006_01_Track01_wav.wav,dataset/maestro-v3.0.0/2006/MIDI-Unprocessed_05_R2_2006_01_ORIG_MID--AUDIO_05_R2_2006_01_Track01_wav.midi
unlabeled,dataset/maestro-v3.0.0/2006/MIDI-Unprocessed_09_R2_2006_01_ORIG_MID--AUDIO_09_R2_2006_01_Track01_wav.wav,dataset/maestro-v3.0.0/2006/MIDI-Unprocessed_09_R2_2006_01_ORIG_MID--AUDIO_09_R2_2006_01_Track01_wav.midi
unlabeled,dataset/maestro-v3.0.0/2006/MIDI-Unprocessed_16_R2_2006_01_ORIG_MID--AUDIO_16_R2_2006_01_Track01_wav.wav,dataset/maestro-v3.0.0/2006/MIDI-Unprocessed_16_R2_2006_01_ORIG_MID--AUDIO_16_R2_2006_01_Track01_wav.midi
unlabeled,dataset/maestro-v3.0.0/2006/MIDI-Unprocessed_05_R2_2006_01_ORIG_MID--AUDIO_05_R2_2006_02_Track02_wav.wav,dataset/maestro-v3.0.0/2006/MIDI-Unprocessed_05_R2_2006_01_ORIG_MID--AUDIO_05_R2_2006_02_Track02_wav.midi
unlabeled,dataset/maestro-v3.0.0/2006/MIDI-Unprocessed_09_R2_2006_01_ORIG_MID--AUDIO_09_R2_2006_02_Track02_wav.wav,dataset/maestro-v3.0.0/2006/MIDI-Unprocessed_09_R2_2006_01_ORIG_MID--AUDIO_09_R2_2006_02_Track02_wav.midi
unlabeled,dataset/maestro-v3.0.0/2006/MIDI-Unprocessed_16_R2_2006_01_ORIG_MID--AUDIO_16_R2_2006_02_Track02_wav.wav,dataset/maestro-v3.0.0/2006/MIDI-Unprocessed_16_R2_2006_01_ORIG_MID--AUDIO_16_R2_2006_02_Track02_wav.midi
unlabeled,dataset/maestro-v3.0.0/2006/MIDI-Unprocessed_05_R2_2006_01_ORIG_MID--AUDIO_05_R2_2006_03_Track03_wav.wav,dataset/maestro-v3.0.0/2006/MIDI-Unprocessed_05_R2_2006_01_ORIG_MID--AUDIO_05_R2_2006_03_Track03_wav.midi
unlabeled,dataset/maestro-v3.0.0/2006/MIDI-Unprocessed_09_R2_2006_01_ORIG_MID--AUDIO_09_R2_2006_03_Track03_wav.wav,dataset/maestro-v3.0.0/2006/MIDI-Unprocessed_09_R2_2006_01_ORIG_MID--AUDIO_09_R2_2006_03_Track03_wav.midi
unlabeled,dataset/maestro-v3.0.0/2006/MIDI-Unprocessed_16_R2_2006_01_ORIG_MID--AUDIO_16_R2_2006_03_Track03_wav.wav,dataset/maestro-v3.0.0/2006/MIDI-Unprocessed_16_R2_2006_01_ORIG_MID--AUDIO_16_R2_2006_03_Track03_wav.midi
unlabeled,dataset/maestro-v3.0.0/2006/MIDI-Unprocessed_01_R2_2006_01_ORIG_MID--AUDIO_01_R2_2006_01_Track01_wav.wav,dataset/maestro-v3.0.0/2006/MIDI-Unprocessed_01_R2_2006_01_ORIG_MID--AUDIO_01_R2_2006_01_Track01_wav.midi
unlabeled,dataset/maestro-v3.0.0/2006/MIDI-Unprocessed_07_R2_2006_01_ORIG_MID--AUDIO_07_R2_2006_01_Track01_wav.wav,dataset/maestro-v3.0.0/2006/MIDI-Unprocessed_07_R2_2006_01_ORIG_MID--AUDIO_07_R2_2006_01_Track01_wav.midi
unlabeled,dataset/maestro-v3.0.0/2006/MIDI-Unprocessed_08_R2_2006_01_ORIG_MID--AUDIO_08_R2_2006_01_Track01_wav.wav,dataset/maestro-v3.0.0/2006/MIDI-Unprocessed_08_R2_2006_01_ORIG_MID--AUDIO_08_R2_2006_01_Track01_wav.midi
unlabeled,dataset/maestro-v3.0.0/2006/MIDI-Unprocessed_01_R2_2006_01_ORIG_MID--AUDIO_01_R2_2006_02_Track02_wav.wav,dataset/maestro-v3.0.0/2006/MIDI-Unprocessed_01_R2_2006_01_ORIG_MID--AUDIO_01_R2_2006_02_Track02_wav.midi
unlabeled,dataset/maestro-v3.0.0/2006/MIDI-Unprocessed_07_R2_2006_01_ORIG_MID--AUDIO_07_R2_2006_02_Track02_wav.wav,dataset/maestro-v3.0.0/2006/MIDI-Unprocessed_07_R2_2006_01_ORIG_MID--AUDIO_07_R2_2006_02_Track02_wav.midi
unlabeled,dataset/maestro-v3.0.0/2006/MIDI-Unprocessed_08_R2_2006_01_ORIG_MID--AUDIO_08_R2_2006_02_Track02_wav.wav,dataset/maestro-v3.0.0/2006/MIDI-Unprocessed_08_R2_2006_01_ORIG_MID--AUDIO_08_R2_2006_02_Track02_wav.midi
unlabeled,dataset/maestro-v3.0.0/2006/MIDI-Unprocessed_01_R2_2006_01_ORIG_MID--AUDIO_01_R2_2006_03_Track03_wav.wav,dataset/maestro-v3.0.0/2006/MIDI-Unprocessed_01_R2_2006_01_ORIG_MID--AUDIO_01_R2_2006_03_Track03_wav.midi
unlabeled,dataset/maestro-v3.0.0/2006/MIDI-Unprocessed_07_R2_2006_01_ORIG_MID--AUDIO_07_R2_2006_03_Track03_wav.wav,dataset/maestro-v3.0.0/2006/MIDI-Unprocessed_07_R2_2006_01_ORIG_MID--AUDIO_07_R2_2006_03_Track03_wav.midi
unlabeled,dataset/maestro-v3.0.0/2006/MIDI-Unprocessed_08_R2_2006_01_ORIG_MID--AUDIO_08_R2_2006_03_Track03_wav.wav,dataset/maestro-v3.0.0/2006/MIDI-Unprocessed_08_R2_2006_01_ORIG_MID--AUDIO_08_R2_2006_03_Track03_wav.midi
unlabeled,dataset/maestro-v3.0.0/2006/MIDI-Unprocessed_07_R2_2006_01_ORIG_MID--AUDIO_07_R2_2006_04_Track04_wav.wav,dataset/maestro-v3.0.0/2006/MIDI-Unprocessed_07_R2_2006_01_ORIG_MID--AUDIO_07_R2_2006_04_Track04_wav.midi
unlabeled,dataset/maestro-v3.0.0/2014/MIDI-UNPROCESSED_04-07-08-10-12-15-17_R2_2014_MID--AUDIO_08_R2_2014_wav.wav,dataset/maestro-v3.0.0/2014/MIDI-UNPROCESSED_04-07-08-10-12-15-17_R2_2014_MID--AUDIO_08_R2_2014_wav.midi
unlabeled,dataset/maestro-v3.0.0/2014/MIDI-UNPROCESSED_04-07-08-10-12-15-17_R2_2014_MID--AUDIO_17_R2_2014_wav.wav,dataset/maestro-v3.0.0/2014/MIDI-UNPROCESSED_04-07-08-10-12-15-17_R2_2014_MID--AUDIO_17_R2_2014_wav.midi
unlabeled,dataset/maestro-v3.0.0/2014/MIDI-UNPROCESSED_19-20-21_R2_2014_MID--AUDIO_19_R2_2014_wav.wav,dataset/maestro-v3.0.0/2014/MIDI-UNPROCESSED_19-20-21_R2_2014_MID--AUDIO_19_R2_2014_wav.midi
unlabeled,dataset/maestro-v3.0.0/2018/MIDI-Unprocessed_Schubert1-3_MID--AUDIO_07_R2_2018_wav.wav,dataset/maestro-v3.0.0/2018/MIDI-Unprocessed_Schubert1-3_MID--AUDIO_07_R2_2018_wav.midi
unlabeled,dataset/maestro-v3.0.0/2006/MIDI-Unprocessed_22_R2_2006_01_ORIG_MID--AUDIO_22_R2_2006_01_Track01_wav.wav,dataset/maestro-v3.0.0/2006/MIDI-Unprocessed_22_R2_2006_01_ORIG_MID--AUDIO_22_R2_2006_01_Track01_wav.midi
unlabeled,dataset/maestro-v3.0.0/2006/MIDI-Unprocessed_22_R2_2006_01_ORIG_MID--AUDIO_22_R2_2006_02_Track02_wav.wav,dataset/maestro-v3.0.0/2006/MIDI-Unprocessed_22_R2_2006_01_ORIG_MID--AUDIO_22_R2_2006_02_Track02_wav.midi
unlabeled,dataset/maestro-v3.0.0/2006/MIDI-Unprocessed_22_R2_2006_01_ORIG_MID--AUDIO_22_R2_2006_03_Track03_wav.wav,dataset/maestro-v3.0.0/2006/MIDI-Unprocessed_22_R2_2006_01_ORIG_MID--AUDIO_22_R2_2006_03_Track03_wav.midi
unlabeled,dataset/maestro-v3.0.0/2006/MIDI-Unprocessed_22_R2_2006_01_ORIG_MID--AUDIO_22_R2_2006_04_Track04_wav.wav,dataset/maestro-v3.0.0/2006/MIDI-Unprocessed_22_R2_2006_01_ORIG_MID--AUDIO_22_R2_2006_04_Track04_wav.midi
unlabeled,dataset/maestro-v3.0.0/2006/MIDI-Unprocessed_23_R2_2006_01_ORIG_MID--AUDIO_23_R2_2006_01_Track01_wav.wav,dataset/maestro-v3.0.0/2006/MIDI-Unprocessed_23_R2_2006_01_ORIG_MID--AUDIO_23_R2_2006_01_Track01_wav.midi
unlabeled,dataset/maestro-v3.0.0/2006/MIDI-Unprocessed_23_R2_2006_01_ORIG_MID--AUDIO_23_R2_2006_02_Track02_wav.wav,dataset/maestro-v3.0.0/2006/MIDI-Unprocessed_23_R2_2006_01_ORIG_MID--AUDIO_23_R2_2006_02_Track02_wav.midi
unlabeled,dataset/maestro-v3.0.0/2006/MIDI-Unprocessed_23_R2_2006_01_ORIG_MID--AUDIO_23_R2_2006_03_Track03_wav.wav,dataset/maestro-v3.0.0/2006/MIDI-Unprocessed_23_R2_2006_01_ORIG_MID--AUDIO_23_R2_2006_03_Track03_wav.midi
unlabeled,dataset/maestro-v3.0.0/2006/MIDI-Unprocessed_23_R2_2006_01_ORIG_MID--AUDIO_23_R2_2006_04_Track04_wav.wav,dataset/maestro-v3.0.0/2006/MIDI-Unprocessed_23_R2_2006_01_ORIG_MID--AUDIO_23_R2_2006_04_Track04_wav.midi
unlabeled,dataset/maestro-v3.0.0/2009/MIDI-Unprocessed_09_R2_2009_01_ORIG_MID--AUDIO_09_R2_2009_09_R2_2009_01_WAV.wav,dataset/maestro-v3.0.0/2009/MIDI-Unprocessed_09_R2_2009_01_ORIG_MID--AUDIO_09_R2_2009_09_R2_2009_01_WAV.midi
unlabeled,dataset/maestro-v3.0.0/2009/MIDI-Unprocessed_09_R2_2009_01_ORIG_MID--AUDIO_09_R2_2009_09_R2_2009_02_WAV.wav,dataset/maestro-v3.0.0/2009/MIDI-Unprocessed_09_R2_2009_01_ORIG_MID--AUDIO_09_R2_2009_09_R2_2009_02_WAV.midi
unlabeled,dataset/maestro-v3.0.0/2009/MIDI-Unprocessed_09_R2_2009_01_ORIG_MID--AUDIO_09_R2_2009_09_R2_2009_03_WAV.wav,dataset/maestro-v3.0.0/2009/MIDI-Unprocessed_09_R2_2009_01_ORIG_MID--AUDIO_09_R2_2009_09_R2_2009_03_WAV.midi
unlabeled,dataset/maestro-v3.0.0/2009/MIDI-Unprocessed_09_R2_2009_01_ORIG_MID--AUDIO_09_R2_2009_09_R2_2009_04_WAV.wav,dataset/maestro-v3.0.0/2009/MIDI-Unprocessed_09_R2_2009_01_ORIG_MID--AUDIO_09_R2_2009_09_R2_2009_04_WAV.midi
unlabeled,dataset/maestro-v3.0.0/2018/MIDI-Unprocessed_Schubert1-3_MID--AUDIO_02_R2_2018_wav.wav,dataset/maestro-v3.0.0/2018/MIDI-Unprocessed_Schubert1-3_MID--AUDIO_02_R2_2018_wav.midi
unlabeled,dataset/maestro-v3.0.0/2014/MIDI-UNPROCESSED_04-07-08-10-12-15-17_R2_2014_MID--AUDIO_15_R2_2014_wav.wav,dataset/maestro-v3.0.0/2014/MIDI-UNPROCESSED_04-07-08-10-12-15-17_R2_2014_MID--AUDIO_15_R2_2014_wav.midi
unlabeled,dataset/maestro-v3.0.0/2009/MIDI-Unprocessed_21_R2_2009_01_ORIG_MID--AUDIO_21_R2_2009_21_R2_2009_01_WAV.wav,dataset/maestro-v3.0.0/2009/MIDI-Unprocessed_21_R2_2009_01_ORIG_MID--AUDIO_21_R2_2009_21_R2_2009_01_WAV.midi
unlabeled,dataset/maestro-v3.0.0/2009/MIDI-Unprocessed_21_R2_2009_01_ORIG_MID--AUDIO_21_R2_2009_21_R2_2009_02_WAV.wav,dataset/maestro-v3.0.0/2009/MIDI-Unprocessed_21_R2_2009_01_ORIG_MID--AUDIO_21_R2_2009_21_R2_2009_02_WAV.midi
unlabeled,dataset/maestro-v3.0.0/2009/MIDI-Unprocessed_21_R2_2009_01_ORIG_MID--AUDIO_21_R2_2009_21_R2_2009_03_WAV.wav,dataset/maestro-v3.0.0/2009/MIDI-Unprocessed_21_R2_2009_01_ORIG_MID--AUDIO_21_R2_2009_21_R2_2009_03_WAV.midi
unlabeled,dataset/maestro-v3.0.0/2009/MIDI-Unprocessed_21_R2_2009_01_ORIG_MID--AUDIO_21_R2_2009_21_R2_2009_04_WAV.wav,dataset/maestro-v3.0.0/2009/MIDI-Unprocessed_21_R2_2009_01_ORIG_MID--AUDIO_21_R2_2009_21_R2_2009_04_WAV.midi
unlabeled,dataset/maestro-v3.0.0/2009/MIDI-Unprocessed_10_R2_2009_01_ORIG_MID--AUDIO_10_R2_2009_10_R2_2009_01_WAV.wav,dataset/maestro-v3.0.0/2009/MIDI-Unprocessed_10_R2_2009_01_ORIG_MID--AUDIO_10_R2_2009_10_R2_2009_01_WAV.midi
unlabeled,dataset/maestro-v3.0.0/2014/MIDI-UNPROCESSED_04-07-08-10-12-15-17_R2_2014_MID--AUDIO_04_R2_2014_wav.wav,dataset/maestro-v3.0.0/2014/MIDI-UNPROCESSED_04-07-08-10-12-15-17_R2_2014_MID--AUDIO_04_R2_2014_wav.midi
unlabeled,dataset/maestro-v3.0.0/2014/MIDI-UNPROCESSED_04-07-08-10-12-15-17_R2_2014_MID--AUDIO_12_R2_2014_wav.wav,dataset/maestro-v3.0.0/2014/MIDI-UNPROCESSED_04-07-08-10-12-15-17_R2_2014_MID--AUDIO_12_R2_2014_wav.midi
unlabeled,dataset/maestro-v3.0.0/2009/MIDI-Unprocessed_10_R2_2009_01_ORIG_MID--AUDIO_10_R2_2009_10_R2_2009_02_WAV.wav,dataset/maestro-v3.0.0/2009/MIDI-Unprocessed_10_R2_2009_01_ORIG_MID--AUDIO_10_R2_2009_10_R2_2009_02_WAV.midi
unlabeled,dataset/maestro-v3.0.0/2009/MIDI-Unprocessed_10_R2_2009_01_ORIG_MID--AUDIO_10_R2_2009_10_R2_2009_03_WAV.wav,dataset/maestro-v3.0.0/2009/MIDI-Unprocessed_10_R2_2009_01_ORIG_MID--AUDIO_10_R2_2009_10_R2_2009_03_WAV.midi
unlabeled,dataset/maestro-v3.0.0/2009/MIDI-Unprocessed_10_R2_2009_01_ORIG_MID--AUDIO_10_R2_2009_10_R2_2009_04_WAV.wav,dataset/maestro-v3.0.0/2009/MIDI-Unprocessed_10_R2_2009_01_ORIG_MID--AUDIO_10_R2_2009_10_R2_2009_04_WAV.midi
unlabeled,dataset/maestro-v3.0.0/2004/MIDI-Unprocessed_XP_14_R2_2004_01_ORIG_MID--AUDIO_14_R2_2004_01_Track01_wav.wav,dataset/maestro-v3.0.0/2004/MIDI-Unprocessed_XP_14_R2_2004_01_ORIG_MID--AUDIO_14_R2_2004_01_Track01_wav.midi
unlabeled,dataset/maestro-v3.0.0/2004/MIDI-Unprocessed_XP_14_R2_2004_01_ORIG_MID--AUDIO_14_R2_2004_02_Track02_wav.wav,dataset/maestro-v3.0.0/2004/MIDI-Unprocessed_XP_14_R2_2004_01_ORIG_MID--AUDIO_14_R2_2004_02_Track02_wav.midi
unlabeled,dataset/maestro-v3.0.0/2004/MIDI-Unprocessed_XP_14_R2_2004_01_ORIG_MID--AUDIO_14_R2_2004_03_Track03_wav.wav,dataset/maestro-v3.0.0/2004/MIDI-Unprocessed_XP_14_R2_2004_01_ORIG_MID--AUDIO_14_R2_2004_03_Track03_wav.midi
unlabeled,dataset/maestro-v3.0.0/2004/MIDI-Unprocessed_XP_14_R2_2004_01_ORIG_MID--AUDIO_14_R2_2004_04_Track04_wav.wav,dataset/maestro-v3.0.0/2004/MIDI-Unprocessed_XP_14_R2_2004_01_ORIG_MID--AUDIO_14_R2_2004_04_Track04_wav.midi
unlabeled,dataset/maestro-v3.0.0/2004/MIDI-Unprocessed_XP_16_R2_2004_01_ORIG_MID--AUDIO_16_R2_2004_01_Track01_wav.wav,dataset/maestro-v3.0.0/2004/MIDI-Unprocessed_XP_16_R2_2004_01_ORIG_MID--AUDIO_16_R2_2004_01_Track01_wav.midi
unlabeled,dataset/maestro-v3.0.0/2004/MIDI-Unprocessed_XP_16_R2_2004_01_ORIG_MID--AUDIO_16_R2_2004_02_Track02_wav.wav,dataset/maestro-v3.0.0/2004/MIDI-Unprocessed_XP_16_R2_2004_01_ORIG_MID--AUDIO_16_R2_2004_02_Track02_wav.midi
unlabeled,dataset/maestro-v3.0.0/2004/MIDI-Unprocessed_XP_16_R2_2004_01_ORIG_MID--AUDIO_16_R2_2004_03_Track03_wav.wav,dataset/maestro-v3.0.0/2004/MIDI-Unprocessed_XP_16_R2_2004_01_ORIG_MID--AUDIO_16_R2_2004_03_Track03_wav.midi
unlabeled,dataset/maestro-v3.0.0/2004/MIDI-Unprocessed_XP_16_R2_2004_01_ORIG_MID--AUDIO_16_R2_2004_04_Track04_wav.wav,dataset/maestro-v3.0.0/2004/MIDI-Unprocessed_XP_16_R2_2004_01_ORIG_MID--AUDIO_16_R2_2004_04_Track04_wav.midi
unlabeled,dataset/maestro-v3.0.0/2018/MIDI-Unprocessed_Schubert4-6_MID--AUDIO_09_R2_2018_wav.wav,dataset/maestro-v3.0.0/2018/MIDI-Unprocessed_Schubert4-6_MID--AUDIO_09_R2_2018_wav.midi
unlabeled,dataset/maestro-v3.0.0/2018/MIDI-Unprocessed_Schubert4-6_MID--AUDIO_10_R2_2018_wav.wav,dataset/maestro-v3.0.0/2018/MIDI-Unprocessed_Schubert4-6_MID--AUDIO_10_R2_2018_wav.midi
unlabeled,dataset/maestro-v3.0.0/2009/MIDI-Unprocessed_17_R2_2009_01_ORIG_MID--AUDIO_17_R2_2009_17_R2_2009_01_WAV.wav,dataset/maestro-v3.0.0/2009/MIDI-Unprocessed_17_R2_2009_01_ORIG_MID--AUDIO_17_R2_2009_17_R2_2009_01_WAV.midi
unlabeled,dataset/maestro-v3.0.0/2009/MIDI-Unprocessed_17_R2_2009_01_ORIG_MID--AUDIO_17_R2_2009_17_R2_2009_02_WAV.wav,dataset/maestro-v3.0.0/2009/MIDI-Unprocessed_17_R2_2009_01_ORIG_MID--AUDIO_17_R2_2009_17_R2_2009_02_WAV.midi
unlabeled,dataset/maestro-v3.0.0/2009/MIDI-Unprocessed_17_R2_2009_01_ORIG_MID--AUDIO_17_R2_2009_17_R2_2009_03_WAV.wav,dataset/maestro-v3.0.0/2009/MIDI-Unprocessed_17_R2_2009_01_ORIG_MID--AUDIO_17_R2_2009_17_R2_2009_03_WAV.midi
unlabeled,dataset/maestro-v3.0.0/2009/MIDI-Unprocessed_17_R2_2009_01_ORIG_MID--AUDIO_17_R2_2009_17_R2_2009_04_WAV.wav,dataset/maestro-v3.0.0/2009/MIDI-Unprocessed_17_R2_2009_01_ORIG_MID--AUDIO_17_R2_2009_17_R2_2009_04_WAV.midi
unlabeled,dataset/maestro-v3.0.0/2009/MIDI-Unprocessed_07_R2_2009_01_ORIG_MID--AUDIO_07_R2_2009_07_R2_2009_01_WAV.wav,dataset/maestro-v3.0.0/2009/MIDI-Unprocessed_07_R2_2009_01_ORIG_MID--AUDIO_07_R2_2009_07_R2_2009_01_WAV.midi
unlabeled,dataset/maestro-v3.0.0/2009/MIDI-Unprocessed_12_R2_2009_01_ORIG_MID--AUDIO_12_R2_2009_12_R2_2009_01_WAV.wav,dataset/maestro-v3.0.0/2009/MIDI-Unprocessed_12_R2_2009_01_ORIG_MID--AUDIO_12_R2_2009_12_R2_2009_01_WAV.midi
unlabeled,dataset/maestro-v3.0.0/2014/MIDI-UNPROCESSED_04-07-08-10-12-15-17_R2_2014_MID--AUDIO_07_R2_2014_wav.wav,dataset/maestro-v3.0.0/2014/MIDI-UNPROCESSED_04-07-08-10-12-15-17_R2_2014_MID--AUDIO_07_R2_2014_wav.midi
unlabeled,dataset/maestro-v3.0.0/2014/MIDI-UNPROCESSED_19-20-21_R2_2014_MID--AUDIO_21_R2_2014_wav.wav,dataset/maestro-v3.0.0/2014/MIDI-UNPROCESSED_19-20-21_R2_2014_MID--AUDIO_21_R2_2014_wav.midi
unlabeled,dataset/maestro-v3.0.0/2009/MIDI-Unprocessed_07_R2_2009_01_ORIG_MID--AUDIO_07_R2_2009_07_R2_2009_02_WAV.wav,dataset/maestro-v3.0.0/2009/MIDI-Unprocessed_07_R2_2009_01_ORIG_MID--AUDIO_07_R2_2009_07_R2_2009_02_WAV.midi
unlabeled,dataset/maestro-v3.0.0/2009/MIDI-Unprocessed_12_R2_2009_01_ORIG_MID--AUDIO_12_R2_2009_12_R2_2009_02_WAV.wav,dataset/maestro-v3.0.0/2009/MIDI-Unprocessed_12_R2_2009_01_ORIG_MID--AUDIO_12_R2_2009_12_R2_2009_02_WAV.midi
unlabeled,dataset/maestro-v3.0.0/2009/MIDI-Unprocessed_07_R2_2009_01_ORIG_MID--AUDIO_07_R2_2009_07_R2_2009_03_WAV.wav,dataset/maestro-v3.0.0/2009/MIDI-Unprocessed_07_R2_2009_01_ORIG_MID--AUDIO_07_R2_2009_07_R2_2009_03_WAV.midi
unlabeled,dataset/maestro-v3.0.0/2009/MIDI-Unprocessed_12_R2_2009_01_ORIG_MID--AUDIO_12_R2_2009_12_R2_2009_03_WAV.wav,dataset/maestro-v3.0.0/2009/MIDI-Unprocessed_12_R2_2009_01_ORIG_MID--AUDIO_12_R2_2009_12_R2_2009_03_WAV.midi
unlabeled,dataset/maestro-v3.0.0/2009/MIDI-Unprocessed_07_R2_2009_01_ORIG_MID--AUDIO_07_R2_2009_07_R2_2009_04_WAV.wav,dataset/maestro-v3.0.0/2009/MIDI-Unprocessed_07_R2_2009_01_ORIG_MID--AUDIO_07_R2_2009_07_R2_2009_04_WAV.midi
unlabeled,dataset/maestro-v3.0.0/2009/MIDI-Unprocessed_12_R2_2009_01_ORIG_MID--AUDIO_12_R2_2009_12_R2_2009_04_WAV.wav,dataset/maestro-v3.0.0/2009/MIDI-Unprocessed_12_R2_2009_01_ORIG_MID--AUDIO_12_R2_2009_12_R2_2009_04_WAV.midi
unlabeled,dataset/maestro-v3.0.0/2004/MIDI-Unprocessed_XP_06_R2_2004_01_ORIG_MID--AUDIO_06_R2_2004_01_Track01_wav.wav,dataset/maestro-v3.0.0/2004/MIDI-Unprocessed_XP_06_R2_2004_01_ORIG_MID--AUDIO_06_R2_2004_01_Track01_wav.midi
unlabeled,dataset/maestro-v3.0.0/2004/MIDI-Unprocessed_XP_06_R2_2004_01_ORIG_MID--AUDIO_06_R2_2004_02_Track02_wav.wav,dataset/maestro-v3.0.0/2004/MIDI-Unprocessed_XP_06_R2_2004_01_ORIG_MID--AUDIO_06_R2_2004_02_Track02_wav.midi
unlabeled,dataset/maestro-v3.0.0/2004/MIDI-Unprocessed_XP_06_R2_2004_01_ORIG_MID--AUDIO_06_R2_2004_03_Track03_wav.wav,dataset/maestro-v3.0.0/2004/MIDI-Unprocessed_XP_06_R2_2004_01_ORIG_MID--AUDIO_06_R2_2004_03_Track03_wav.midi
unlabeled,dataset/maestro-v3.0.0/2004/MIDI-Unprocessed_XP_19_R2_2004_01_ORIG_MID--AUDIO_19_R2_2004_01_Track01_wav.wav,dataset/maestro-v3.0.0/2004/MIDI-Unprocessed_XP_19_R2_2004_01_ORIG_MID--AUDIO_19_R2_2004_01_Track01_wav.midi
unlabeled,dataset/maestro-v3.0.0/2004/MIDI-Unprocessed_XP_19_R2_2004_01_ORIG_MID--AUDIO_19_R2_2004_02_Track02_wav.wav,dataset/maestro-v3.0.0/2004/MIDI-Unprocessed_XP_19_R2_2004_01_ORIG_MID--AUDIO_19_R2_2004_02_Track02_wav.midi
unlabeled,dataset/maestro-v3.0.0/2004/MIDI-Unprocessed_XP_19_R2_2004_01_ORIG_MID--AUDIO_19_R2_2004_03_Track03_wav.wav,dataset/maestro-v3.0.0/2004/MIDI-Unprocessed_XP_19_R2_2004_01_ORIG_MID--AUDIO_19_R2_2004_03_Track03_wav.midi
unlabeled,dataset/maestro-v3.0.0/2004/MIDI-Unprocessed_XP_22_R2_2004_01_ORIG_MID--AUDIO_22_R2_2004_01_Track01_wav.wav,dataset/maestro-v3.0.0/2004/MIDI-Unprocessed_XP_22_R2_2004_01_ORIG_MID--AUDIO_22_R2_2004_01_Track01_wav.midi
unlabeled,dataset/maestro-v3.0.0/2004/MIDI-Unprocessed_XP_22_R2_2004_01_ORIG_MID--AUDIO_22_R2_2004_02_Track02_wav.wav,dataset/maestro-v3.0.0/2004/MIDI-Unprocessed_XP_22_R2_2004_01_ORIG_MID--AUDIO_22_R2_2004_02_Track02_wav.midi
unlabeled,dataset/maestro-v3.0.0/2004/MIDI-Unprocessed_XP_22_R2_2004_01_ORIG_MID--AUDIO_22_R2_2004_03_Track03_wav.wav,dataset/maestro-v3.0.0/2004/MIDI-Unprocessed_XP_22_R2_2004_01_ORIG_MID--AUDIO_22_R2_2004_03_Track03_wav.midi
unlabeled,dataset/maestro-v3.0.0/2004/MIDI-Unprocessed_XP_22_R2_2004_01_ORIG_MID--AUDIO_22_R2_2004_04_Track04_wav.wav,dataset/maestro-v3.0.0/2004/MIDI-Unprocessed_XP_22_R2_2004_01_ORIG_MID--AUDIO_22_R2_2004_04_Track04_wav.midi
unlabeled,dataset/maestro-v3.0.0/2018/MIDI-Unprocessed_Schubert1-3_MID--AUDIO_05_R2_2018_wav.wav,dataset/maestro-v3.0.0/2018/MIDI-Unprocessed_Schubert1-3_MID--AUDIO_05_R2_2018_wav.midi
unlabeled,dataset/maestro-v3.0.0/2018/MIDI-Unprocessed_Schubert4-6_MID--AUDIO_08_R2_2018_wav.wav,dataset/maestro-v3.0.0/2018/MIDI-Unprocessed_Schubert4-6_MID--AUDIO_08_R2_2018_wav.midi
unlabeled,dataset/maestro-v3.0.0/2018/MIDI-Unprocessed_Schubert7-9_MID--AUDIO_11_R2_2018_wav.wav,dataset/maestro-v3.0.0/2018/MIDI-Unprocessed_Schubert7-9_MID--AUDIO_11_R2_2018_wav.midi
unlabeled,dataset/maestro-v3.0.0/2018/MIDI-Unprocessed_Schubert7-9_MID--AUDIO_16_R2_2018_wav.wav,dataset/maestro-v3.0.0/2018/MIDI-Unprocessed_Schubert7-9_MID--AUDIO_16_R2_2018_wav.midi
unlabeled,dataset/maestro-v3.0.0/2014/MIDI-UNPROCESSED_04-07-08-10-12-15-17_R2_2014_MID--AUDIO_10_R2_2014_wav.wav,dataset/maestro-v3.0.0/2014/MIDI-UNPROCESSED_04-07-08-10-12-15-17_R2_2014_MID--AUDIO_10_R2_2014_wav.midi
unlabeled,dataset/maestro-v3.0.0/2004/MIDI-Unprocessed_XP_15_R2_2004_01_ORIG_MID--AUDIO_15_R2_2004_01_Track01_wav.wav,dataset/maestro-v3.0.0/2004/MIDI-Unprocessed_XP_15_R2_2004_01_ORIG_MID--AUDIO_15_R2_2004_01_Track01_wav.midi
unlabeled,dataset/maestro-v3.0.0/2004/MIDI-Unprocessed_XP_15_R2_2004_01_ORIG_MID--AUDIO_15_R2_2004_02_Track02_wav.wav,dataset/maestro-v3.0.0/2004/MIDI-Unprocessed_XP_15_R2_2004_01_ORIG_MID--AUDIO_15_R2_2004_02_Track02_wav.midi
unlabeled,dataset/maestro-v3.0.0/2004/MIDI-Unprocessed_XP_15_R2_2004_01_ORIG_MID--AUDIO_15_R2_2004_03_Track03_wav.wav,dataset/maestro-v3.0.0/2004/MIDI-Unprocessed_XP_15_R2_2004_01_ORIG_MID--AUDIO_15_R2_2004_03_Track03_wav.midi
unlabeled,dataset/maestro-v3.0.0/2004/MIDI-Unprocessed_XP_15_R2_2004_01_ORIG_MID--AUDIO_15_R2_2004_04_Track04_wav.wav,dataset/maestro-v3.0.0/2004/MIDI-Unprocessed_XP_15_R2_2004_01_ORIG_MID--AUDIO_15_R2_2004_04_Track04_wav.midi
unlabeled,dataset/maestro-v3.0.0/2018/MIDI-Unprocessed_Schubert10-12_MID--AUDIO_20_R2_2018_wav.wav,dataset/maestro-v3.0.0/2018/MIDI-Unprocessed_Schubert10-12_MID--AUDIO_20_R2_2018_wav.midi
unlabeled,dataset/maestro-v3.0.0/2018/MIDI-Unprocessed_Schubert7-9_MID--AUDIO_15_R2_2018_wav.wav,dataset/maestro-v3.0.0/2018/MIDI-Unprocessed_Schubert7-9_MID--AUDIO_15_R2_2018_wav.midi
unlabeled,dataset/maestro-v3.0.0/2018/MIDI-Unprocessed_Schubert10-12_MID--AUDIO_17_R2_2018_wav.wav,dataset/maestro-v3.0.0/2018/MIDI-Unprocessed_Schubert10-12_MID--AUDIO_17_R2_2018_wav.midi
unlabeled,dataset/maestro-v3.0.0/2018/MIDI-Unprocessed_Schubert10-12_MID--AUDIO_18_R2_2018_wav.wav,dataset/maestro-v3.0.0/2018/MIDI-Unprocessed_Schubert10-12_MID--AUDIO_18_R2_2018_wav.midi
unlabeled,dataset/maestro-v3.0.0/2004/MIDI-Unprocessed_XP_17_R2_2004_01_ORIG_MID--AUDIO_17_R2_2004_01_Track01_wav.wav,dataset/maestro-v3.0.0/2004/MIDI-Unprocessed_XP_17_R2_2004_01_ORIG_MID--AUDIO_17_R2_2004_01_Track01_wav.midi
unlabeled,dataset/maestro-v3.0.0/2004/MIDI-Unprocessed_XP_17_R2_2004_01_ORIG_MID--AUDIO_17_R2_2004_02_Track02_wav.wav,dataset/maestro-v3.0.0/2004/MIDI-Unprocessed_XP_17_R2_2004_01_ORIG_MID--AUDIO_17_R2_2004_02_Track02_wav.midi
unlabeled,dataset/maestro-v3.0.0/2004/MIDI-Unprocessed_XP_17_R2_2004_01_ORIG_MID--AUDIO_17_R2_2004_03_Track03_wav.wav,dataset/maestro-v3.0.0/2004/MIDI-Unprocessed_XP_17_R2_2004_01_ORIG_MID--AUDIO_17_R2_2004_03_Track03_wav.midi
unlabeled,dataset/maestro-v3.0.0/2004/MIDI-Unprocessed_XP_17_R2_2004_01_ORIG_MID--AUDIO_17_R2_2004_04_Track04_wav.wav,dataset/maestro-v3.0.0/2004/MIDI-Unprocessed_XP_17_R2_2004_01_ORIG_MID--AUDIO_17_R2_2004_04_Track04_wav.midi
unlabeled,dataset/maestro-v3.0.0/2009/MIDI-Unprocessed_08_R2_2009_01_ORIG_MID--AUDIO_08_R2_2009_08_R2_2009_01_WAV.wav,dataset/maestro-v3.0.0/2009/MIDI-Unprocessed_08_R2_2009_01_ORIG_MID--AUDIO_08_R2_2009_08_R2_2009_01_WAV.midi
unlabeled,dataset/maestro-v3.0.0/2009/MIDI-Unprocessed_19_R2_2009_01_ORIG_MID--AUDIO_19_R2_2009_19_R2_2009_01_WAV.wav,dataset/maestro-v3.0.0/2009/MIDI-Unprocessed_19_R2_2009_01_ORIG_MID--AUDIO_19_R2_2009_19_R2_2009_01_WAV.midi
unlabeled,dataset/maestro-v3.0.0/2009/MIDI-Unprocessed_08_R2_2009_01_ORIG_MID--AUDIO_08_R2_2009_08_R2_2009_02_WAV.wav,dataset/maestro-v3.0.0/2009/MIDI-Unprocessed_08_R2_2009_01_ORIG_MID--AUDIO_08_R2_2009_08_R2_2009_02_WAV.midi
unlabeled,dataset/maestro-v3.0.0/2009/MIDI-Unprocessed_19_R2_2009_01_ORIG_MID--AUDIO_19_R2_2009_19_R2_2009_02_WAV.wav,dataset/maestro-v3.0.0/2009/MIDI-Unprocessed_19_R2_2009_01_ORIG_MID--AUDIO_19_R2_2009_19_R2_2009_02_WAV.midi
unlabeled,dataset/maestro-v3.0.0/2009/MIDI-Unprocessed_08_R2_2009_01_ORIG_MID--AUDIO_08_R2_2009_08_R2_2009_03_WAV.wav,dataset/maestro-v3.0.0/2009/MIDI-Unprocessed_08_R2_2009_01_ORIG_MID--AUDIO_08_R2_2009_08_R2_2009_03_WAV.midi
unlabeled,dataset/maestro-v3.0.0/2009/MIDI-Unprocessed_19_R2_2009_01_ORIG_MID--AUDIO_19_R2_2009_19_R2_2009_03_WAV.wav,dataset/maestro-v3.0.0/2009/MIDI-Unprocessed_19_R2_2009_01_ORIG_MID--AUDIO_19_R2_2009_19_R2_2009_03_WAV.midi
unlabeled,dataset/maestro-v3.0.0/2009/MIDI-Unprocessed_08_R2_2009_01_ORIG_MID--AUDIO_08_R2_2009_08_R2_2009_04_WAV.wav,dataset/maestro-v3.0.0/2009/MIDI-Unprocessed_08_R2_2009_01_ORIG_MID--AUDIO_08_R2_2009_08_R2_2009_04_WAV.midi
unlabeled,dataset/maestro-v3.0.0/2009/MIDI-Unprocessed_19_R2_2009_01_ORIG_MID--AUDIO_19_R2_2009_19_R2_2009_04_WAV.wav,dataset/maestro-v3.0.0/2009/MIDI-Unprocessed_19_R2_2009_01_ORIG_MID--AUDIO_19_R2_2009_19_R2_2009_04_WAV.midi
unlabeled,dataset/maestro-v3.0.0/2004/MIDI-Unprocessed_XP_04_R2_2004_01_ORIG_MID--AUDIO_04_R2_2004_01_Track01_wav.wav,dataset/maestro-v3.0.0/2004/MIDI-Unprocessed_XP_04_R2_2004_01_ORIG_MID--AUDIO_04_R2_2004_01_Track01_wav.midi
unlabeled,dataset/maestro-v3.0.0/2004/MIDI-Unprocessed_XP_04_R2_2004_01_ORIG_MID--AUDIO_04_R2_2004_02_Track02_wav.wav,dataset/maestro-v3.0.0/2004/MIDI-Unprocessed_XP_04_R2_2004_01_ORIG_MID--AUDIO_04_R2_2004_02_Track02_wav.midi
unlabeled,dataset/maestro-v3.0.0/2004/MIDI-Unprocessed_XP_20_R2_2004_01_ORIG_MID--AUDIO_20_R1_2004_01_Track01_wav.wav,dataset/maestro-v3.0.0/2004/MIDI-Unprocessed_XP_20_R2_2004_01_ORIG_MID--AUDIO_20_R1_2004_01_Track01_wav.midi
unlabeled,dataset/maestro-v3.0.0/2004/MIDI-Unprocessed_XP_20_R2_2004_01_ORIG_MID--AUDIO_20_R1_2004_02_Track02_wav.wav,dataset/maestro-v3.0.0/2004/MIDI-Unprocessed_XP_20_R2_2004_01_ORIG_MID--AUDIO_20_R1_2004_02_Track02_wav.midi
unlabeled,dataset/maestro-v3.0.0/2004/MIDI-Unprocessed_XP_20_R2_2004_01_ORIG_MID--AUDIO_20_R1_2004_03_Track03_wav.wav,dataset/maestro-v3.0.0/2004/MIDI-Unprocessed_XP_20_R2_2004_01_ORIG_MID--AUDIO_20_R1_2004_03_Track03_wav.midi
unlabeled,dataset/maestro-v3.0.0/2011/MIDI-Unprocessed_03_R2_2011_MID--AUDIO_R2-D1_08_Track08_wav.wav,dataset/maestro-v3.0.0/2011/MIDI-Unprocessed_03_R2_2011_MID--AUDIO_R2-D1_08_Track08_wav.midi
unlabeled,dataset/maestro-v3.0.0/2006/MIDI-Unprocessed_11_R1_2006_01-06_ORIG_MID--AUDIO_11_R1_2006_04_Track04_wav.wav,dataset/maestro-v3.0.0/2006/MIDI-Unprocessed_11_R1_2006_01-06_ORIG_MID--AUDIO_11_R1_2006_04_Track04_wav.midi
unlabeled,dataset/maestro-v3.0.0/2004/MIDI-Unprocessed_XP_18_R1_2004_01-02_ORIG_MID--AUDIO_18_R1_2004_02_Track02_wav.wav,dataset/maestro-v3.0.0/2004/MIDI-Unprocessed_XP_18_R1_2004_01-02_ORIG_MID--AUDIO_18_R1_2004_02_Track02_wav.midi
unlabeled,dataset/maestro-v3.0.0/2004/MIDI-Unprocessed_XP_18_R1_2004_01-02_ORIG_MID--AUDIO_18_R1_2004_04_Track04_wav.wav,dataset/maestro-v3.0.0/2004/MIDI-Unprocessed_XP_18_R1_2004_01-02_ORIG_MID--AUDIO_18_R1_2004_04_Track04_wav.midi
unlabeled,dataset/maestro-v3.0.0/2011/MIDI-Unprocessed_25_R2_2011_MID--AUDIO_R2-D6_08_Track08_wav.wav,dataset/maestro-v3.0.0/2011/MIDI-Unprocessed_25_R2_2011_MID--AUDIO_R2-D6_08_Track08_wav.midi
unlabeled,dataset/maestro-v3.0.0/2011/MIDI-Unprocessed_12_R2_2011_MID--AUDIO_R2-D4_05_Track05_wav.wav,dataset/maestro-v3.0.0/2011/MIDI-Unprocessed_12_R2_2011_MID--AUDIO_R2-D4_05_Track05_wav.midi
unlabeled,dataset/maestro-v3.0.0/2015/MIDI-Unprocessed_R1_D2-21-22_mid--AUDIO-from_mp3_21_R1_2015_wav--4.wav,dataset/maestro-v3.0.0/2015/MIDI-Unprocessed_R1_D2-21-22_mid--AUDIO-from_mp3_21_R1_2015_wav--4.midi
unlabeled,dataset/maestro-v3.0.0/2011/MIDI-Unprocessed_17_R2_2011_MID--AUDIO_R2-D5_06_Track06_wav.wav,dataset/maestro-v3.0.0/2011/MIDI-Unprocessed_17_R2_2011_MID--AUDIO_R2-D5_06_Track06_wav.midi
unlabeled,dataset/maestro-v3.0.0/2004/MIDI-Unprocessed_SMF_05_R1_2004_01_ORIG_MID--AUDIO_05_R1_2004_02_Track02_wav.wav,dataset/maestro-v3.0.0/2004/MIDI-Unprocessed_SMF_05_R1_2004_01_ORIG_MID--AUDIO_05_R1_2004_02_Track02_wav.midi
unlabeled,dataset/maestro-v3.0.0/2004/MIDI-Unprocessed_SMF_05_R1_2004_01_ORIG_MID--AUDIO_05_R1_2004_03_Track03_wav.wav,dataset/maestro-v3.0.0/2004/MIDI-Unprocessed_SMF_05_R1_2004_01_ORIG_MID--AUDIO_05_R1_2004_03_Track03_wav.midi
unlabeled,dataset/maestro-v3.0.0/2004/MIDI-Unprocessed_XP_06_R1_2004_01_ORIG_MID--AUDIO_06_R1_2004_01_Track01_wav.wav,dataset/maestro-v3.0.0/2004/MIDI-Unprocessed_XP_06_R1_2004_01_ORIG_MID--AUDIO_06_R1_2004_01_Track01_wav.midi
unlabeled,dataset/maestro-v3.0.0/2008/MIDI-Unprocessed_10_R3_2008_01-05_ORIG_MID--AUDIO_10_R3_2008_wav--5.wav,dataset/maestro-v3.0.0/2008/MIDI-Unprocessed_10_R3_2008_01-05_ORIG_MID--AUDIO_10_R3_2008_wav--5.midi
unlabeled,dataset/maestro-v3.0.0/2008/MIDI-Unprocessed_11_R3_2008_01-04_ORIG_MID--AUDIO_11_R3_2008_wav--4.wav,dataset/maestro-v3.0.0/2008/MIDI-Unprocessed_11_R3_2008_01-04_ORIG_MID--AUDIO_11_R3_2008_wav--4.midi
unlabeled,dataset/maestro-v3.0.0/2009/MIDI-Unprocessed_13_R1_2009_01-03_ORIG_MID--AUDIO_13_R1_2009_13_R1_2009_03_WAV.wav,dataset/maestro-v3.0.0/2009/MIDI-Unprocessed_13_R1_2009_01-03_ORIG_MID--AUDIO_13_R1_2009_13_R1_2009_03_WAV.midi
unlabeled,dataset/maestro-v3.0.0/2009/MIDI-Unprocessed_21_R1_2009_01-03_ORIG_MID--AUDIO_21_R1_2009_21_R1_2009_03_WAV.wav,dataset/maestro-v3.0.0/2009/MIDI-Unprocessed_21_R1_2009_01-03_ORIG_MID--AUDIO_21_R1_2009_21_R1_2009_03_WAV.midi
unlabeled,dataset/maestro-v3.0.0/2011/MIDI-Unprocessed_04_R3_2011_MID--AUDIO_R3-D2_06_Track06_wav.wav,dataset/maestro-v3.0.0/2011/MIDI-Unprocessed_04_R3_2011_MID--AUDIO_R3-D2_06_Track06_wav.midi
unlabeled,dataset/maestro-v3.0.0/2011/MIDI-Unprocessed_06_R1_2011_MID--AUDIO_R1-D2_17_Track17_wav.wav,dataset/maestro-v3.0.0/2011/MIDI-Unprocessed_06_R1_2011_MID--AUDIO_R1-D2_17_Track17_wav.midi
unlabeled,dataset/maestro-v3.0.0/2017/MIDI-Unprocessed_071_PIANO071_MID--AUDIO-split_07-08-17_Piano-e_1-04_wav--3.wav,dataset/maestro-v3.0.0/2017/MIDI-Unprocessed_071_PIANO071_MID--AUDIO-split_07-08-17_Piano-e_1-04_wav--3.midi
unlabeled,dataset/maestro-v3.0.0/2017/MIDI-Unprocessed_082_PIANO082_MID--AUDIO-split_07-09-17_Piano-e_2_-04_wav--2.wav,dataset/maestro-v3.0.0/2017/MIDI-Unprocessed_082_PIANO082_MID--AUDIO-split_07-09-17_Piano-e_2_-04_wav--2.midi
unlabeled,dataset/maestro-v3.0.0/2014/MIDI-UNPROCESSED_04-05_R1_2014_MID--AUDIO_05_R1_2014_wav--7.wav,dataset/maestro-v3.0.0/2014/MIDI-UNPROCESSED_04-05_R1_2014_MID--AUDIO_05_R1_2014_wav--7.midi
unlabeled,dataset/maestro-v3.0.0/2015/MIDI-Unprocessed_R2_D1-2-3-6-7-8-11_mid--AUDIO-from_mp3_11_R2_2015_wav--4.wav,dataset/maestro-v3.0.0/2015/MIDI-Unprocessed_R2_D1-2-3-6-7-8-11_mid--AUDIO-from_mp3_11_R2_2015_wav--4.midi
unlabeled,dataset/maestro-v3.0.0/2015/MIDI-Unprocessed_R2_D2-19-21-22_mid--AUDIO-from_mp3_22_R2_2015_wav--4.wav,dataset/maestro-v3.0.0/2015/MIDI-Unprocessed_R2_D2-19-21-22_mid--AUDIO-from_mp3_22_R2_2015_wav--4.midi
unlabeled,dataset/maestro-v3.0.0/2013/ORIG-MIDI_01_7_7_13_Group__MID--AUDIO_14_R1_2013_wav--4.wav,dataset/maestro-v3.0.0/2013/ORIG-MIDI_01_7_7_13_Group__MID--AUDIO_14_R1_2013_wav--4.midi
unlabeled,dataset/maestro-v3.0.0/2006/MIDI-Unprocessed_04_R1_2006_01-04_ORIG_MID--AUDIO_04_R1_2006_01_Track01_wav.wav,dataset/maestro-v3.0.0/2006/MIDI-Unprocessed_04_R1_2006_01-04_ORIG_MID--AUDIO_04_R1_2006_01_Track01_wav.midi
unlabeled,dataset/maestro-v3.0.0/2004/MIDI-Unprocessed_SMF_12_01_2004_01-05_ORIG_MID--AUDIO_12_R1_2004_07_Track07_wav.wav,dataset/maestro-v3.0.0/2004/MIDI-Unprocessed_SMF_12_01_2004_01-05_ORIG_MID--AUDIO_12_R1_2004_07_Track07_wav.midi
unlabeled,dataset/maestro-v3.0.0/2004/MIDI-Unprocessed_SMF_17_R1_2004_01-03_ORIG_MID--AUDIO_17_R1_2004_06_Track06_wav.wav,dataset/maestro-v3.0.0/2004/MIDI-Unprocessed_SMF_17_R1_2004_01-03_ORIG_MID--AUDIO_17_R1_2004_06_Track06_wav.midi
unlabeled,dataset/maestro-v3.0.0/2004/MIDI-Unprocessed_SMF_17_R1_2004_03-06_ORIG_MID--AUDIO_20_R2_2004_12_Track12_wav--2.wav,dataset/maestro-v3.0.0/2004/MIDI-Unprocessed_SMF_17_R1_2004_03-06_ORIG_MID--AUDIO_20_R2_2004_12_Track12_wav--2.midi
unlabeled,dataset/maestro-v3.0.0/2015/MIDI-Unprocessed_R2_D2-12-13-15_mid--AUDIO-from_mp3_12_R2_2015_wav--5.wav,dataset/maestro-v3.0.0/2015/MIDI-Unprocessed_R2_D2-12-13-15_mid--AUDIO-from_mp3_12_R2_2015_wav--5.midi
unlabeled,dataset/maestro-v3.0.0/2013/ORIG-MIDI_02_7_8_13_Group__MID--AUDIO_12_R2_2013_wav--3.wav,dataset/maestro-v3.0.0/2013/ORIG-MIDI_02_7_8_13_Group__MID--AUDIO_12_R2_2013_wav--3.midi
unlabeled,dataset/maestro-v3.0.0/2013/ORIG-MIDI_01_7_10_13_Group_MID--AUDIO_08_R3_2013_wav--3.wav,dataset/maestro-v3.0.0/2013/ORIG-MIDI_01_7_10_13_Group_MID--AUDIO_08_R3_2013_wav--3.midi
unlabeled,dataset/maestro-v3.0.0/2011/MIDI-Unprocessed_04_R2_2011_MID--AUDIO_R2-D2_03_Track03_wav.wav,dataset/maestro-v3.0.0/2011/MIDI-Unprocessed_04_R2_2011_MID--AUDIO_R2-D2_03_Track03_wav.midi
unlabeled,dataset/maestro-v3.0.0/2011/MIDI-Unprocessed_17_R1_2011_MID--AUDIO_R1-D7_05_Track05_wav.wav,dataset/maestro-v3.0.0/2011/MIDI-Unprocessed_17_R1_2011_MID--AUDIO_R1-D7_05_Track05_wav.midi
unlabeled,dataset/maestro-v3.0.0/2011/MIDI-Unprocessed_18_R1_2011_MID--AUDIO_R1-D7_10_Track10_wav.wav,dataset/maestro-v3.0.0/2011/MIDI-Unprocessed_18_R1_2011_MID--AUDIO_R1-D7_10_Track10_wav.midi
unlabeled,dataset/maestro-v3.0.0/2017/MIDI-Unprocessed_046_PIANO046_MID--AUDIO-split_07-06-17_Piano-e_2-02_wav--4.wav,dataset/maestro-v3.0.0/2017/MIDI-Unprocessed_046_PIANO046_MID--AUDIO-split_07-06-17_Piano-e_2-02_wav--4.midi
unlabeled,dataset/maestro-v3.0.0/2008/MIDI-Unprocessed_02_R3_2008_01-03_ORIG_MID--AUDIO_02_R3_2008_wav--2.wav,dataset/maestro-v3.0.0/2008/MIDI-Unprocessed_02_R3_2008_01-03_ORIG_MID--AUDIO_02_R3_2008_wav--2.midi
unlabeled,dataset/maestro-v3.0.0/2009/MIDI-Unprocessed_03_R1_2009_03-08_ORIG_MID--AUDIO_03_R1_2009_03_R1_2009_04_WAV.wav,dataset/maestro-v3.0.0/2009/MIDI-Unprocessed_03_R1_2009_03-08_ORIG_MID--AUDIO_03_R1_2009_03_R1_2009_04_WAV.midi
unlabeled,dataset/maestro-v3.0.0/2008/MIDI-Unprocessed_15_R1_2008_01-04_ORIG_MID--AUDIO_15_R1_2008_wav--3.wav,dataset/maestro-v3.0.0/2008/MIDI-Unprocessed_15_R1_2008_01-04_ORIG_MID--AUDIO_15_R1_2008_wav--3.midi
unlabeled,dataset/maestro-v3.0.0/2017/MIDI-Unprocessed_050_PIANO050_MID--AUDIO-split_07-06-17_Piano-e_3-01_wav--4.wav,dataset/maestro-v3.0.0/2017/MIDI-Unprocessed_050_PIANO050_MID--AUDIO-split_07-06-17_Piano-e_3-01_wav--4.midi
unlabeled,dataset/maestro-v3.0.0/2008/MIDI-Unprocessed_07_R2_2008_01-05_ORIG_MID--AUDIO_07_R2_2008_wav--4.wav,dataset/maestro-v3.0.0/2008/MIDI-Unprocessed_07_R2_2008_01-05_ORIG_MID--AUDIO_07_R2_2008_wav--4.midi
unlabeled,dataset/maestro-v3.0.0/2011/MIDI-Unprocessed_10_R2_2011_MID--AUDIO_R2-D3_11_Track11_wav.wav,dataset/maestro-v3.0.0/2011/MIDI-Unprocessed_10_R2_2011_MID--AUDIO_R2-D3_11_Track11_wav.midi
unlabeled,dataset/maestro-v3.0.0/2008/MIDI-Unprocessed_08_R1_2008_01-05_ORIG_MID--AUDIO_08_R1_2008_wav--4.wav,dataset/maestro-v3.0.0/2008/MIDI-Unprocessed_08_R1_2008_01-05_ORIG_MID--AUDIO_08_R1_2008_wav--4.midi
unlabeled,dataset/maestro-v3.0.0/2008/MIDI-Unprocessed_12_R3_2008_01-04_ORIG_MID--AUDIO_12_R3_2008_wav--2.wav,dataset/maestro-v3.0.0/2008/MIDI-Unprocessed_12_R3_2008_01-04_ORIG_MID--AUDIO_12_R3_2008_wav--2.midi
unlabeled,dataset/maestro-v3.0.0/2014/MIDI-UNPROCESSED_01-03_R1_2014_MID--AUDIO_03_R1_2014_wav--5.wav,dataset/maestro-v3.0.0/2014/MIDI-UNPROCESSED_01-03_R1_2014_MID--AUDIO_03_R1_2014_wav--5.midi
unlabeled,dataset/maestro-v3.0.0/2013/ORIG-MIDI_02_7_7_13_Group__MID--AUDIO_17_R1_2013_wav--4.wav,dataset/maestro-v3.0.0/2013/ORIG-MIDI_02_7_7_13_Group__MID--AUDIO_17_R1_2013_wav--4.midi
unlabeled,dataset/maestro-v3.0.0/2011/MIDI-Unprocessed_12_R1_2011_MID--AUDIO_R1-D4_14_Track14_wav.wav,dataset/maestro-v3.0.0/2011/MIDI-Unprocessed_12_R1_2011_MID--AUDIO_R1-D4_14_Track14_wav.midi
unlabeled,dataset/maestro-v3.0.0/2017/MIDI-Unprocessed_051_PIANO051_MID--AUDIO-split_07-06-17_Piano-e_3-02_wav--4.wav,dataset/maestro-v3.0.0/2017/MIDI-Unprocessed_051_PIANO051_MID--AUDIO-split_07-06-17_Piano-e_3-02_wav--4.midi
unlabeled,dataset/maestro-v3.0.0/2008/MIDI-Unprocessed_09_R3_2008_01-07_ORIG_MID--AUDIO_09_R3_2008_wav--5.wav,dataset/maestro-v3.0.0/2008/MIDI-Unprocessed_09_R3_2008_01-07_ORIG_MID--AUDIO_09_R3_2008_wav--5.midi
unlabeled,dataset/maestro-v3.0.0/2006/MIDI-Unprocessed_13_R1_2006_01-06_ORIG_MID--AUDIO_13_R1_2006_06_Track06_wav.wav,dataset/maestro-v3.0.0/2006/MIDI-Unprocessed_13_R1_2006_01-06_ORIG_MID--AUDIO_13_R1_2006_06_Track06_wav.midi
unlabeled,dataset/maestro-v3.0.0/2013/ORIG-MIDI_03_7_10_13_Group_MID--AUDIO_18_R3_2013_wav--1.wav,dataset/maestro-v3.0.0/2013/ORIG-MIDI_03_7_10_13_Group_MID--AUDIO_18_R3_2013_wav--1.midi
unlabeled,dataset/maestro-v3.0.0/2009/MIDI-Unprocessed_10_R1_2009_03-05_ORIG_MID--AUDIO_10_R1_2009_10_R1_2009_03_WAV.wav,dataset/maestro-v3.0.0/2009/MIDI-Unprocessed_10_R1_2009_03-05_ORIG_MID--AUDIO_10_R1_2009_10_R1_2009_03_WAV.midi
unlabeled,dataset/maestro-v3.0.0/2008/MIDI-Unprocessed_08_R3_2008_01-05_ORIG_MID--AUDIO_08_R3_2008_wav--1.wav,dataset/maestro-v3.0.0/2008/MIDI-Unprocessed_08_R3_2008_01-05_ORIG_MID--AUDIO_08_R3_2008_wav--1.midi
unlabeled,dataset/maestro-v3.0.0/2013/ORIG-MIDI_01_7_10_13_Group_MID--AUDIO_07_R3_2013_wav--3.wav,dataset/maestro-v3.0.0/2013/ORIG-MIDI_01_7_10_13_Group_MID--AUDIO_07_R3_2013_wav--3.midi
unlabeled,dataset/maestro-v3.0.0/2017/MIDI-Unprocessed_049_PIANO049_MID--AUDIO-split_07-06-17_Piano-e_2-06_wav--5.wav,dataset/maestro-v3.0.0/2017/MIDI-Unprocessed_049_PIANO049_MID--AUDIO-split_07-06-17_Piano-e_2-06_wav--5.midi
unlabeled,dataset/maestro-v3.0.0/2004/MIDI-Unprocessed_SMF_17_R1_2004_04_ORIG_MID--AUDIO_17_R1_2004_09_Track09_wav.wav,dataset/maestro-v3.0.0/2004/MIDI-Unprocessed_SMF_17_R1_2004_04_ORIG_MID--AUDIO_17_R1_2004_09_Track09_wav.midi
unlabeled,dataset/maestro-v3.0.0/2004/MIDI-Unprocessed_SMF_17_R1_2004_04_ORIG_MID--AUDIO_17_R1_2004_11_Track11_wav.wav,dataset/maestro-v3.0.0/2004/MIDI-Unprocessed_SMF_17_R1_2004_04_ORIG_MID--AUDIO_17_R1_2004_11_Track11_wav.midi
unlabeled,dataset/maestro-v3.0.0/2015/MIDI-Unprocessed_R1_D1-1-8_mid--AUDIO-from_mp3_03_R1_2015_wav--2.wav,dataset/maestro-v3.0.0/2015/MIDI-Unprocessed_R1_D1-1-8_mid--AUDIO-from_mp3_03_R1_2015_wav--2.midi
unlabeled,dataset/maestro-v3.0.0/2015/MIDI-Unprocessed_R1_D1-9-12_mid--AUDIO-from_mp3_10_R1_2015_wav--2.wav,dataset/maestro-v3.0.0/2015/MIDI-Unprocessed_R1_D1-9-12_mid--AUDIO-from_mp3_10_R1_2015_wav--2.midi
unlabeled,dataset/maestro-v3.0.0/2015/MIDI-Unprocessed_R1_D1-9-12_mid--AUDIO-from_mp3_12_R1_2015_wav--4.wav,dataset/maestro-v3.0.0/2015/MIDI-Unprocessed_R1_D1-9-12_mid--AUDIO-from_mp3_12_R1_2015_wav--4.midi
unlabeled,dataset/maestro-v3.0.0/2015/MIDI-Unprocessed_R1_D2-13-20_mid--AUDIO-from_mp3_20_R1_2015_wav--3.wav,dataset/maestro-v3.0.0/2015/MIDI-Unprocessed_R1_D2-13-20_mid--AUDIO-from_mp3_20_R1_2015_wav--3.midi
unlabeled,dataset/maestro-v3.0.0/2013/ORIG-MIDI_02_7_7_13_Group__MID--AUDIO_19_R1_2013_wav--3.wav,dataset/maestro-v3.0.0/2013/ORIG-MIDI_02_7_7_13_Group__MID--AUDIO_19_R1_2013_wav--3.midi
unlabeled,dataset/maestro-v3.0.0/2017/MIDI-Unprocessed_042_PIANO042_MID--AUDIO-split_07-06-17_Piano-e_1-02_wav--2.wav,dataset/maestro-v3.0.0/2017/MIDI-Unprocessed_042_PIANO042_MID--AUDIO-split_07-06-17_Piano-e_1-02_wav--2.midi
unlabeled,dataset/maestro-v3.0.0/2017/MIDI-Unprocessed_043_PIANO043_MID--AUDIO-split_07-06-17_Piano-e_1-03_wav--3.wav,dataset/maestro-v3.0.0/2017/MIDI-Unprocessed_043_PIANO043_MID--AUDIO-split_07-06-17_Piano-e_1-03_wav--3.midi
unlabeled,dataset/maestro-v3.0.0/2017/MIDI-Unprocessed_059_PIANO059_MID--AUDIO-split_07-07-17_Piano-e_2-03_wav--3.wav,dataset/maestro-v3.0.0/2017/MIDI-Unprocessed_059_PIANO059_MID--AUDIO-split_07-07-17_Piano-e_2-03_wav--3.midi
unlabeled,dataset/maestro-v3.0.0/2017/MIDI-Unprocessed_053_PIANO053_MID--AUDIO-split_07-06-17_Piano-e_3-04_wav--2.wav,dataset/maestro-v3.0.0/2017/MIDI-Unprocessed_053_PIANO053_MID--AUDIO-split_07-06-17_Piano-e_3-04_wav--2.midi
unlabeled,dataset/maestro-v3.0.0/2015/MIDI-Unprocessed_R1_D2-13-20_mid--AUDIO-from_mp3_15_R1_2015_wav--2.wav,dataset/maestro-v3.0.0/2015/MIDI-Unprocessed_R1_D2-13-20_mid--AUDIO-from_mp3_15_R1_2015_wav--2.midi
unlabeled,dataset/maestro-v3.0.0/2013/ORIG-MIDI_02_7_6_13_Group__MID--AUDIO_06_R1_2013_wav--3.wav,dataset/maestro-v3.0.0/2013/ORIG-MIDI_02_7_6_13_Group__MID--AUDIO_06_R1_2013_wav--3.midi
unlabeled,dataset/maestro-v3.0.0/2017/MIDI-Unprocessed_070_PIANO070_MID--AUDIO-split_07-08-17_Piano-e_1-02_wav--2.wav,dataset/maestro-v3.0.0/2017/MIDI-Unprocessed_070_PIANO070_MID--AUDIO-split_07-08-17_Piano-e_1-02_wav--2.midi
unlabeled,dataset/maestro-v3.0.0/2013/ORIG-MIDI_02_7_6_13_Group__MID--AUDIO_08_R1_2013_wav--3.wav,dataset/maestro-v3.0.0/2013/ORIG-MIDI_02_7_6_13_Group__MID--AUDIO_08_R1_2013_wav--3.midi
unlabeled,dataset/maestro-v3.0.0/2013/ORIG-MIDI_01_7_7_13_Group__MID--AUDIO_14_R1_2013_wav--3.wav,dataset/maestro-v3.0.0/2013/ORIG-MIDI_01_7_7_13_Group__MID--AUDIO_14_R1_2013_wav--3.midi
unlabeled,dataset/maestro-v3.0.0/2011/MIDI-Unprocessed_01_R1_2011_MID--AUDIO_R1-D1_05_Track05_wav.wav,dataset/maestro-v3.0.0/2011/MIDI-Unprocessed_01_R1_2011_MID--AUDIO_R1-D1_05_Track05_wav.midi
unlabeled,dataset/maestro-v3.0.0/2011/MIDI-Unprocessed_18_R1_2011_MID--AUDIO_R1-D7_09_Track09_wav.wav,dataset/maestro-v3.0.0/2011/MIDI-Unprocessed_18_R1_2011_MID--AUDIO_R1-D7_09_Track09_wav.midi
unlabeled,dataset/maestro-v3.0.0/2011/MIDI-Unprocessed_21_R1_2011_MID--AUDIO_R1-D8_09_Track09_wav.wav,dataset/maestro-v3.0.0/2011/MIDI-Unprocessed_21_R1_2011_MID--AUDIO_R1-D8_09_Track09_wav.midi
unlabeled,dataset/maestro-v3.0.0/2008/MIDI-Unprocessed_03_R1_2008_01-04_ORIG_MID--AUDIO_03_R1_2008_wav--3.wav,dataset/maestro-v3.0.0/2008/MIDI-Unprocessed_03_R1_2008_01-04_ORIG_MID--AUDIO_03_R1_2008_wav--3.midi
unlabeled,dataset/maestro-v3.0.0/2017/MIDI-Unprocessed_044_PIANO044_MID--AUDIO-split_07-06-17_Piano-e_1-04_wav--3.wav,dataset/maestro-v3.0.0/2017/MIDI-Unprocessed_044_PIANO044_MID--AUDIO-split_07-06-17_Piano-e_1-04_wav--3.midi
unlabeled,dataset/maestro-v3.0.0/2017/MIDI-Unprocessed_049_PIANO049_MID--AUDIO-split_07-06-17_Piano-e_2-06_wav--3.wav,dataset/maestro-v3.0.0/2017/MIDI-Unprocessed_049_PIANO049_MID--AUDIO-split_07-06-17_Piano-e_2-06_wav--3.midi
unlabeled,dataset/maestro-v3.0.0/2017/MIDI-Unprocessed_067_PIANO067_MID--AUDIO-split_07-07-17_Piano-e_3-03_wav--3.wav,dataset/maestro-v3.0.0/2017/MIDI-Unprocessed_067_PIANO067_MID--AUDIO-split_07-07-17_Piano-e_3-03_wav--3.midi
unlabeled,dataset/maestro-v3.0.0/2015/MIDI-Unprocessed_R1_D1-9-12_mid--AUDIO-from_mp3_09_R1_2015_wav--3.wav,dataset/maestro-v3.0.0/2015/MIDI-Unprocessed_R1_D1-9-12_mid--AUDIO-from_mp3_09_R1_2015_wav--3.midi
unlabeled,dataset/maestro-v3.0.0/2013/ORIG-MIDI_02_7_7_13_Group__MID--AUDIO_17_R1_2013_wav--3.wav,dataset/maestro-v3.0.0/2013/ORIG-MIDI_02_7_7_13_Group__MID--AUDIO_17_R1_2013_wav--3.midi
unlabeled,dataset/maestro-v3.0.0/2008/MIDI-Unprocessed_15_R1_2008_01-04_ORIG_MID--AUDIO_15_R1_2008_wav--4.wav,dataset/maestro-v3.0.0/2008/MIDI-Unprocessed_15_R1_2008_01-04_ORIG_MID--AUDIO_15_R1_2008_wav--4.midi
unlabeled,dataset/maestro-v3.0.0/2011/MIDI-Unprocessed_04_R1_2011_MID--AUDIO_R1-D2_04_Track04_wav.wav,dataset/maestro-v3.0.0/2011/MIDI-Unprocessed_04_R1_2011_MID--AUDIO_R1-D2_04_Track04_wav.midi
unlabeled,dataset/maestro-v3.0.0/2011/MIDI-Unprocessed_19_R1_2011_MID--AUDIO_R1-D7_14_Track14_wav.wav,dataset/maestro-v3.0.0/2011/MIDI-Unprocessed_19_R1_2011_MID--AUDIO_R1-D7_14_Track14_wav.midi
unlabeled,dataset/maestro-v3.0.0/2015/MIDI-Unprocessed_R1_D1-1-8_mid--AUDIO-from_mp3_07_R1_2015_wav--3.wav,dataset/maestro-v3.0.0/2015/MIDI-Unprocessed_R1_D1-1-8_mid--AUDIO-from_mp3_07_R1_2015_wav--3.midi
unlabeled,dataset/maestro-v3.0.0/2013/ORIG-MIDI_03_7_6_13_Group__MID--AUDIO_10_R1_2013_wav--3.wav,dataset/maestro-v3.0.0/2013/ORIG-MIDI_03_7_6_13_Group__MID--AUDIO_10_R1_2013_wav--3.midi
unlabeled,dataset/maestro-v3.0.0/2017/MIDI-Unprocessed_056_PIANO056_MID--AUDIO-split_07-07-17_Piano-e_1-05_wav--2.wav,dataset/maestro-v3.0.0/2017/MIDI-Unprocessed_056_PIANO056_MID--AUDIO-split_07-07-17_Piano-e_1-05_wav--2.midi
unlabeled,dataset/maestro-v3.0.0/2017/MIDI-Unprocessed_057_PIANO057_MID--AUDIO-split_07-07-17_Piano-e_1-07_wav--4.wav,dataset/maestro-v3.0.0/2017/MIDI-Unprocessed_057_PIANO057_MID--AUDIO-split_07-07-17_Piano-e_1-07_wav--4.midi
unlabeled,dataset/maestro-v3.0.0/2013/ORIG-MIDI_02_7_7_13_Group__MID--AUDIO_18_R1_2013_wav--5.wav,dataset/maestro-v3.0.0/2013/ORIG-MIDI_02_7_7_13_Group__MID--AUDIO_18_R1_2013_wav--5.midi
unlabeled,dataset/maestro-v3.0.0/2011/MIDI-Unprocessed_20_R1_2011_MID--AUDIO_R1-D8_03_Track03_wav.wav,dataset/maestro-v3.0.0/2011/MIDI-Unprocessed_20_R1_2011_MID--AUDIO_R1-D8_03_Track03_wav.midi
unlabeled,dataset/maestro-v3.0.0/2011/MIDI-Unprocessed_22_R1_2011_MID--AUDIO_R1-D8_11_Track11_wav.wav,dataset/maestro-v3.0.0/2011/MIDI-Unprocessed_22_R1_2011_MID--AUDIO_R1-D8_11_Track11_wav.midi
unlabeled,dataset/maestro-v3.0.0/2017/MIDI-Unprocessed_041_PIANO041_MID--AUDIO-split_07-06-17_Piano-e_1-01_wav--3.wav,dataset/maestro-v3.0.0/2017/MIDI-Unprocessed_041_PIANO041_MID--AUDIO-split_07-06-17_Piano-e_1-01_wav--3.midi
unlabeled,dataset/maestro-v3.0.0/2015/MIDI-Unprocessed_R1_D1-1-8_mid--AUDIO-from_mp3_08_R1_2015_wav--3.wav,dataset/maestro-v3.0.0/2015/MIDI-Unprocessed_R1_D1-1-8_mid--AUDIO-from_mp3_08_R1_2015_wav--3.midi
unlabeled,dataset/maestro-v3.0.0/2015/MIDI-Unprocessed_R1_D2-13-20_mid--AUDIO-from_mp3_18_R1_2015_wav--2.wav,dataset/maestro-v3.0.0/2015/MIDI-Unprocessed_R1_D2-13-20_mid--AUDIO-from_mp3_18_R1_2015_wav--2.midi
unlabeled,dataset/maestro-v3.0.0/2013/ORIG-MIDI_02_7_8_13_Group__MID--AUDIO_08_R2_2013_wav--2.wav,dataset/maestro-v3.0.0/2013/ORIG-MIDI_02_7_8_13_Group__MID--AUDIO_08_R2_2013_wav--2.midi
unlabeled,dataset/maestro-v3.0.0/2008/MIDI-Unprocessed_11_R1_2008_01-04_ORIG_MID--AUDIO_11_R1_2008_wav--4.wav,dataset/maestro-v3.0.0/2008/MIDI-Unprocessed_11_R1_2008_01-04_ORIG_MID--AUDIO_11_R1_2008_wav--4.midi
unlabeled,dataset/maestro-v3.0.0/2011/MIDI-Unprocessed_11_R1_2011_MID--AUDIO_R1-D4_09_Track09_wav.wav,dataset/maestro-v3.0.0/2011/MIDI-Unprocessed_11_R1_2011_MID--AUDIO_R1-D4_09_Track09_wav.midi
unlabeled,dataset/maestro-v3.0.0/2011/MIDI-Unprocessed_13_R1_2011_MID--AUDIO_R1-D5_03_Track03_wav.wav,dataset/maestro-v3.0.0/2011/MIDI-Unprocessed_13_R1_2011_MID--AUDIO_R1-D5_03_Track03_wav.midi
unlabeled,dataset/maestro-v3.0.0/2011/MIDI-Unprocessed_16_R1_2011_MID--AUDIO_R1-D6_13_Track13_wav.wav,dataset/maestro-v3.0.0/2011/MIDI-Unprocessed_16_R1_2011_MID--AUDIO_R1-D6_13_Track13_wav.midi
unlabeled,dataset/maestro-v3.0.0/2011/MIDI-Unprocessed_17_R1_2011_MID--AUDIO_R1-D7_04_Track04_wav.wav,dataset/maestro-v3.0.0/2011/MIDI-Unprocessed_17_R1_2011_MID--AUDIO_R1-D7_04_Track04_wav.midi
unlabeled,dataset/maestro-v3.0.0/2017/MIDI-Unprocessed_051_PIANO051_MID--AUDIO-split_07-06-17_Piano-e_3-02_wav--3.wav,dataset/maestro-v3.0.0/2017/MIDI-Unprocessed_051_PIANO051_MID--AUDIO-split_07-06-17_Piano-e_3-02_wav--3.midi
unlabeled,dataset/maestro-v3.0.0/2015/MIDI-Unprocessed_R1_D1-1-8_mid--AUDIO-from_mp3_04_R1_2015_wav--4.wav,dataset/maestro-v3.0.0/2015/MIDI-Unprocessed_R1_D1-1-8_mid--AUDIO-from_mp3_04_R1_2015_wav--4.midi
unlabeled,dataset/maestro-v3.0.0/2015/MIDI-Unprocessed_R1_D2-13-20_mid--AUDIO-from_mp3_14_R1_2015_wav--4.wav,dataset/maestro-v3.0.0/2015/MIDI-Unprocessed_R1_D2-13-20_mid--AUDIO-from_mp3_14_R1_2015_wav--4.midi
unlabeled,dataset/maestro-v3.0.0/2011/MIDI-Unprocessed_09_R1_2011_MID--AUDIO_R1-D3_14_Track14_wav.wav,dataset/maestro-v3.0.0/2011/MIDI-Unprocessed_09_R1_2011_MID--AUDIO_R1-D3_14_Track14_wav.midi
unlabeled,dataset/maestro-v3.0.0/2008/MIDI-Unprocessed_09_R2_2008_01-05_ORIG_MID--AUDIO_09_R2_2008_wav--2.wav,dataset/maestro-v3.0.0/2008/MIDI-Unprocessed_09_R2_2008_01-05_ORIG_MID--AUDIO_09_R2_2008_wav--2.midi
unlabeled,dataset/maestro-v3.0.0/2015/MIDI-Unprocessed_R1_D2-13-20_mid--AUDIO-from_mp3_19_R1_2015_wav--3.wav,dataset/maestro-v3.0.0/2015/MIDI-Unprocessed_R1_D2-13-20_mid--AUDIO-from_mp3_19_R1_2015_wav--3.midi
unlabeled,dataset/maestro-v3.0.0/2013/ORIG-MIDI_01_7_6_13_Group__MID--AUDIO_03_R1_2013_wav--3.wav,dataset/maestro-v3.0.0/2013/ORIG-MIDI_01_7_6_13_Group__MID--AUDIO_03_R1_2013_wav--3.midi
unlabeled,dataset/maestro-v3.0.0/2011/MIDI-Unprocessed_03_R1_2011_MID--AUDIO_R1-D1_17_Track17_wav.wav,dataset/maestro-v3.0.0/2011/MIDI-Unprocessed_03_R1_2011_MID--AUDIO_R1-D1_17_Track17_wav.midi
unlabeled,dataset/maestro-v3.0.0/2011/MIDI-Unprocessed_06_R1_2011_MID--AUDIO_R1-D2_16_Track16_wav.wav,dataset/maestro-v3.0.0/2011/MIDI-Unprocessed_06_R1_2011_MID--AUDIO_R1-D2_16_Track16_wav.midi
unlabeled,dataset/maestro-v3.0.0/2014/MIDI-UNPROCESSED_16-18_R1_2014_MID--AUDIO_18_R1_2014_wav--4.wav,dataset/maestro-v3.0.0/2014/MIDI-UNPROCESSED_16-18_R1_2014_MID--AUDIO_18_R1_2014_wav--4.midi
unlabeled,dataset/maestro-v3.0.0/2014/MIDI-UNPROCESSED_16-18_R1_2014_MID--AUDIO_18_R1_2014_wav--3.wav,dataset/maestro-v3.0.0/2014/MIDI-UNPROCESSED_16-18_R1_2014_MID--AUDIO_18_R1_2014_wav--3.midi
unlabeled,dataset/maestro-v3.0.0/2011/MIDI-Unprocessed_24_R1_2011_MID--AUDIO_R1-D9_10_Track10_wav.wav,dataset/maestro-v3.0.0/2011/MIDI-Unprocessed_24_R1_2011_MID--AUDIO_R1-D9_10_Track10_wav.midi
unlabeled,dataset/maestro-v3.0.0/2013/ORIG-MIDI_01_7_8_13_Group__MID--AUDIO_03_R2_2013_wav--1.wav,dataset/maestro-v3.0.0/2013/ORIG-MIDI_01_7_8_13_Group__MID--AUDIO_03_R2_2013_wav--1.midi
unlabeled,dataset/maestro-v3.0.0/2013/ORIG-MIDI_01_7_7_13_Group__MID--AUDIO_11_R1_2013_wav--3.wav,dataset/maestro-v3.0.0/2013/ORIG-MIDI_01_7_7_13_Group__MID--AUDIO_11_R1_2013_wav--3.midi
unlabeled,dataset/maestro-v3.0.0/2013/ORIG-MIDI_02_7_7_13_Group__MID--AUDIO_16_R1_2013_wav--3.wav,dataset/maestro-v3.0.0/2013/ORIG-MIDI_02_7_7_13_Group__MID--AUDIO_16_R1_2013_wav--3.midi
unlabeled,dataset/maestro-v3.0.0/2014/MIDI-UNPROCESSED_04-05_R1_2014_MID--AUDIO_05_R1_2014_wav--6.wav,dataset/maestro-v3.0.0/2014/MIDI-UNPROCESSED_04-05_R1_2014_MID--AUDIO_05_R1_2014_wav--6.midi
unlabeled,dataset/maestro-v3.0.0/2015/MIDI-Unprocessed_R1_D1-1-8_mid--AUDIO-from_mp3_02_R1_2015_wav--5.wav,dataset/maestro-v3.0.0/2015/MIDI-Unprocessed_R1_D1-1-8_mid--AUDIO-from_mp3_02_R1_2015_wav--5.midi
unlabeled,dataset/maestro-v3.0.0/2009/MIDI-Unprocessed_17_R1_2009_04_ORIG_MID--AUDIO_17_R1_2009_17_R1_2009_04_WAV.wav,dataset/maestro-v3.0.0/2009/MIDI-Unprocessed_17_R1_2009_04_ORIG_MID--AUDIO_17_R1_2009_17_R1_2009_04_WAV.midi
unlabeled,dataset/maestro-v3.0.0/2014/MIDI-UNPROCESSED_06-08_R1_2014_MID--AUDIO_07_R1_2014_wav--3.wav,dataset/maestro-v3.0.0/2014/MIDI-UNPROCESSED_06-08_R1_2014_MID--AUDIO_07_R1_2014_wav--3.midi
unlabeled,dataset/maestro-v3.0.0/2015/MIDI-Unprocessed_R1_D1-1-8_mid--AUDIO-from_mp3_07_R1_2015_wav--4.wav,dataset/maestro-v3.0.0/2015/MIDI-Unprocessed_R1_D1-1-8_mid--AUDIO-from_mp3_07_R1_2015_wav--4.midi
unlabeled,dataset/maestro-v3.0.0/2017/MIDI-Unprocessed_056_PIANO056_MID--AUDIO-split_07-07-17_Piano-e_1-05_wav--4.wav,dataset/maestro-v3.0.0/2017/MIDI-Unprocessed_056_PIANO056_MID--AUDIO-split_07-07-17_Piano-e_1-05_wav--4.midi
unlabeled,dataset/maestro-v3.0.0/2017/MIDI-Unprocessed_057_PIANO057_MID--AUDIO-split_07-07-17_Piano-e_1-07_wav--5.wav,dataset/maestro-v3.0.0/2017/MIDI-Unprocessed_057_PIANO057_MID--AUDIO-split_07-07-17_Piano-e_1-07_wav--5.midi
unlabeled,dataset/maestro-v3.0.0/2008/MIDI-Unprocessed_10_R1_2008_01-04_ORIG_MID--AUDIO_10_R1_2008_wav--3.wav,dataset/maestro-v3.0.0/2008/MIDI-Unprocessed_10_R1_2008_01-04_ORIG_MID--AUDIO_10_R1_2008_wav--3.midi
unlabeled,dataset/maestro-v3.0.0/2015/MIDI-Unprocessed_R1_D2-13-20_mid--AUDIO-from_mp3_16_R1_2015_wav--4.wav,dataset/maestro-v3.0.0/2015/MIDI-Unprocessed_R1_D2-13-20_mid--AUDIO-from_mp3_16_R1_2015_wav--4.midi
unlabeled,dataset/maestro-v3.0.0/2015/MIDI-Unprocessed_R1_D2-13-20_mid--AUDIO-from_mp3_20_R1_2015_wav--4.wav,dataset/maestro-v3.0.0/2015/MIDI-Unprocessed_R1_D2-13-20_mid--AUDIO-from_mp3_20_R1_2015_wav--4.midi
unlabeled,dataset/maestro-v3.0.0/2015/MIDI-Unprocessed_R2_D1-2-3-6-7-8-11_mid--AUDIO-from_mp3_06_R2_2015_wav--4.wav,dataset/maestro-v3.0.0/2015/MIDI-Unprocessed_R2_D1-2-3-6-7-8-11_mid--AUDIO-from_mp3_06_R2_2015_wav--4.midi
unlabeled,dataset/maestro-v3.0.0/2015/MIDI-Unprocessed_R2_D2-19-21-22_mid--AUDIO-from_mp3_22_R2_2015_wav--3.wav,dataset/maestro-v3.0.0/2015/MIDI-Unprocessed_R2_D2-19-21-22_mid--AUDIO-from_mp3_22_R2_2015_wav--3.midi
unlabeled,dataset/maestro-v3.0.0/2017/MIDI-Unprocessed_062_PIANO062_MID--AUDIO-split_07-07-17_Piano-e_2-07_wav--4.wav,dataset/maestro-v3.0.0/2017/MIDI-Unprocessed_062_PIANO062_MID--AUDIO-split_07-07-17_Piano-e_2-07_wav--4.midi
unlabeled,dataset/maestro-v3.0.0/2009/MIDI-Unprocessed_06_R1_2009_03-07_ORIG_MID--AUDIO_06_R1_2009_06_R1_2009_07_WAV.wav,dataset/maestro-v3.0.0/2009/MIDI-Unprocessed_06_R1_2009_03-07_ORIG_MID--AUDIO_06_R1_2009_06_R1_2009_07_WAV.midi
unlabeled,dataset/maestro-v3.0.0/2006/MIDI-Unprocessed_01_R1_2006_01-09_ORIG_MID--AUDIO_01_R1_2006_05_Track05_wav.wav,dataset/maestro-v3.0.0/2006/MIDI-Unprocessed_01_R1_2006_01-09_ORIG_MID--AUDIO_01_R1_2006_05_Track05_wav.midi
unlabeled,dataset/maestro-v3.0.0/2015/MIDI-Unprocessed_R1_D1-1-8_mid--AUDIO-from_mp3_05_R1_2015_wav--5.wav,dataset/maestro-v3.0.0/2015/MIDI-Unprocessed_R1_D1-1-8_mid--AUDIO-from_mp3_05_R1_2015_wav--5.midi
unlabeled,dataset/maestro-v3.0.0/2011/MIDI-Unprocessed_23_R1_2011_MID--AUDIO_R1-D9_04_Track04_wav.wav,dataset/maestro-v3.0.0/2011/MIDI-Unprocessed_23_R1_2011_MID--AUDIO_R1-D9_04_Track04_wav.midi
unlabeled,dataset/maestro-v3.0.0/2004/MIDI-Unprocessed_XP_10_R1_2004_03-04_ORIG_MID--AUDIO_10_R1_2004_03_Track03_wav.wav,dataset/maestro-v3.0.0/2004/MIDI-Unprocessed_XP_10_R1_2004_03-04_ORIG_MID--AUDIO_10_R1_2004_03_Track03_wav.midi
unlabeled,dataset/maestro-v3.0.0/2009/MIDI-Unprocessed_16_R1_2009_01-02_ORIG_MID--AUDIO_16_R1_2009_16_R1_2009_02_WAV.wav,dataset/maestro-v3.0.0/2009/MIDI-Unprocessed_16_R1_2009_01-02_ORIG_MID--AUDIO_16_R1_2009_16_R1_2009_02_WAV.midi
unlabeled,dataset/maestro-v3.0.0/2008/MIDI-Unprocessed_08_R2_2008_01-04_ORIG_MID--AUDIO_08_R2_2008_wav--1.wav,dataset/maestro-v3.0.0/2008/MIDI-Unprocessed_08_R2_2008_01-04_ORIG_MID--AUDIO_08_R2_2008_wav--1.midi
unlabeled,dataset/maestro-v3.0.0/2014/MIDI-UNPROCESSED_06-08_R1_2014_MID--AUDIO_07_R1_2014_wav--4.wav,dataset/maestro-v3.0.0/2014/MIDI-UNPROCESSED_06-08_R1_2014_MID--AUDIO_07_R1_2014_wav--4.midi
unlabeled,dataset/maestro-v3.0.0/2015/MIDI-Unprocessed_R1_D2-13-20_mid--AUDIO-from_mp3_15_R1_2015_wav--5.wav,dataset/maestro-v3.0.0/2015/MIDI-Unprocessed_R1_D2-13-20_mid--AUDIO-from_mp3_15_R1_2015_wav--5.midi
unlabeled,dataset/maestro-v3.0.0/2013/ORIG-MIDI_03_7_6_13_Group__MID--AUDIO_09_R1_2013_wav--4.wav,dataset/maestro-v3.0.0/2013/ORIG-MIDI_03_7_6_13_Group__MID--AUDIO_09_R1_2013_wav--4.midi
unlabeled,dataset/maestro-v3.0.0/2017/MIDI-Unprocessed_041_PIANO041_MID--AUDIO-split_07-06-17_Piano-e_1-01_wav--4.wav,dataset/maestro-v3.0.0/2017/MIDI-Unprocessed_041_PIANO041_MID--AUDIO-split_07-06-17_Piano-e_1-01_wav--4.midi
unlabeled,dataset/maestro-v3.0.0/2017/MIDI-Unprocessed_044_PIANO044_MID--AUDIO-split_07-06-17_Piano-e_1-04_wav--4.wav,dataset/maestro-v3.0.0/2017/MIDI-Unprocessed_044_PIANO044_MID--AUDIO-split_07-06-17_Piano-e_1-04_wav--4.midi
unlabeled,dataset/maestro-v3.0.0/2017/MIDI-Unprocessed_048_PIANO048_MID--AUDIO-split_07-06-17_Piano-e_2-05_wav--4.wav,dataset/maestro-v3.0.0/2017/MIDI-Unprocessed_048_PIANO048_MID--AUDIO-split_07-06-17_Piano-e_2-05_wav--4.midi
unlabeled,dataset/maestro-v3.0.0/2017/MIDI-Unprocessed_053_PIANO053_MID--AUDIO-split_07-06-17_Piano-e_3-04_wav--4.wav,dataset/maestro-v3.0.0/2017/MIDI-Unprocessed_053_PIANO053_MID--AUDIO-split_07-06-17_Piano-e_3-04_wav--4.midi
unlabeled,dataset/maestro-v3.0.0/2006/MIDI-Unprocessed_07_R1_2006_01-04_ORIG_MID--AUDIO_07_R1_2006_03_Track03_wav.wav,dataset/maestro-v3.0.0/2006/MIDI-Unprocessed_07_R1_2006_01-04_ORIG_MID--AUDIO_07_R1_2006_03_Track03_wav.midi
unlabeled,dataset/maestro-v3.0.0/2006/MIDI-Unprocessed_20_R1_2006_01-04_ORIG_MID--AUDIO_20_R1_2006_04_Track04_wav.wav,dataset/maestro-v3.0.0/2006/MIDI-Unprocessed_20_R1_2006_01-04_ORIG_MID--AUDIO_20_R1_2006_04_Track04_wav.midi
unlabeled,dataset/maestro-v3.0.0/2004/MIDI-Unprocessed_XP_09_R1_2004_05_ORIG_MID--AUDIO_09_R1_2004_06_Track06_wav.wav,dataset/maestro-v3.0.0/2004/MIDI-Unprocessed_XP_09_R1_2004_05_ORIG_MID--AUDIO_09_R1_2004_06_Track06_wav.midi
unlabeled,dataset/maestro-v3.0.0/2004/MIDI-Unprocessed_XP_09_R1_2004_05_ORIG_MID--AUDIO_09_R1_2004_07_Track07_wav.wav,dataset/maestro-v3.0.0/2004/MIDI-Unprocessed_XP_09_R1_2004_05_ORIG_MID--AUDIO_09_R1_2004_07_Track07_wav.midi
unlabeled,dataset/maestro-v3.0.0/2004/MIDI-Unprocessed_XP_09_R1_2004_05_ORIG_MID--AUDIO_09_R1_2004_08_Track08_wav.wav,dataset/maestro-v3.0.0/2004/MIDI-Unprocessed_XP_09_R1_2004_05_ORIG_MID--AUDIO_09_R1_2004_08_Track08_wav.midi
unlabeled,dataset/maestro-v3.0.0/2018/MIDI-Unprocessed_Recital13-15_MID--AUDIO_13_R1_2018_wav--3.wav,dataset/maestro-v3.0.0/2018/MIDI-Unprocessed_Recital13-15_MID--AUDIO_13_R1_2018_wav--3.midi
unlabeled,dataset/maestro-v3.0.0/2018/MIDI-Unprocessed_Chamber5_MID--AUDIO_18_R3_2018_wav--1.wav,dataset/maestro-v3.0.0/2018/MIDI-Unprocessed_Chamber5_MID--AUDIO_18_R3_2018_wav--1.midi
unlabeled,dataset/maestro-v3.0.0/2014/MIDI-UNPROCESSED_06-08_R1_2014_MID--AUDIO_06_R1_2014_wav--2.wav,dataset/maestro-v3.0.0/2014/MIDI-UNPROCESSED_06-08_R1_2014_MID--AUDIO_06_R1_2014_wav--2.midi
unlabeled,dataset/maestro-v3.0.0/2014/MIDI-UNPROCESSED_21-22_R1_2014_MID--AUDIO_22_R1_2014_wav--5.wav,dataset/maestro-v3.0.0/2014/MIDI-UNPROCESSED_21-22_R1_2014_MID--AUDIO_22_R1_2014_wav--5.midi
unlabeled,dataset/maestro-v3.0.0/2013/ORIG-MIDI_03_7_8_13_Group__MID--AUDIO_18_R2_2013_wav--4.wav,dataset/maestro-v3.0.0/2013/ORIG-MIDI_03_7_8_13_Group__MID--AUDIO_18_R2_2013_wav--4.midi
unlabeled,dataset/maestro-v3.0.0/2017/MIDI-Unprocessed_052_PIANO052_MID--AUDIO-split_07-06-17_Piano-e_3-03_wav--5.wav,dataset/maestro-v3.0.0/2017/MIDI-Unprocessed_052_PIANO052_MID--AUDIO-split_07-06-17_Piano-e_3-03_wav--5.midi
unlabeled,dataset/maestro-v3.0.0/2004/MIDI-Unprocessed_XP_18_R1_2004_04_ORIG_MID--AUDIO_18_R1_2004_07_Track07_wav.wav,dataset/maestro-v3.0.0/2004/MIDI-Unprocessed_XP_18_R1_2004_04_ORIG_MID--AUDIO_18_R1_2004_07_Track07_wav.midi
unlabeled,dataset/maestro-v3.0.0/2011/MIDI-Unprocessed_11_R1_2011_MID--AUDIO_R1-D4_10_Track10_wav.wav,dataset/maestro-v3.0.0/2011/MIDI-Unprocessed_11_R1_2011_MID--AUDIO_R1-D4_10_Track10_wav.midi
unlabeled,dataset/maestro-v3.0.0/2011/MIDI-Unprocessed_11_R1_2011_MID--AUDIO_R1-D4_11_Track11_wav.wav,dataset/maestro-v3.0.0/2011/MIDI-Unprocessed_11_R1_2011_MID--AUDIO_R1-D4_11_Track11_wav.midi
unlabeled,dataset/maestro-v3.0.0/2006/MIDI-Unprocessed_06_R1_2006_01-04_ORIG_MID--AUDIO_06_R1_2006_04_Track04_wav.wav,dataset/maestro-v3.0.0/2006/MIDI-Unprocessed_06_R1_2006_01-04_ORIG_MID--AUDIO_06_R1_2006_04_Track04_wav.midi
unlabeled,dataset/maestro-v3.0.0/2009/MIDI-Unprocessed_18_R1_2009_01-03_ORIG_MID--AUDIO_18_R1_2009_18_R1_2009_01_WAV.wav,dataset/maestro-v3.0.0/2009/MIDI-Unprocessed_18_R1_2009_01-03_ORIG_MID--AUDIO_18_R1_2009_18_R1_2009_01_WAV.midi
unlabeled,dataset/maestro-v3.0.0/2018/MIDI-Unprocessed_Recital1-3_MID--AUDIO_01_R1_2018_wav--1.wav,dataset/maestro-v3.0.0/2018/MIDI-Unprocessed_Recital1-3_MID--AUDIO_01_R1_2018_wav--1.midi
unlabeled,dataset/maestro-v3.0.0/2017/MIDI-Unprocessed_079_PIANO079_MID--AUDIO-split_07-09-17_Piano-e_1-04_wav--1.wav,dataset/maestro-v3.0.0/2017/MIDI-Unprocessed_079_PIANO079_MID--AUDIO-split_07-09-17_Piano-e_1-04_wav--1.midi
unlabeled,dataset/maestro-v3.0.0/2004/MIDI-Unprocessed_XP_08_R1_2004_01-02_ORIG_MID--AUDIO_08_R1_2004_01_Track01_wav.wav,dataset/maestro-v3.0.0/2004/MIDI-Unprocessed_XP_08_R1_2004_01-02_ORIG_MID--AUDIO_08_R1_2004_01_Track01_wav.midi
unlabeled,dataset/maestro-v3.0.0/2009/MIDI-Unprocessed_12_R1_2009_01-02_ORIG_MID--AUDIO_12_R1_2009_12_R1_2009_01_WAV.wav,dataset/maestro-v3.0.0/2009/MIDI-Unprocessed_12_R1_2009_01-02_ORIG_MID--AUDIO_12_R1_2009_12_R1_2009_01_WAV.midi
unlabeled,dataset/maestro-v3.0.0/2014/MIDI-UNPROCESSED_11-13_R1_2014_MID--AUDIO_12_R1_2014_wav--2.wav,dataset/maestro-v3.0.0/2014/MIDI-UNPROCESSED_11-13_R1_2014_MID--AUDIO_12_R1_2014_wav--2.midi
unlabeled,dataset/maestro-v3.0.0/2017/MIDI-Unprocessed_058_PIANO058_MID--AUDIO-split_07-07-17_Piano-e_2-02_wav--5.wav,dataset/maestro-v3.0.0/2017/MIDI-Unprocessed_058_PIANO058_MID--AUDIO-split_07-07-17_Piano-e_2-02_wav--5.midi
unlabeled,dataset/maestro-v3.0.0/2017/MIDI-Unprocessed_051_PIANO051_MID--AUDIO-split_07-06-17_Piano-e_3-02_wav--5.wav,dataset/maestro-v3.0.0/2017/MIDI-Unprocessed_051_PIANO051_MID--AUDIO-split_07-06-17_Piano-e_3-02_wav--5.midi
unlabeled,dataset/maestro-v3.0.0/2006/MIDI-Unprocessed_15_R1_2006_01-05_ORIG_MID--AUDIO_15_R1_2006_04_Track04_wav.wav,dataset/maestro-v3.0.0/2006/MIDI-Unprocessed_15_R1_2006_01-05_ORIG_MID--AUDIO_15_R1_2006_04_Track04_wav.midi
unlabeled,dataset/maestro-v3.0.0/2014/MIDI-UNPROCESSED_21-22_R1_2014_MID--AUDIO_21_R1_2014_wav--7.wav,dataset/maestro-v3.0.0/2014/MIDI-UNPROCESSED_21-22_R1_2014_MID--AUDIO_21_R1_2014_wav--7.midi
unlabeled,dataset/maestro-v3.0.0/2009/MIDI-Unprocessed_03_R1_2009_03-08_ORIG_MID--AUDIO_03_R1_2009_03_R1_2009_06_WAV.wav,dataset/maestro-v3.0.0/2009/MIDI-Unprocessed_03_R1_2009_03-08_ORIG_MID--AUDIO_03_R1_2009_03_R1_2009_06_WAV.midi
unlabeled,dataset/maestro-v3.0.0/2009/MIDI-Unprocessed_14_R1_2009_01-05_ORIG_MID--AUDIO_14_R1_2009_14_R1_2009_02_WAV.wav,dataset/maestro-v3.0.0/2009/MIDI-Unprocessed_14_R1_2009_01-05_ORIG_MID--AUDIO_14_R1_2009_14_R1_2009_02_WAV.midi
unlabeled,dataset/maestro-v3.0.0/2006/MIDI-Unprocessed_05_R1_2006_01-05_ORIG_MID--AUDIO_05_R1_2006_03_Track03_wav.wav,dataset/maestro-v3.0.0/2006/MIDI-Unprocessed_05_R1_2006_01-05_ORIG_MID--AUDIO_05_R1_2006_03_Track03_wav.midi
unlabeled,dataset/maestro-v3.0.0/2004/MIDI-Unprocessed_XP_04_R1_2004_03-05_ORIG_MID--AUDIO_04_R1_2004_04_Track04_wav.wav,dataset/maestro-v3.0.0/2004/MIDI-Unprocessed_XP_04_R1_2004_03-05_ORIG_MID--AUDIO_04_R1_2004_04_Track04_wav.midi
unlabeled,dataset/maestro-v3.0.0/2004/MIDI-Unprocessed_XP_04_R1_2004_03-05_ORIG_MID--AUDIO_04_R1_2004_05_Track05_wav.wav,dataset/maestro-v3.0.0/2004/MIDI-Unprocessed_XP_04_R1_2004_03-05_ORIG_MID--AUDIO_04_R1_2004_05_Track05_wav.midi
unlabeled,dataset/maestro-v3.0.0/2009/MIDI-Unprocessed_03_R1_2009_03-08_ORIG_MID--AUDIO_03_R1_2009_03_R1_2009_08_WAV.wav,dataset/maestro-v3.0.0/2009/MIDI-Unprocessed_03_R1_2009_03-08_ORIG_MID--AUDIO_03_R1_2009_03_R1_2009_08_WAV.midi
unlabeled,dataset/maestro-v3.0.0/2004/MIDI-Unprocessed_SMF_17_R1_2004_03-06_ORIG_MID--AUDIO_20_R2_2004_08_Track08_wav.wav,dataset/maestro-v3.0.0/2004/MIDI-Unprocessed_SMF_17_R1_2004_03-06_ORIG_MID--AUDIO_20_R2_2004_08_Track08_wav.midi
unlabeled,dataset/maestro-v3.0.0/2009/MIDI-Unprocessed_03_R1_2009_03-08_ORIG_MID--AUDIO_03_R1_2009_03_R1_2009_07_WAV.wav,dataset/maestro-v3.0.0/2009/MIDI-Unprocessed_03_R1_2009_03-08_ORIG_MID--AUDIO_03_R1_2009_03_R1_2009_07_WAV.midi
unlabeled,dataset/maestro-v3.0.0/2006/MIDI-Unprocessed_11_R1_2006_01-06_ORIG_MID--AUDIO_11_R1_2006_01_Track01_wav.wav,dataset/maestro-v3.0.0/2006/MIDI-Unprocessed_11_R1_2006_01-06_ORIG_MID--AUDIO_11_R1_2006_01_Track01_wav.midi
unlabeled,dataset/maestro-v3.0.0/2004/MIDI-Unprocessed_XP_11_R1_2004_01-02_ORIG_MID--AUDIO_11_R1_2004_01_Track01_wav.wav,dataset/maestro-v3.0.0/2004/MIDI-Unprocessed_XP_11_R1_2004_01-02_ORIG_MID--AUDIO_11_R1_2004_01_Track01_wav.midi
unlabeled,dataset/maestro-v3.0.0/2008/MIDI-Unprocessed_06_R2_2008_01-05_ORIG_MID--AUDIO_06_R2_2008_wav--1.wav,dataset/maestro-v3.0.0/2008/MIDI-Unprocessed_06_R2_2008_01-05_ORIG_MID--AUDIO_06_R2_2008_wav--1.midi
unlabeled,dataset/maestro-v3.0.0/2018/MIDI-Unprocessed_Recital17-19_MID--AUDIO_19_R1_2018_wav--1.wav,dataset/maestro-v3.0.0/2018/MIDI-Unprocessed_Recital17-19_MID--AUDIO_19_R1_2018_wav--1.midi
unlabeled,dataset/maestro-v3.0.0/2014/MIDI-UNPROCESSED_04-05_R1_2014_MID--AUDIO_05_R1_2014_wav--1.wav,dataset/maestro-v3.0.0/2014/MIDI-UNPROCESSED_04-05_R1_2014_MID--AUDIO_05_R1_2014_wav--1.midi
unlabeled,dataset/maestro-v3.0.0/2015/MIDI-Unprocessed_R2_D2-19-21-22_mid--AUDIO-from_mp3_19_R2_2015_wav--1.wav,dataset/maestro-v3.0.0/2015/MIDI-Unprocessed_R2_D2-19-21-22_mid--AUDIO-from_mp3_19_R2_2015_wav--1.midi
unlabeled,dataset/maestro-v3.0.0/2009/MIDI-Unprocessed_06_R1_2009_03-07_ORIG_MID--AUDIO_06_R1_2009_06_R1_2009_03_WAV.wav,dataset/maestro-v3.0.0/2009/MIDI-Unprocessed_06_R1_2009_03-07_ORIG_MID--AUDIO_06_R1_2009_06_R1_2009_03_WAV.midi
unlabeled,dataset/maestro-v3.0.0/2009/MIDI-Unprocessed_06_R1_2009_03-07_ORIG_MID--AUDIO_06_R1_2009_06_R1_2009_04_WAV.wav,dataset/maestro-v3.0.0/2009/MIDI-Unprocessed_06_R1_2009_03-07_ORIG_MID--AUDIO_06_R1_2009_06_R1_2009_04_WAV.midi
unlabeled,dataset/maestro-v3.0.0/2015/MIDI-Unprocessed_R1_D1-1-8_mid--AUDIO-from_mp3_08_R1_2015_wav--1.wav,dataset/maestro-v3.0.0/2015/MIDI-Unprocessed_R1_D1-1-8_mid--AUDIO-from_mp3_08_R1_2015_wav--1.midi
unlabeled,dataset/maestro-v3.0.0/2018/MIDI-Unprocessed_Recital5-7_MID--AUDIO_06_R1_2018_wav--1.wav,dataset/maestro-v3.0.0/2018/MIDI-Unprocessed_Recital5-7_MID--AUDIO_06_R1_2018_wav--1.midi
unlabeled,dataset/maestro-v3.0.0/2013/ORIG-MIDI_01_7_10_13_Group_MID--AUDIO_08_R3_2013_wav--2.wav,dataset/maestro-v3.0.0/2013/ORIG-MIDI_01_7_10_13_Group_MID--AUDIO_08_R3_2013_wav--2.midi
unlabeled,dataset/maestro-v3.0.0/2008/MIDI-Unprocessed_08_R1_2008_01-05_ORIG_MID--AUDIO_08_R1_2008_wav--1.wav,dataset/maestro-v3.0.0/2008/MIDI-Unprocessed_08_R1_2008_01-05_ORIG_MID--AUDIO_08_R1_2008_wav--1.midi
unlabeled,dataset/maestro-v3.0.0/2004/MIDI-Unprocessed_SMF_02_R1_2004_01-05_ORIG_MID--AUDIO_02_R1_2004_05_Track05_wav.wav,dataset/maestro-v3.0.0/2004/MIDI-Unprocessed_SMF_02_R1_2004_01-05_ORIG_MID--AUDIO_02_R1_2004_05_Track05_wav.midi
unlabeled,dataset/maestro-v3.0.0/2004/MIDI-Unprocessed_SMF_22_R1_2004_01-04_ORIG_MID--AUDIO_22_R1_2004_03_Track03_wav.wav,dataset/maestro-v3.0.0/2004/MIDI-Unprocessed_SMF_22_R1_2004_01-04_ORIG_MID--AUDIO_22_R1_2004_03_Track03_wav.midi
unlabeled,dataset/maestro-v3.0.0/2004/MIDI-Unprocessed_SMF_22_R1_2004_01-04_ORIG_MID--AUDIO_22_R1_2004_05_Track05_wav.wav,dataset/maestro-v3.0.0/2004/MIDI-Unprocessed_SMF_22_R1_2004_01-04_ORIG_MID--AUDIO_22_R1_2004_05_Track05_wav.midi
unlabeled,dataset/maestro-v3.0.0/2014/MIDI-UNPROCESSED_16-18_R1_2014_MID--AUDIO_18_R1_2014_wav--1.wav,dataset/maestro-v3.0.0/2014/MIDI-UNPROCESSED_16-18_R1_2014_MID--AUDIO_18_R1_2014_wav--1.midi
unlabeled,dataset/maestro-v3.0.0/2018/MIDI-Unprocessed_Recital13-15_MID--AUDIO_14_R1_2018_wav--1.wav,dataset/maestro-v3.0.0/2018/MIDI-Unprocessed_Recital13-15_MID--AUDIO_14_R1_2018_wav--1.midi
unlabeled,dataset/maestro-v3.0.0/2015/MIDI-Unprocessed_R2_D1-2-3-6-7-8-11_mid--AUDIO-from_mp3_07_R2_2015_wav--1.wav,dataset/maestro-v3.0.0/2015/MIDI-Unprocessed_R2_D1-2-3-6-7-8-11_mid--AUDIO-from_mp3_07_R2_2015_wav--1.midi
unlabeled,dataset/maestro-v3.0.0/2014/MIDI-UNPROCESSED_14-15_R1_2014_MID--AUDIO_14_R1_2014_wav--1.wav,dataset/maestro-v3.0.0/2014/MIDI-UNPROCESSED_14-15_R1_2014_MID--AUDIO_14_R1_2014_wav--1.midi
unlabeled,dataset/maestro-v3.0.0/2013/ORIG-MIDI_02_7_8_13_Group__MID--AUDIO_12_R2_2013_wav--1.wav,dataset/maestro-v3.0.0/2013/ORIG-MIDI_02_7_8_13_Group__MID--AUDIO_12_R2_2013_wav--1.midi
unlabeled,dataset/maestro-v3.0.0/2018/MIDI-Unprocessed_Chamber4_MID--AUDIO_11_R3_2018_wav--1.wav,dataset/maestro-v3.0.0/2018/MIDI-Unprocessed_Chamber4_MID--AUDIO_11_R3_2018_wav--1.midi
unlabeled,dataset/maestro-v3.0.0/2009/MIDI-Unprocessed_10_R1_2009_01-02_ORIG_MID--AUDIO_10_R1_2009_10_R1_2009_01_WAV.wav,dataset/maestro-v3.0.0/2009/MIDI-Unprocessed_10_R1_2009_01-02_ORIG_MID--AUDIO_10_R1_2009_10_R1_2009_01_WAV.midi
unlabeled,dataset/maestro-v3.0.0/2014/MIDI-UNPROCESSED_06-08_R1_2014_MID--AUDIO_07_R1_2014_wav--2.wav,dataset/maestro-v3.0.0/2014/MIDI-UNPROCESSED_06-08_R1_2014_MID--AUDIO_07_R1_2014_wav--2.midi
unlabeled,dataset/maestro-v3.0.0/2006/MIDI-Unprocessed_17_R1_2006_01-06_ORIG_MID--AUDIO_17_R1_2006_01_Track01_wav.wav,dataset/maestro-v3.0.0/2006/MIDI-Unprocessed_17_R1_2006_01-06_ORIG_MID--AUDIO_17_R1_2006_01_Track01_wav.midi
unlabeled,dataset/maestro-v3.0.0/2006/MIDI-Unprocessed_19_R1_2006_01-07_ORIG_MID--AUDIO_19_R1_2006_01_Track01_wav.wav,dataset/maestro-v3.0.0/2006/MIDI-Unprocessed_19_R1_2006_01-07_ORIG_MID--AUDIO_19_R1_2006_01_Track01_wav.midi
unlabeled,dataset/maestro-v3.0.0/2013/ORIG-MIDI_01_7_6_13_Group__MID--AUDIO_02_R1_2013_wav--1.wav,dataset/maestro-v3.0.0/2013/ORIG-MIDI_01_7_6_13_Group__MID--AUDIO_02_R1_2013_wav--1.midi
unlabeled,dataset/maestro-v3.0.0/2004/MIDI-Unprocessed_SMF_17_R1_2004_01-02_ORIG_MID--AUDIO_20_R2_2004_02_Track02_wav.wav,dataset/maestro-v3.0.0/2004/MIDI-Unprocessed_SMF_17_R1_2004_01-02_ORIG_MID--AUDIO_20_R2_2004_02_Track02_wav.midi
unlabeled,dataset/maestro-v3.0.0/2015/MIDI-Unprocessed_R1_D2-13-20_mid--AUDIO-from_mp3_16_R1_2015_wav--1.wav,dataset/maestro-v3.0.0/2015/MIDI-Unprocessed_R1_D2-13-20_mid--AUDIO-from_mp3_16_R1_2015_wav--1.midi
unlabeled,dataset/maestro-v3.0.0/2015/MIDI-Unprocessed_R1_D2-13-20_mid--AUDIO-from_mp3_13_R1_2015_wav--1.wav,dataset/maestro-v3.0.0/2015/MIDI-Unprocessed_R1_D2-13-20_mid--AUDIO-from_mp3_13_R1_2015_wav--1.midi
unlabeled,dataset/maestro-v3.0.0/2011/MIDI-Unprocessed_19_R1_2011_MID--AUDIO_R1-D7_12_Track12_wav.wav,dataset/maestro-v3.0.0/2011/MIDI-Unprocessed_19_R1_2011_MID--AUDIO_R1-D7_12_Track12_wav.midi
unlabeled,dataset/maestro-v3.0.0/2011/MIDI-Unprocessed_25_R1_2011_MID--AUDIO_R1-D9_14_Track14_wav.wav,dataset/maestro-v3.0.0/2011/MIDI-Unprocessed_25_R1_2011_MID--AUDIO_R1-D9_14_Track14_wav.midi
unlabeled,dataset/maestro-v3.0.0/2017/MIDI-Unprocessed_067_PIANO067_MID--AUDIO-split_07-07-17_Piano-e_3-03_wav--1.wav,dataset/maestro-v3.0.0/2017/MIDI-Unprocessed_067_PIANO067_MID--AUDIO-split_07-07-17_Piano-e_3-03_wav--1.midi
unlabeled,dataset/maestro-v3.0.0/2011/MIDI-Unprocessed_06_R1_2011_MID--AUDIO_R1-D2_14_Track14_wav.wav,dataset/maestro-v3.0.0/2011/MIDI-Unprocessed_06_R1_2011_MID--AUDIO_R1-D2_14_Track14_wav.midi
unlabeled,dataset/maestro-v3.0.0/2013/ORIG-MIDI_03_7_6_13_Group__MID--AUDIO_09_R1_2013_wav--1.wav,dataset/maestro-v3.0.0/2013/ORIG-MIDI_03_7_6_13_Group__MID--AUDIO_09_R1_2013_wav--1.midi
unlabeled,dataset/maestro-v3.0.0/2015/MIDI-Unprocessed_R1_D1-9-12_mid--AUDIO-from_mp3_12_R1_2015_wav--1.wav,dataset/maestro-v3.0.0/2015/MIDI-Unprocessed_R1_D1-9-12_mid--AUDIO-from_mp3_12_R1_2015_wav--1.midi
unlabeled,dataset/maestro-v3.0.0/2011/MIDI-Unprocessed_15_R1_2011_MID--AUDIO_R1-D6_07_Track07_wav.wav,dataset/maestro-v3.0.0/2011/MIDI-Unprocessed_15_R1_2011_MID--AUDIO_R1-D6_07_Track07_wav.midi
unlabeled,dataset/maestro-v3.0.0/2017/MIDI-Unprocessed_052_PIANO052_MID--AUDIO-split_07-06-17_Piano-e_3-03_wav--2.wav,dataset/maestro-v3.0.0/2017/MIDI-Unprocessed_052_PIANO052_MID--AUDIO-split_07-06-17_Piano-e_3-03_wav--2.midi
unlabeled,dataset/maestro-v3.0.0/2017/MIDI-Unprocessed_054_PIANO054_MID--AUDIO-split_07-07-17_Piano-e_1-02_wav--1.wav,dataset/maestro-v3.0.0/2017/MIDI-Unprocessed_054_PIANO054_MID--AUDIO-split_07-07-17_Piano-e_1-02_wav--1.midi
unlabeled,dataset/maestro-v3.0.0/2017/MIDI-Unprocessed_062_PIANO062_MID--AUDIO-split_07-07-17_Piano-e_2-07_wav--2.wav,dataset/maestro-v3.0.0/2017/MIDI-Unprocessed_062_PIANO062_MID--AUDIO-split_07-07-17_Piano-e_2-07_wav--2.midi
unlabeled,dataset/maestro-v3.0.0/2011/MIDI-Unprocessed_09_R1_2011_MID--AUDIO_R1-D3_12_Track12_wav.wav,dataset/maestro-v3.0.0/2011/MIDI-Unprocessed_09_R1_2011_MID--AUDIO_R1-D3_12_Track12_wav.midi
unlabeled,dataset/maestro-v3.0.0/2017/MIDI-Unprocessed_055_PIANO055_MID--AUDIO-split_07-07-17_Piano-e_1-04_wav--1.wav,dataset/maestro-v3.0.0/2017/MIDI-Unprocessed_055_PIANO055_MID--AUDIO-split_07-07-17_Piano-e_1-04_wav--1.midi
unlabeled,dataset/maestro-v3.0.0/2008/MIDI-Unprocessed_06_R1_2008_01-04_ORIG_MID--AUDIO_06_R1_2008_wav--1.wav,dataset/maestro-v3.0.0/2008/MIDI-Unprocessed_06_R1_2008_01-04_ORIG_MID--AUDIO_06_R1_2008_wav--1.midi
unlabeled,dataset/maestro-v3.0.0/2008/MIDI-Unprocessed_09_R1_2008_01-05_ORIG_MID--AUDIO_09_R1_2008_wav--1.wav,dataset/maestro-v3.0.0/2008/MIDI-Unprocessed_09_R1_2008_01-05_ORIG_MID--AUDIO_09_R1_2008_wav--1.midi
unlabeled,dataset/maestro-v3.0.0/2013/ORIG-MIDI_03_7_6_13_Group__MID--AUDIO_10_R1_2013_wav--1.wav,dataset/maestro-v3.0.0/2013/ORIG-MIDI_03_7_6_13_Group__MID--AUDIO_10_R1_2013_wav--1.midi
unlabeled,dataset/maestro-v3.0.0/2015/MIDI-Unprocessed_R1_D2-21-22_mid--AUDIO-from_mp3_22_R1_2015_wav--1.wav,dataset/maestro-v3.0.0/2015/MIDI-Unprocessed_R1_D2-21-22_mid--AUDIO-from_mp3_22_R1_2015_wav--1.midi
unlabeled,dataset/maestro-v3.0.0/2013/ORIG-MIDI_02_7_7_13_Group__MID--AUDIO_15_R1_2013_wav--1.wav,dataset/maestro-v3.0.0/2013/ORIG-MIDI_02_7_7_13_Group__MID--AUDIO_15_R1_2013_wav--1.midi
unlabeled,dataset/maestro-v3.0.0/2013/ORIG-MIDI_02_7_7_13_Group__MID--AUDIO_18_R1_2013_wav--1.wav,dataset/maestro-v3.0.0/2013/ORIG-MIDI_02_7_7_13_Group__MID--AUDIO_18_R1_2013_wav--1.midi
unlabeled,dataset/maestro-v3.0.0/2011/MIDI-Unprocessed_16_R1_2011_MID--AUDIO_R1-D6_12_Track12_wav.wav,dataset/maestro-v3.0.0/2011/MIDI-Unprocessed_16_R1_2011_MID--AUDIO_R1-D6_12_Track12_wav.midi
unlabeled,dataset/maestro-v3.0.0/2015/MIDI-Unprocessed_R1_D2-13-20_mid--AUDIO-from_mp3_17_R1_2015_wav--1.wav,dataset/maestro-v3.0.0/2015/MIDI-Unprocessed_R1_D2-13-20_mid--AUDIO-from_mp3_17_R1_2015_wav--1.midi
unlabeled,dataset/maestro-v3.0.0/2014/MIDI-UNPROCESSED_16-18_R1_2014_MID--AUDIO_16_R1_2014_wav--1.wav,dataset/maestro-v3.0.0/2014/MIDI-UNPROCESSED_16-18_R1_2014_MID--AUDIO_16_R1_2014_wav--1.midi
unlabeled,dataset/maestro-v3.0.0/2015/MIDI-Unprocessed_R1_D2-13-20_mid--AUDIO-from_mp3_20_R1_2015_wav--1.wav,dataset/maestro-v3.0.0/2015/MIDI-Unprocessed_R1_D2-13-20_mid--AUDIO-from_mp3_20_R1_2015_wav--1.midi
unlabeled,dataset/maestro-v3.0.0/2011/MIDI-Unprocessed_21_R1_2011_MID--AUDIO_R1-D8_07_Track07_wav.wav,dataset/maestro-v3.0.0/2011/MIDI-Unprocessed_21_R1_2011_MID--AUDIO_R1-D8_07_Track07_wav.midi
unlabeled,dataset/maestro-v3.0.0/2011/MIDI-Unprocessed_24_R1_2011_MID--AUDIO_R1-D9_08_Track08_wav.wav,dataset/maestro-v3.0.0/2011/MIDI-Unprocessed_24_R1_2011_MID--AUDIO_R1-D9_08_Track08_wav.midi
unlabeled,dataset/maestro-v3.0.0/2011/MIDI-Unprocessed_04_R1_2011_MID--AUDIO_R1-D2_02_Track02_wav.wav,dataset/maestro-v3.0.0/2011/MIDI-Unprocessed_04_R1_2011_MID--AUDIO_R1-D2_02_Track02_wav.midi
unlabeled,dataset/maestro-v3.0.0/2011/MIDI-Unprocessed_12_R1_2011_MID--AUDIO_R1-D4_15_Track15_wav.wav,dataset/maestro-v3.0.0/2011/MIDI-Unprocessed_12_R1_2011_MID--AUDIO_R1-D4_15_Track15_wav.midi
unlabeled,dataset/maestro-v3.0.0/2013/ORIG-MIDI_01_7_7_13_Group__MID--AUDIO_13_R1_2013_wav--1.wav,dataset/maestro-v3.0.0/2013/ORIG-MIDI_01_7_7_13_Group__MID--AUDIO_13_R1_2013_wav--1.midi
unlabeled,dataset/maestro-v3.0.0/2008/MIDI-Unprocessed_02_R1_2008_01-05_ORIG_MID--AUDIO_02_R1_2008_wav--1.wav,dataset/maestro-v3.0.0/2008/MIDI-Unprocessed_02_R1_2008_01-05_ORIG_MID--AUDIO_02_R1_2008_wav--1.midi
unlabeled,dataset/maestro-v3.0.0/2008/MIDI-Unprocessed_10_R1_2008_01-04_ORIG_MID--AUDIO_10_R1_2008_wav--1.wav,dataset/maestro-v3.0.0/2008/MIDI-Unprocessed_10_R1_2008_01-04_ORIG_MID--AUDIO_10_R1_2008_wav--1.midi
unlabeled,dataset/maestro-v3.0.0/2015/MIDI-Unprocessed_R1_D1-9-12_mid--AUDIO-from_mp3_09_R1_2015_wav--1.wav,dataset/maestro-v3.0.0/2015/MIDI-Unprocessed_R1_D1-9-12_mid--AUDIO-from_mp3_09_R1_2015_wav--1.midi
unlabeled,dataset/maestro-v3.0.0/2013/ORIG-MIDI_01_7_7_13_Group__MID--AUDIO_12_R1_2013_wav--1.wav,dataset/maestro-v3.0.0/2013/ORIG-MIDI_01_7_7_13_Group__MID--AUDIO_12_R1_2013_wav--1.midi
unlabeled,dataset/maestro-v3.0.0/2017/MIDI-Unprocessed_059_PIANO059_MID--AUDIO-split_07-07-17_Piano-e_2-03_wav--1.wav,dataset/maestro-v3.0.0/2017/MIDI-Unprocessed_059_PIANO059_MID--AUDIO-split_07-07-17_Piano-e_2-03_wav--1.midi
unlabeled,dataset/maestro-v3.0.0/2018/MIDI-Unprocessed_Recital17-19_MID--AUDIO_17_R1_2018_wav--1.wav,dataset/maestro-v3.0.0/2018/MIDI-Unprocessed_Recital17-19_MID--AUDIO_17_R1_2018_wav--1.midi
unlabeled,dataset/maestro-v3.0.0/2015/MIDI-Unprocessed_R1_D2-13-20_mid--AUDIO-from_mp3_19_R1_2015_wav--1.wav,dataset/maestro-v3.0.0/2015/MIDI-Unprocessed_R1_D2-13-20_mid--AUDIO-from_mp3_19_R1_2015_wav--1.midi
unlabeled,dataset/maestro-v3.0.0/2013/ORIG-MIDI_02_7_6_13_Group__MID--AUDIO_05_R1_2013_wav--1.wav,dataset/maestro-v3.0.0/2013/ORIG-MIDI_02_7_6_13_Group__MID--AUDIO_05_R1_2013_wav--1.midi
unlabeled,dataset/maestro-v3.0.0/2011/MIDI-Unprocessed_01_R1_2011_MID--AUDIO_R1-D1_02_Track02_wav.wav,dataset/maestro-v3.0.0/2011/MIDI-Unprocessed_01_R1_2011_MID--AUDIO_R1-D1_02_Track02_wav.midi
unlabeled,dataset/maestro-v3.0.0/2011/MIDI-Unprocessed_01_R1_2011_MID--AUDIO_R1-D1_03_Track03_wav.wav,dataset/maestro-v3.0.0/2011/MIDI-Unprocessed_01_R1_2011_MID--AUDIO_R1-D1_03_Track03_wav.midi
unlabeled,dataset/maestro-v3.0.0/2011/MIDI-Unprocessed_23_R1_2011_MID--AUDIO_R1-D9_02_Track02_wav.wav,dataset/maestro-v3.0.0/2011/MIDI-Unprocessed_23_R1_2011_MID--AUDIO_R1-D9_02_Track02_wav.midi
unlabeled,dataset/maestro-v3.0.0/2011/MIDI-Unprocessed_08_R1_2011_MID--AUDIO_R1-D3_07_Track07_wav.wav,dataset/maestro-v3.0.0/2011/MIDI-Unprocessed_08_R1_2011_MID--AUDIO_R1-D3_07_Track07_wav.midi
unlabeled,dataset/maestro-v3.0.0/2017/MIDI-Unprocessed_049_PIANO049_MID--AUDIO-split_07-06-17_Piano-e_2-06_wav--1.wav,dataset/maestro-v3.0.0/2017/MIDI-Unprocessed_049_PIANO049_MID--AUDIO-split_07-06-17_Piano-e_2-06_wav--1.midi
unlabeled,dataset/maestro-v3.0.0/2013/ORIG-MIDI_02_7_6_13_Group__MID--AUDIO_08_R1_2013_wav--1.wav,dataset/maestro-v3.0.0/2013/ORIG-MIDI_02_7_6_13_Group__MID--AUDIO_08_R1_2013_wav--1.midi
unlabeled,dataset/maestro-v3.0.0/2013/ORIG-MIDI_02_7_7_13_Group__MID--AUDIO_17_R1_2013_wav--1.wav,dataset/maestro-v3.0.0/2013/ORIG-MIDI_02_7_7_13_Group__MID--AUDIO_17_R1_2013_wav--1.midi
unlabeled,dataset/maestro-v3.0.0/2011/MIDI-Unprocessed_03_R1_2011_MID--AUDIO_R1-D1_15_Track15_wav.wav,dataset/maestro-v3.0.0/2011/MIDI-Unprocessed_03_R1_2011_MID--AUDIO_R1-D1_15_Track15_wav.midi
unlabeled,dataset/maestro-v3.0.0/2017/MIDI-Unprocessed_041_PIANO041_MID--AUDIO-split_07-06-17_Piano-e_1-01_wav--1.wav,dataset/maestro-v3.0.0/2017/MIDI-Unprocessed_041_PIANO041_MID--AUDIO-split_07-06-17_Piano-e_1-01_wav--1.midi
unlabeled,dataset/maestro-v3.0.0/2017/MIDI-Unprocessed_051_PIANO051_MID--AUDIO-split_07-06-17_Piano-e_3-02_wav--1.wav,dataset/maestro-v3.0.0/2017/MIDI-Unprocessed_051_PIANO051_MID--AUDIO-split_07-06-17_Piano-e_3-02_wav--1.midi
unlabeled,dataset/maestro-v3.0.0/2015/MIDI-Unprocessed_R1_D1-1-8_mid--AUDIO-from_mp3_04_R1_2015_wav--1.wav,dataset/maestro-v3.0.0/2015/MIDI-Unprocessed_R1_D1-1-8_mid--AUDIO-from_mp3_04_R1_2015_wav--1.midi
unlabeled,dataset/maestro-v3.0.0/2008/MIDI-Unprocessed_01_R1_2008_01-04_ORIG_MID--AUDIO_01_R1_2008_wav--1.wav,dataset/maestro-v3.0.0/2008/MIDI-Unprocessed_01_R1_2008_01-04_ORIG_MID--AUDIO_01_R1_2008_wav--1.midi
unlabeled,dataset/maestro-v3.0.0/2011/MIDI-Unprocessed_13_R1_2011_MID--AUDIO_R1-D5_02_Track02_wav.wav,dataset/maestro-v3.0.0/2011/MIDI-Unprocessed_13_R1_2011_MID--AUDIO_R1-D5_02_Track02_wav.midi
unlabeled,dataset/maestro-v3.0.0/2017/MIDI-Unprocessed_061_PIANO061_MID--AUDIO-split_07-07-17_Piano-e_2-05_wav--1.wav,dataset/maestro-v3.0.0/2017/MIDI-Unprocessed_061_PIANO061_MID--AUDIO-split_07-07-17_Piano-e_2-05_wav--1.midi
unlabeled,dataset/maestro-v3.0.0/2017/MIDI-Unprocessed_058_PIANO058_MID--AUDIO-split_07-07-17_Piano-e_2-02_wav--1.wav,dataset/maestro-v3.0.0/2017/MIDI-Unprocessed_058_PIANO058_MID--AUDIO-split_07-07-17_Piano-e_2-02_wav--1.midi
unlabeled,dataset/maestro-v3.0.0/2015/MIDI-Unprocessed_R1_D2-13-20_mid--AUDIO-from_mp3_14_R1_2015_wav--1.wav,dataset/maestro-v3.0.0/2015/MIDI-Unprocessed_R1_D2-13-20_mid--AUDIO-from_mp3_14_R1_2015_wav--1.midi
unlabeled,dataset/maestro-v3.0.0/2017/MIDI-Unprocessed_045_PIANO045_MID--AUDIO-split_07-06-17_Piano-e_2-01_wav--1.wav,dataset/maestro-v3.0.0/2017/MIDI-Unprocessed_045_PIANO045_MID--AUDIO-split_07-06-17_Piano-e_2-01_wav--1.midi
unlabeled,dataset/maestro-v3.0.0/2017/MIDI-Unprocessed_046_PIANO046_MID--AUDIO-split_07-06-17_Piano-e_2-02_wav--1.wav,dataset/maestro-v3.0.0/2017/MIDI-Unprocessed_046_PIANO046_MID--AUDIO-split_07-06-17_Piano-e_2-02_wav--1.midi
unlabeled,dataset/maestro-v3.0.0/2017/MIDI-Unprocessed_047_PIANO047_MID--AUDIO-split_07-06-17_Piano-e_2-04_wav--3.wav,dataset/maestro-v3.0.0/2017/MIDI-Unprocessed_047_PIANO047_MID--AUDIO-split_07-06-17_Piano-e_2-04_wav--3.midi
unlabeled,dataset/maestro-v3.0.0/2015/MIDI-Unprocessed_R1_D1-1-8_mid--AUDIO-from_mp3_06_R1_2015_wav--1.wav,dataset/maestro-v3.0.0/2015/MIDI-Unprocessed_R1_D1-1-8_mid--AUDIO-from_mp3_06_R1_2015_wav--1.midi
unlabeled,dataset/maestro-v3.0.0/2008/MIDI-Unprocessed_16_R1_2008_01-04_ORIG_MID--AUDIO_16_R1_2008_wav--1.wav,dataset/maestro-v3.0.0/2008/MIDI-Unprocessed_16_R1_2008_01-04_ORIG_MID--AUDIO_16_R1_2008_wav--1.midi
unlabeled,dataset/maestro-v3.0.0/2017/MIDI-Unprocessed_066_PIANO066_MID--AUDIO-split_07-07-17_Piano-e_3-02_wav--1.wav,dataset/maestro-v3.0.0/2017/MIDI-Unprocessed_066_PIANO066_MID--AUDIO-split_07-07-17_Piano-e_3-02_wav--1.midi
unlabeled,dataset/maestro-v3.0.0/2008/MIDI-Unprocessed_11_R1_2008_01-04_ORIG_MID--AUDIO_11_R1_2008_wav--1.wav,dataset/maestro-v3.0.0/2008/MIDI-Unprocessed_11_R1_2008_01-04_ORIG_MID--AUDIO_11_R1_2008_wav--1.midi
unlabeled,dataset/maestro-v3.0.0/2015/MIDI-Unprocessed_R1_D1-1-8_mid--AUDIO-from_mp3_05_R1_2015_wav--2.wav,dataset/maestro-v3.0.0/2015/MIDI-Unprocessed_R1_D1-1-8_mid--AUDIO-from_mp3_05_R1_2015_wav--2.midi
unlabeled,dataset/maestro-v3.0.0/2015/MIDI-Unprocessed_R1_D2-13-20_mid--AUDIO-from_mp3_18_R1_2015_wav--1.wav,dataset/maestro-v3.0.0/2015/MIDI-Unprocessed_R1_D2-13-20_mid--AUDIO-from_mp3_18_R1_2015_wav--1.midi
unlabeled,dataset/maestro-v3.0.0/2011/MIDI-Unprocessed_05_R1_2011_MID--AUDIO_R1-D2_08_Track08_wav.wav,dataset/maestro-v3.0.0/2011/MIDI-Unprocessed_05_R1_2011_MID--AUDIO_R1-D2_08_Track08_wav.midi
unlabeled,dataset/maestro-v3.0.0/2011/MIDI-Unprocessed_05_R1_2011_MID--AUDIO_R1-D2_09_Track09_wav.wav,dataset/maestro-v3.0.0/2011/MIDI-Unprocessed_05_R1_2011_MID--AUDIO_R1-D2_09_Track09_wav.midi
unlabeled,dataset/maestro-v3.0.0/2017/MIDI-Unprocessed_042_PIANO042_MID--AUDIO-split_07-06-17_Piano-e_1-02_wav--1.wav,dataset/maestro-v3.0.0/2017/MIDI-Unprocessed_042_PIANO042_MID--AUDIO-split_07-06-17_Piano-e_1-02_wav--1.midi
unlabeled,dataset/maestro-v3.0.0/2017/MIDI-Unprocessed_048_PIANO048_MID--AUDIO-split_07-06-17_Piano-e_2-05_wav--1.wav,dataset/maestro-v3.0.0/2017/MIDI-Unprocessed_048_PIANO048_MID--AUDIO-split_07-06-17_Piano-e_2-05_wav--1.midi
unlabeled,dataset/maestro-v3.0.0/2008/MIDI-Unprocessed_07_R1_2008_01-04_ORIG_MID--AUDIO_07_R1_2008_wav--1.wav,dataset/maestro-v3.0.0/2008/MIDI-Unprocessed_07_R1_2008_01-04_ORIG_MID--AUDIO_07_R1_2008_wav--1.midi
unlabeled,dataset/maestro-v3.0.0/2008/MIDI-Unprocessed_12_R1_2008_01-04_ORIG_MID--AUDIO_12_R1_2008_wav--2.wav,dataset/maestro-v3.0.0/2008/MIDI-Unprocessed_12_R1_2008_01-04_ORIG_MID--AUDIO_12_R1_2008_wav--2.midi
unlabeled,dataset/maestro-v3.0.0/2008/MIDI-Unprocessed_15_R1_2008_01-04_ORIG_MID--AUDIO_15_R1_2008_wav--1.wav,dataset/maestro-v3.0.0/2008/MIDI-Unprocessed_15_R1_2008_01-04_ORIG_MID--AUDIO_15_R1_2008_wav--1.midi
unlabeled,dataset/maestro-v3.0.0/2008/MIDI-Unprocessed_18_R1_2008_01-04_ORIG_MID--AUDIO_18_R1_2008_wav--1.wav,dataset/maestro-v3.0.0/2008/MIDI-Unprocessed_18_R1_2008_01-04_ORIG_MID--AUDIO_18_R1_2008_wav--1.midi
unlabeled,dataset/maestro-v3.0.0/2015/MIDI-Unprocessed_R1_D2-21-22_mid--AUDIO-from_mp3_21_R1_2015_wav--1.wav,dataset/maestro-v3.0.0/2015/MIDI-Unprocessed_R1_D2-21-22_mid--AUDIO-from_mp3_21_R1_2015_wav--1.midi
unlabeled,dataset/maestro-v3.0.0/2013/ORIG-MIDI_02_7_6_13_Group__MID--AUDIO_07_R1_2013_wav--1.wav,dataset/maestro-v3.0.0/2013/ORIG-MIDI_02_7_6_13_Group__MID--AUDIO_07_R1_2013_wav--1.midi
unlabeled,dataset/maestro-v3.0.0/2017/MIDI-Unprocessed_057_PIANO057_MID--AUDIO-split_07-07-17_Piano-e_1-07_wav--1.wav,dataset/maestro-v3.0.0/2017/MIDI-Unprocessed_057_PIANO057_MID--AUDIO-split_07-07-17_Piano-e_1-07_wav--1.midi
unlabeled,dataset/maestro-v3.0.0/2017/MIDI-Unprocessed_060_PIANO060_MID--AUDIO-split_07-07-17_Piano-e_2-04_wav--1.wav,dataset/maestro-v3.0.0/2017/MIDI-Unprocessed_060_PIANO060_MID--AUDIO-split_07-07-17_Piano-e_2-04_wav--1.midi
unlabeled,dataset/maestro-v3.0.0/2008/MIDI-Unprocessed_04_R1_2008_01-04_ORIG_MID--AUDIO_04_R1_2008_wav--1.wav,dataset/maestro-v3.0.0/2008/MIDI-Unprocessed_04_R1_2008_01-04_ORIG_MID--AUDIO_04_R1_2008_wav--1.midi
unlabeled,dataset/maestro-v3.0.0/2011/MIDI-Unprocessed_20_R1_2011_MID--AUDIO_R1-D8_02_Track02_wav.wav,dataset/maestro-v3.0.0/2011/MIDI-Unprocessed_20_R1_2011_MID--AUDIO_R1-D8_02_Track02_wav.midi
unlabeled,dataset/maestro-v3.0.0/2015/MIDI-Unprocessed_R1_D2-13-20_mid--AUDIO-from_mp3_15_R1_2015_wav--1.wav,dataset/maestro-v3.0.0/2015/MIDI-Unprocessed_R1_D2-13-20_mid--AUDIO-from_mp3_15_R1_2015_wav--1.midi
unlabeled,dataset/maestro-v3.0.0/2011/MIDI-Unprocessed_22_R1_2011_MID--AUDIO_R1-D8_12_Track12_wav.wav,dataset/maestro-v3.0.0/2011/MIDI-Unprocessed_22_R1_2011_MID--AUDIO_R1-D8_12_Track12_wav.midi
unlabeled,dataset/maestro-v3.0.0/2015/MIDI-Unprocessed_R1_D1-1-8_mid--AUDIO-from_mp3_03_R1_2015_wav--1.wav,dataset/maestro-v3.0.0/2015/MIDI-Unprocessed_R1_D1-1-8_mid--AUDIO-from_mp3_03_R1_2015_wav--1.midi
unlabeled,dataset/maestro-v3.0.0/2013/ORIG-MIDI_02_7_7_13_Group__MID--AUDIO_16_R1_2013_wav--1.wav,dataset/maestro-v3.0.0/2013/ORIG-MIDI_02_7_7_13_Group__MID--AUDIO_16_R1_2013_wav--1.midi
unlabeled,dataset/maestro-v3.0.0/2013/ORIG-MIDI_01_7_6_13_Group__MID--AUDIO_01_R1_2013_wav--1.wav,dataset/maestro-v3.0.0/2013/ORIG-MIDI_01_7_6_13_Group__MID--AUDIO_01_R1_2013_wav--1.midi
unlabeled,dataset/maestro-v3.0.0/2011/MIDI-Unprocessed_02_R1_2011_MID--AUDIO_R1-D1_08_Track08_wav.wav,dataset/maestro-v3.0.0/2011/MIDI-Unprocessed_02_R1_2011_MID--AUDIO_R1-D1_08_Track08_wav.midi
unlabeled,dataset/maestro-v3.0.0/2011/MIDI-Unprocessed_17_R1_2011_MID--AUDIO_R1-D7_02_Track02_wav.wav,dataset/maestro-v3.0.0/2011/MIDI-Unprocessed_17_R1_2011_MID--AUDIO_R1-D7_02_Track02_wav.midi
unlabeled,dataset/maestro-v3.0.0/2013/ORIG-MIDI_02_7_7_13_Group__MID--AUDIO_19_R1_2013_wav--1.wav,dataset/maestro-v3.0.0/2013/ORIG-MIDI_02_7_7_13_Group__MID--AUDIO_19_R1_2013_wav--1.midi
unlabeled,dataset/maestro-v3.0.0/2011/MIDI-Unprocessed_10_R1_2011_MID--AUDIO_R1-D4_02_Track02_wav.wav,dataset/maestro-v3.0.0/2011/MIDI-Unprocessed_10_R1_2011_MID--AUDIO_R1-D4_02_Track02_wav.midi
unlabeled,dataset/maestro-v3.0.0/2014/MIDI-UNPROCESSED_06-08_R1_2014_MID--AUDIO_06_R1_2014_wav--1.wav,dataset/maestro-v3.0.0/2014/MIDI-UNPROCESSED_06-08_R1_2014_MID--AUDIO_06_R1_2014_wav--1.midi
unlabeled,dataset/maestro-v3.0.0/2018/MIDI-Unprocessed_Recital8_MID--AUDIO_08_R1_2018_wav--3.wav,dataset/maestro-v3.0.0/2018/MIDI-Unprocessed_Recital8_MID--AUDIO_08_R1_2018_wav--3.midi
unlabeled,dataset/maestro-v3.0.0/2014/MIDI-UNPROCESSED_19-20_R1_2014_MID--AUDIO_19_R1_2014_wav--1.wav,dataset/maestro-v3.0.0/2014/MIDI-UNPROCESSED_19-20_R1_2014_MID--AUDIO_19_R1_2014_wav--1.midi
unlabeled,dataset/maestro-v3.0.0/2008/MIDI-Unprocessed_12_R2_2008_01-04_ORIG_MID--AUDIO_12_R2_2008_wav--1.wav,dataset/maestro-v3.0.0/2008/MIDI-Unprocessed_12_R2_2008_01-04_ORIG_MID--AUDIO_12_R2_2008_wav--1.midi
unlabeled,dataset/maestro-v3.0.0/2015/MIDI-Unprocessed_R1_D1-1-8_mid--AUDIO-from_mp3_01_R1_2015_wav--1.wav,dataset/maestro-v3.0.0/2015/MIDI-Unprocessed_R1_D1-1-8_mid--AUDIO-from_mp3_01_R1_2015_wav--1.midi
unlabeled,dataset/maestro-v3.0.0/2013/ORIG-MIDI_02_7_7_13_Group__MID--AUDIO_18_R1_2013_wav--4.wav,dataset/maestro-v3.0.0/2013/ORIG-MIDI_02_7_7_13_Group__MID--AUDIO_18_R1_2013_wav--4.midi
unlabeled,dataset/maestro-v3.0.0/2004/MIDI-Unprocessed_XP_14_R1_2004_01-03_ORIG_MID--AUDIO_14_R1_2004_01_Track01_wav.wav,dataset/maestro-v3.0.0/2004/MIDI-Unprocessed_XP_14_R1_2004_01-03_ORIG_MID--AUDIO_14_R1_2004_01_Track01_wav.midi
unlabeled,dataset/maestro-v3.0.0/2004/MIDI-Unprocessed_XP_10_R1_2004_01-02_ORIG_MID--AUDIO_10_R1_2004_01_Track01_wav.wav,dataset/maestro-v3.0.0/2004/MIDI-Unprocessed_XP_10_R1_2004_01-02_ORIG_MID--AUDIO_10_R1_2004_01_Track01_wav.midi
unlabeled,dataset/maestro-v3.0.0/2006/MIDI-Unprocessed_07_R1_2006_01-04_ORIG_MID--AUDIO_07_R1_2006_01_Track01_wav.wav,dataset/maestro-v3.0.0/2006/MIDI-Unprocessed_07_R1_2006_01-04_ORIG_MID--AUDIO_07_R1_2006_01_Track01_wav.midi
unlabeled,dataset/maestro-v3.0.0/2014/MIDI-UNPROCESSED_06-08_R1_2014_MID--AUDIO_07_R1_2014_wav--7.wav,dataset/maestro-v3.0.0/2014/MIDI-UNPROCESSED_06-08_R1_2014_MID--AUDIO_07_R1_2014_wav--7.midi
unlabeled,dataset/maestro-v3.0.0/2004/MIDI-Unprocessed_SMF_13_01_2004_01-05_ORIG_MID--AUDIO_13_R1_2004_02_Track02_wav.wav,dataset/maestro-v3.0.0/2004/MIDI-Unprocessed_SMF_13_01_2004_01-05_ORIG_MID--AUDIO_13_R1_2004_02_Track02_wav.midi
unlabeled,dataset/maestro-v3.0.0/2006/MIDI-Unprocessed_21_R1_2006_01-04_ORIG_MID--AUDIO_21_R1_2006_01_Track01_wav.wav,dataset/maestro-v3.0.0/2006/MIDI-Unprocessed_21_R1_2006_01-04_ORIG_MID--AUDIO_21_R1_2006_01_Track01_wav.midi
unlabeled,dataset/maestro-v3.0.0/2011/MIDI-Unprocessed_25_R3_2011_MID--AUDIO_R3-D9_02_Track02_wav.wav,dataset/maestro-v3.0.0/2011/MIDI-Unprocessed_25_R3_2011_MID--AUDIO_R3-D9_02_Track02_wav.midi
unlabeled,dataset/maestro-v3.0.0/2011/MIDI-Unprocessed_25_R3_2011_MID--AUDIO_R3-D9_03_Track03_wav.wav,dataset/maestro-v3.0.0/2011/MIDI-Unprocessed_25_R3_2011_MID--AUDIO_R3-D9_03_Track03_wav.midi
unlabeled,dataset/maestro-v3.0.0/2006/MIDI-Unprocessed_20_R1_2006_01-04_ORIG_MID--AUDIO_20_R1_2006_01_Track01_wav.wav,dataset/maestro-v3.0.0/2006/MIDI-Unprocessed_20_R1_2006_01-04_ORIG_MID--AUDIO_20_R1_2006_01_Track01_wav.midi
unlabeled,dataset/maestro-v3.0.0/2014/MIDI-UNPROCESSED_04-05_R1_2014_MID--AUDIO_05_R1_2014_wav--2.wav,dataset/maestro-v3.0.0/2014/MIDI-UNPROCESSED_04-05_R1_2014_MID--AUDIO_05_R1_2014_wav--2.midi
unlabeled,dataset/maestro-v3.0.0/2015/MIDI-Unprocessed_R1_D2-21-22_mid--AUDIO-from_mp3_21_R1_2015_wav--5.wav,dataset/maestro-v3.0.0/2015/MIDI-Unprocessed_R1_D2-21-22_mid--AUDIO-from_mp3_21_R1_2015_wav--5.midi
unlabeled,dataset/maestro-v3.0.0/2017/MIDI-Unprocessed_074_PIANO074_MID--AUDIO-split_07-08-17_Piano-e_2-04_wav--3.wav,dataset/maestro-v3.0.0/2017/MIDI-Unprocessed_074_PIANO074_MID--AUDIO-split_07-08-17_Piano-e_2-04_wav--3.midi
unlabeled,dataset/maestro-v3.0.0/2006/MIDI-Unprocessed_02_R1_2006_01-04_ORIG_MID--AUDIO_02_R1_2006_02_Track02_wav.wav,dataset/maestro-v3.0.0/2006/MIDI-Unprocessed_02_R1_2006_01-04_ORIG_MID--AUDIO_02_R1_2006_02_Track02_wav.midi
unlabeled,dataset/maestro-v3.0.0/2014/MIDI-UNPROCESSED_01-03_R1_2014_MID--AUDIO_01_R1_2014_wav--3.wav,dataset/maestro-v3.0.0/2014/MIDI-UNPROCESSED_01-03_R1_2014_MID--AUDIO_01_R1_2014_wav--3.midi
unlabeled,dataset/maestro-v3.0.0/2008/MIDI-Unprocessed_11_R1_2008_01-04_ORIG_MID--AUDIO_11_R1_2008_wav--3.wav,dataset/maestro-v3.0.0/2008/MIDI-Unprocessed_11_R1_2008_01-04_ORIG_MID--AUDIO_11_R1_2008_wav--3.midi
unlabeled,dataset/maestro-v3.0.0/2017/MIDI-Unprocessed_054_PIANO054_MID--AUDIO-split_07-07-17_Piano-e_1-02_wav--4.wav,dataset/maestro-v3.0.0/2017/MIDI-Unprocessed_054_PIANO054_MID--AUDIO-split_07-07-17_Piano-e_1-02_wav--4.midi
unlabeled,dataset/maestro-v3.0.0/2008/MIDI-Unprocessed_13_R1_2008_01-04_ORIG_MID--AUDIO_13_R1_2008_wav--4.wav,dataset/maestro-v3.0.0/2008/MIDI-Unprocessed_13_R1_2008_01-04_ORIG_MID--AUDIO_13_R1_2008_wav--4.midi
unlabeled,dataset/maestro-v3.0.0/2009/MIDI-Unprocessed_20_R1_2009_06-07_ORIG_MID--AUDIO_20_R1_2009_20_R1_2009_06_WAV.wav,dataset/maestro-v3.0.0/2009/MIDI-Unprocessed_20_R1_2009_06-07_ORIG_MID--AUDIO_20_R1_2009_20_R1_2009_06_WAV.midi
unlabeled,dataset/maestro-v3.0.0/2013/ORIG-MIDI_03_7_10_13_Group_MID--AUDIO_17_R3_2013_wav--3.wav,dataset/maestro-v3.0.0/2013/ORIG-MIDI_03_7_10_13_Group_MID--AUDIO_17_R3_2013_wav--3.midi
unlabeled,dataset/maestro-v3.0.0/2009/MIDI-Unprocessed_18_R1_2009_04_ORIG_MID--AUDIO_18_R1_2009_18_R1_2009_04_WAV.wav,dataset/maestro-v3.0.0/2009/MIDI-Unprocessed_18_R1_2009_04_ORIG_MID--AUDIO_18_R1_2009_18_R1_2009_04_WAV.midi
unlabeled,dataset/maestro-v3.0.0/2006/MIDI-Unprocessed_12_R1_2006_01-08_ORIG_MID--AUDIO_12_R1_2006_01_Track01_wav.wav,dataset/maestro-v3.0.0/2006/MIDI-Unprocessed_12_R1_2006_01-08_ORIG_MID--AUDIO_12_R1_2006_01_Track01_wav.midi
unlabeled,dataset/maestro-v3.0.0/2004/MIDI-Unprocessed_SMF_07_R1_2004_01_ORIG_MID--AUDIO_07_R1_2004_02_Track02_wav.wav,dataset/maestro-v3.0.0/2004/MIDI-Unprocessed_SMF_07_R1_2004_01_ORIG_MID--AUDIO_07_R1_2004_02_Track02_wav.midi
unlabeled,dataset/maestro-v3.0.0/2004/MIDI-Unprocessed_SMF_07_R1_2004_01_ORIG_MID--AUDIO_07_R1_2004_04_Track04_wav.wav,dataset/maestro-v3.0.0/2004/MIDI-Unprocessed_SMF_07_R1_2004_01_ORIG_MID--AUDIO_07_R1_2004_04_Track04_wav.midi
unlabeled,dataset/maestro-v3.0.0/2004/MIDI-Unprocessed_SMF_07_R1_2004_01_ORIG_MID--AUDIO_07_R1_2004_06_Track06_wav.wav,dataset/maestro-v3.0.0/2004/MIDI-Unprocessed_SMF_07_R1_2004_01_ORIG_MID--AUDIO_07_R1_2004_06_Track06_wav.midi
unlabeled,dataset/maestro-v3.0.0/2014/MIDI-UNPROCESSED_11-13_R1_2014_MID--AUDIO_11_R1_2014_wav--3.wav,dataset/maestro-v3.0.0/2014/MIDI-UNPROCESSED_11-13_R1_2014_MID--AUDIO_11_R1_2014_wav--3.midi
unlabeled,dataset/maestro-v3.0.0/2018/MIDI-Unprocessed_Recital5-7_MID--AUDIO_05_R1_2018_wav--2.wav,dataset/maestro-v3.0.0/2018/MIDI-Unprocessed_Recital5-7_MID--AUDIO_05_R1_2018_wav--2.midi
unlabeled,dataset/maestro-v3.0.0/2015/MIDI-Unprocessed_R1_D2-13-20_mid--AUDIO-from_mp3_13_R1_2015_wav--5.wav,dataset/maestro-v3.0.0/2015/MIDI-Unprocessed_R1_D2-13-20_mid--AUDIO-from_mp3_13_R1_2015_wav--5.midi
unlabeled,dataset/maestro-v3.0.0/2015/MIDI-Unprocessed_R2_D2-19-21-22_mid--AUDIO-from_mp3_21_R2_2015_wav--3.wav,dataset/maestro-v3.0.0/2015/MIDI-Unprocessed_R2_D2-19-21-22_mid--AUDIO-from_mp3_21_R2_2015_wav--3.midi
unlabeled,dataset/maestro-v3.0.0/2013/ORIG-MIDI_01_7_8_13_Group__MID--AUDIO_07_R2_2013_wav--1.wav,dataset/maestro-v3.0.0/2013/ORIG-MIDI_01_7_8_13_Group__MID--AUDIO_07_R2_2013_wav--1.midi
unlabeled,dataset/maestro-v3.0.0/2004/MIDI-Unprocessed_XP_04_R1_2004_01-02_ORIG_MID--AUDIO_04_R1_2004_01_Track01_wav.wav,dataset/maestro-v3.0.0/2004/MIDI-Unprocessed_XP_04_R1_2004_01-02_ORIG_MID--AUDIO_04_R1_2004_01_Track01_wav.midi
unlabeled,dataset/maestro-v3.0.0/2004/MIDI-Unprocessed_XP_15_R1_2004_01-02_ORIG_MID--AUDIO_15_R1_2004_02_Track02_wav.wav,dataset/maestro-v3.0.0/2004/MIDI-Unprocessed_XP_15_R1_2004_01-02_ORIG_MID--AUDIO_15_R1_2004_02_Track02_wav.midi
unlabeled,dataset/maestro-v3.0.0/2014/MIDI-UNPROCESSED_19-20_R1_2014_MID--AUDIO_20_R1_2014_wav--1.wav,dataset/maestro-v3.0.0/2014/MIDI-UNPROCESSED_19-20_R1_2014_MID--AUDIO_20_R1_2014_wav--1.midi
unlabeled,dataset/maestro-v3.0.0/2006/MIDI-Unprocessed_19_R1_2006_01-07_ORIG_MID--AUDIO_19_R1_2006_02_Track02_wav.wav,dataset/maestro-v3.0.0/2006/MIDI-Unprocessed_19_R1_2006_01-07_ORIG_MID--AUDIO_19_R1_2006_02_Track02_wav.midi
unlabeled,dataset/maestro-v3.0.0/2006/MIDI-Unprocessed_02_R1_2006_01-04_ORIG_MID--AUDIO_02_R1_2006_01_Track01_wav.wav,dataset/maestro-v3.0.0/2006/MIDI-Unprocessed_02_R1_2006_01-04_ORIG_MID--AUDIO_02_R1_2006_01_Track01_wav.midi
unlabeled,dataset/maestro-v3.0.0/2006/MIDI-Unprocessed_22_R1_2006_01-04_ORIG_MID--AUDIO_22_R1_2006_01_Track01_wav.wav,dataset/maestro-v3.0.0/2006/MIDI-Unprocessed_22_R1_2006_01-04_ORIG_MID--AUDIO_22_R1_2006_01_Track01_wav.midi
unlabeled,dataset/maestro-v3.0.0/2017/MIDI-Unprocessed_042_PIANO042_MID--AUDIO-split_07-06-17_Piano-e_1-02_wav--3.wav,dataset/maestro-v3.0.0/2017/MIDI-Unprocessed_042_PIANO042_MID--AUDIO-split_07-06-17_Piano-e_1-02_wav--3.midi
unlabeled,dataset/maestro-v3.0.0/2015/MIDI-Unprocessed_R1_D2-13-20_mid--AUDIO-from_mp3_19_R1_2015_wav--2.wav,dataset/maestro-v3.0.0/2015/MIDI-Unprocessed_R1_D2-13-20_mid--AUDIO-from_mp3_19_R1_2015_wav--2.midi
unlabeled,dataset/maestro-v3.0.0/2013/ORIG-MIDI_03_7_6_13_Group__MID--AUDIO_10_R1_2013_wav--2.wav,dataset/maestro-v3.0.0/2013/ORIG-MIDI_03_7_6_13_Group__MID--AUDIO_10_R1_2013_wav--2.midi
unlabeled,dataset/maestro-v3.0.0/2011/MIDI-Unprocessed_03_R3_2011_MID--AUDIO_R3-D1_02_Track02_wav.wav,dataset/maestro-v3.0.0/2011/MIDI-Unprocessed_03_R3_2011_MID--AUDIO_R3-D1_02_Track02_wav.midi
unlabeled,dataset/maestro-v3.0.0/2009/MIDI-Unprocessed_12_R1_2009_03-05_ORIG_MID--AUDIO_12_R1_2009_12_R1_2009_03_WAV.wav,dataset/maestro-v3.0.0/2009/MIDI-Unprocessed_12_R1_2009_03-05_ORIG_MID--AUDIO_12_R1_2009_12_R1_2009_03_WAV.midi
unlabeled,dataset/maestro-v3.0.0/2015/MIDI-Unprocessed_R1_D2-13-20_mid--AUDIO-from_mp3_15_R1_2015_wav--3.wav,dataset/maestro-v3.0.0/2015/MIDI-Unprocessed_R1_D2-13-20_mid--AUDIO-from_mp3_15_R1_2015_wav--3.midi
unlabeled,dataset/maestro-v3.0.0/2015/MIDI-Unprocessed_R1_D2-21-22_mid--AUDIO-from_mp3_21_R1_2015_wav--2.wav,dataset/maestro-v3.0.0/2015/MIDI-Unprocessed_R1_D2-21-22_mid--AUDIO-from_mp3_21_R1_2015_wav--2.midi
unlabeled,dataset/maestro-v3.0.0/2014/MIDI-UNPROCESSED_06-08_R1_2014_MID--AUDIO_08_R1_2014_wav--1.wav,dataset/maestro-v3.0.0/2014/MIDI-UNPROCESSED_06-08_R1_2014_MID--AUDIO_08_R1_2014_wav--1.midi
unlabeled,dataset/maestro-v3.0.0/2014/MIDI-UNPROCESSED_21-22_R1_2014_MID--AUDIO_22_R1_2014_wav--1.wav,dataset/maestro-v3.0.0/2014/MIDI-UNPROCESSED_21-22_R1_2014_MID--AUDIO_22_R1_2014_wav--1.midi
unlabeled,dataset/maestro-v3.0.0/2004/MIDI-Unprocessed_SMF_13_01_2004_01-05_ORIG_MID--AUDIO_13_R1_2004_08_Track08_wav.wav,dataset/maestro-v3.0.0/2004/MIDI-Unprocessed_SMF_13_01_2004_01-05_ORIG_MID--AUDIO_13_R1_2004_08_Track08_wav.midi
unlabeled,dataset/maestro-v3.0.0/2004/MIDI-Unprocessed_SMF_13_01_2004_01-05_ORIG_MID--AUDIO_13_R1_2004_09_Track09_wav.wav,dataset/maestro-v3.0.0/2004/MIDI-Unprocessed_SMF_13_01_2004_01-05_ORIG_MID--AUDIO_13_R1_2004_09_Track09_wav.midi
unlabeled,dataset/maestro-v3.0.0/2004/MIDI-Unprocessed_SMF_13_01_2004_01-05_ORIG_MID--AUDIO_13_R1_2004_10_Track10_wav.wav,dataset/maestro-v3.0.0/2004/MIDI-Unprocessed_SMF_13_01_2004_01-05_ORIG_MID--AUDIO_13_R1_2004_10_Track10_wav.midi
unlabeled,dataset/maestro-v3.0.0/2013/ORIG-MIDI_01_7_6_13_Group__MID--AUDIO_04_R1_2013_wav--2.wav,dataset/maestro-v3.0.0/2013/ORIG-MIDI_01_7_6_13_Group__MID--AUDIO_04_R1_2013_wav--2.midi
unlabeled,dataset/maestro-v3.0.0/2013/ORIG-MIDI_02_7_7_13_Group__MID--AUDIO_17_R1_2013_wav--2.wav,dataset/maestro-v3.0.0/2013/ORIG-MIDI_02_7_7_13_Group__MID--AUDIO_17_R1_2013_wav--2.midi
unlabeled,dataset/maestro-v3.0.0/2008/MIDI-Unprocessed_04_R1_2008_01-04_ORIG_MID--AUDIO_04_R1_2008_wav--2.wav,dataset/maestro-v3.0.0/2008/MIDI-Unprocessed_04_R1_2008_01-04_ORIG_MID--AUDIO_04_R1_2008_wav--2.midi
unlabeled,dataset/maestro-v3.0.0/2018/MIDI-Unprocessed_Recital8_MID--AUDIO_08_R1_2018_wav--1.wav,dataset/maestro-v3.0.0/2018/MIDI-Unprocessed_Recital8_MID--AUDIO_08_R1_2018_wav--1.midi
unlabeled,dataset/maestro-v3.0.0/2008/MIDI-Unprocessed_13_R1_2008_01-04_ORIG_MID--AUDIO_13_R1_2008_wav--2.wav,dataset/maestro-v3.0.0/2008/MIDI-Unprocessed_13_R1_2008_01-04_ORIG_MID--AUDIO_13_R1_2008_wav--2.midi
unlabeled,dataset/maestro-v3.0.0/2015/MIDI-Unprocessed_R1_D2-13-20_mid--AUDIO-from_mp3_14_R1_2015_wav--2.wav,dataset/maestro-v3.0.0/2015/MIDI-Unprocessed_R1_D2-13-20_mid--AUDIO-from_mp3_14_R1_2015_wav--2.midi
unlabeled,dataset/maestro-v3.0.0/2013/ORIG-MIDI_02_7_7_13_Group__MID--AUDIO_15_R1_2013_wav--2.wav,dataset/maestro-v3.0.0/2013/ORIG-MIDI_02_7_7_13_Group__MID--AUDIO_15_R1_2013_wav--2.midi
unlabeled,dataset/maestro-v3.0.0/2008/MIDI-Unprocessed_16_R1_2008_01-04_ORIG_MID--AUDIO_16_R1_2008_wav--2.wav,dataset/maestro-v3.0.0/2008/MIDI-Unprocessed_16_R1_2008_01-04_ORIG_MID--AUDIO_16_R1_2008_wav--2.midi
unlabeled,dataset/maestro-v3.0.0/2011/MIDI-Unprocessed_01_R1_2011_MID--AUDIO_R1-D1_04_Track04_wav.wav,dataset/maestro-v3.0.0/2011/MIDI-Unprocessed_01_R1_2011_MID--AUDIO_R1-D1_04_Track04_wav.midi
unlabeled,dataset/maestro-v3.0.0/2011/MIDI-Unprocessed_12_R1_2011_MID--AUDIO_R1-D4_13_Track13_wav.wav,dataset/maestro-v3.0.0/2011/MIDI-Unprocessed_12_R1_2011_MID--AUDIO_R1-D4_13_Track13_wav.midi
unlabeled,dataset/maestro-v3.0.0/2017/MIDI-Unprocessed_054_PIANO054_MID--AUDIO-split_07-07-17_Piano-e_1-02_wav--2.wav,dataset/maestro-v3.0.0/2017/MIDI-Unprocessed_054_PIANO054_MID--AUDIO-split_07-07-17_Piano-e_1-02_wav--2.midi
unlabeled,dataset/maestro-v3.0.0/2018/MIDI-Unprocessed_Recital5-7_MID--AUDIO_07_R1_2018_wav--1.wav,dataset/maestro-v3.0.0/2018/MIDI-Unprocessed_Recital5-7_MID--AUDIO_07_R1_2018_wav--1.midi
unlabeled,dataset/maestro-v3.0.0/2015/MIDI-Unprocessed_R1_D1-1-8_mid--AUDIO-from_mp3_02_R1_2015_wav--2.wav,dataset/maestro-v3.0.0/2015/MIDI-Unprocessed_R1_D1-1-8_mid--AUDIO-from_mp3_02_R1_2015_wav--2.midi
unlabeled,dataset/maestro-v3.0.0/2018/MIDI-Unprocessed_Recital9-11_MID--AUDIO_10_R1_2018_wav--1.wav,dataset/maestro-v3.0.0/2018/MIDI-Unprocessed_Recital9-11_MID--AUDIO_10_R1_2018_wav--1.midi
unlabeled,dataset/maestro-v3.0.0/2015/MIDI-Unprocessed_R1_D2-13-20_mid--AUDIO-from_mp3_19_R1_2015_wav--4.wav,dataset/maestro-v3.0.0/2015/MIDI-Unprocessed_R1_D2-13-20_mid--AUDIO-from_mp3_19_R1_2015_wav--4.midi
unlabeled,dataset/maestro-v3.0.0/2018/MIDI-Unprocessed_Recital13-15_MID--AUDIO_14_R1_2018_wav--4.wav,dataset/maestro-v3.0.0/2018/MIDI-Unprocessed_Recital13-15_MID--AUDIO_14_R1_2018_wav--4.midi
unlabeled,dataset/maestro-v3.0.0/2009/MIDI-Unprocessed_10_R1_2009_03-05_ORIG_MID--AUDIO_10_R1_2009_10_R1_2009_04_WAV.wav,dataset/maestro-v3.0.0/2009/MIDI-Unprocessed_10_R1_2009_03-05_ORIG_MID--AUDIO_10_R1_2009_10_R1_2009_04_WAV.midi
unlabeled,dataset/maestro-v3.0.0/2006/MIDI-Unprocessed_11_R1_2006_01-06_ORIG_MID--AUDIO_11_R1_2006_02_Track02_wav.wav,dataset/maestro-v3.0.0/2006/MIDI-Unprocessed_11_R1_2006_01-06_ORIG_MID--AUDIO_11_R1_2006_02_Track02_wav.midi
unlabeled,dataset/maestro-v3.0.0/2014/MIDI-UNPROCESSED_04-08-12_R3_2014_MID--AUDIO_12_R3_2014_wav--1.wav,dataset/maestro-v3.0.0/2014/MIDI-UNPROCESSED_04-08-12_R3_2014_MID--AUDIO_12_R3_2014_wav--1.midi
unlabeled,dataset/maestro-v3.0.0/2009/MIDI-Unprocessed_10_R1_2009_01-02_ORIG_MID--AUDIO_10_R1_2009_10_R1_2009_02_WAV.wav,dataset/maestro-v3.0.0/2009/MIDI-Unprocessed_10_R1_2009_01-02_ORIG_MID--AUDIO_10_R1_2009_10_R1_2009_02_WAV.midi
unlabeled,dataset/maestro-v3.0.0/2014/MIDI-UNPROCESSED_14-15_R1_2014_MID--AUDIO_15_R1_2014_wav--1.wav,dataset/maestro-v3.0.0/2014/MIDI-UNPROCESSED_14-15_R1_2014_MID--AUDIO_15_R1_2014_wav--1.midi
unlabeled,dataset/maestro-v3.0.0/2011/MIDI-Unprocessed_19_R1_2011_MID--AUDIO_R1-D7_13_Track13_wav.wav,dataset/maestro-v3.0.0/2011/MIDI-Unprocessed_19_R1_2011_MID--AUDIO_R1-D7_13_Track13_wav.midi
unlabeled,dataset/maestro-v3.0.0/2011/MIDI-Unprocessed_08_R1_2011_MID--AUDIO_R1-D3_08_Track08_wav.wav,dataset/maestro-v3.0.0/2011/MIDI-Unprocessed_08_R1_2011_MID--AUDIO_R1-D3_08_Track08_wav.midi
unlabeled,dataset/maestro-v3.0.0/2011/MIDI-Unprocessed_15_R1_2011_MID--AUDIO_R1-D6_08_Track08_wav.wav,dataset/maestro-v3.0.0/2011/MIDI-Unprocessed_15_R1_2011_MID--AUDIO_R1-D6_08_Track08_wav.midi
unlabeled,dataset/maestro-v3.0.0/2013/ORIG-MIDI_02_7_6_13_Group__MID--AUDIO_08_R1_2013_wav--2.wav,dataset/maestro-v3.0.0/2013/ORIG-MIDI_02_7_6_13_Group__MID--AUDIO_08_R1_2013_wav--2.midi
unlabeled,dataset/maestro-v3.0.0/2017/MIDI-Unprocessed_050_PIANO050_MID--AUDIO-split_07-06-17_Piano-e_3-01_wav--2.wav,dataset/maestro-v3.0.0/2017/MIDI-Unprocessed_050_PIANO050_MID--AUDIO-split_07-06-17_Piano-e_3-01_wav--2.midi
unlabeled,dataset/maestro-v3.0.0/2017/MIDI-Unprocessed_053_PIANO053_MID--AUDIO-split_07-06-17_Piano-e_3-04_wav--3.wav,dataset/maestro-v3.0.0/2017/MIDI-Unprocessed_053_PIANO053_MID--AUDIO-split_07-06-17_Piano-e_3-04_wav--3.midi
unlabeled,dataset/maestro-v3.0.0/2017/MIDI-Unprocessed_055_PIANO055_MID--AUDIO-split_07-07-17_Piano-e_1-04_wav--2.wav,dataset/maestro-v3.0.0/2017/MIDI-Unprocessed_055_PIANO055_MID--AUDIO-split_07-07-17_Piano-e_1-04_wav--2.midi
unlabeled,dataset/maestro-v3.0.0/2017/MIDI-Unprocessed_057_PIANO057_MID--AUDIO-split_07-07-17_Piano-e_1-07_wav--2.wav,dataset/maestro-v3.0.0/2017/MIDI-Unprocessed_057_PIANO057_MID--AUDIO-split_07-07-17_Piano-e_1-07_wav--2.midi
unlabeled,dataset/maestro-v3.0.0/2009/MIDI-Unprocessed_11_R1_2009_01-05_ORIG_MID--AUDIO_11_R1_2009_11_R1_2009_01_WAV.wav,dataset/maestro-v3.0.0/2009/MIDI-Unprocessed_11_R1_2009_01-05_ORIG_MID--AUDIO_11_R1_2009_11_R1_2009_01_WAV.midi
unlabeled,dataset/maestro-v3.0.0/2018/MIDI-Unprocessed_Recital17-19_MID--AUDIO_18_R1_2018_wav--1.wav,dataset/maestro-v3.0.0/2018/MIDI-Unprocessed_Recital17-19_MID--AUDIO_18_R1_2018_wav--1.midi
unlabeled,dataset/maestro-v3.0.0/2011/MIDI-Unprocessed_11_R1_2011_MID--AUDIO_R1-D4_08_Track08_wav.wav,dataset/maestro-v3.0.0/2011/MIDI-Unprocessed_11_R1_2011_MID--AUDIO_R1-D4_08_Track08_wav.midi
unlabeled,dataset/maestro-v3.0.0/2011/MIDI-Unprocessed_13_R1_2011_MID--AUDIO_R1-D5_04_Track04_wav.wav,dataset/maestro-v3.0.0/2011/MIDI-Unprocessed_13_R1_2011_MID--AUDIO_R1-D5_04_Track04_wav.midi
unlabeled,dataset/maestro-v3.0.0/2011/MIDI-Unprocessed_18_R1_2011_MID--AUDIO_R1-D7_08_Track08_wav.wav,dataset/maestro-v3.0.0/2011/MIDI-Unprocessed_18_R1_2011_MID--AUDIO_R1-D7_08_Track08_wav.midi
unlabeled,dataset/maestro-v3.0.0/2013/ORIG-MIDI_01_7_6_13_Group__MID--AUDIO_03_R1_2013_wav--2.wav,dataset/maestro-v3.0.0/2013/ORIG-MIDI_01_7_6_13_Group__MID--AUDIO_03_R1_2013_wav--2.midi
unlabeled,dataset/maestro-v3.0.0/2008/MIDI-Unprocessed_15_R1_2008_01-04_ORIG_MID--AUDIO_15_R1_2008_wav--2.wav,dataset/maestro-v3.0.0/2008/MIDI-Unprocessed_15_R1_2008_01-04_ORIG_MID--AUDIO_15_R1_2008_wav--2.midi
unlabeled,dataset/maestro-v3.0.0/2015/MIDI-Unprocessed_R1_D1-1-8_mid--AUDIO-from_mp3_07_R1_2015_wav--2.wav,dataset/maestro-v3.0.0/2015/MIDI-Unprocessed_R1_D1-1-8_mid--AUDIO-from_mp3_07_R1_2015_wav--2.midi
unlabeled,dataset/maestro-v3.0.0/2015/MIDI-Unprocessed_R1_D1-1-8_mid--AUDIO-from_mp3_08_R1_2015_wav--2.wav,dataset/maestro-v3.0.0/2015/MIDI-Unprocessed_R1_D1-1-8_mid--AUDIO-from_mp3_08_R1_2015_wav--2.midi
unlabeled,dataset/maestro-v3.0.0/2013/ORIG-MIDI_02_7_6_13_Group__MID--AUDIO_05_R1_2013_wav--2.wav,dataset/maestro-v3.0.0/2013/ORIG-MIDI_02_7_6_13_Group__MID--AUDIO_05_R1_2013_wav--2.midi
unlabeled,dataset/maestro-v3.0.0/2014/MIDI-UNPROCESSED_01-03_R1_2014_MID--AUDIO_03_R1_2014_wav--3.wav,dataset/maestro-v3.0.0/2014/MIDI-UNPROCESSED_01-03_R1_2014_MID--AUDIO_03_R1_2014_wav--3.midi
unlabeled,dataset/maestro-v3.0.0/2017/MIDI-Unprocessed_041_PIANO041_MID--AUDIO-split_07-06-17_Piano-e_1-01_wav--2.wav,dataset/maestro-v3.0.0/2017/MIDI-Unprocessed_041_PIANO041_MID--AUDIO-split_07-06-17_Piano-e_1-01_wav--2.midi
unlabeled,dataset/maestro-v3.0.0/2017/MIDI-Unprocessed_043_PIANO043_MID--AUDIO-split_07-06-17_Piano-e_1-03_wav--2.wav,dataset/maestro-v3.0.0/2017/MIDI-Unprocessed_043_PIANO043_MID--AUDIO-split_07-06-17_Piano-e_1-03_wav--2.midi
unlabeled,dataset/maestro-v3.0.0/2017/MIDI-Unprocessed_048_PIANO048_MID--AUDIO-split_07-06-17_Piano-e_2-05_wav--2.wav,dataset/maestro-v3.0.0/2017/MIDI-Unprocessed_048_PIANO048_MID--AUDIO-split_07-06-17_Piano-e_2-05_wav--2.midi
unlabeled,dataset/maestro-v3.0.0/2017/MIDI-Unprocessed_056_PIANO056_MID--AUDIO-split_07-07-17_Piano-e_1-05_wav--3.wav,dataset/maestro-v3.0.0/2017/MIDI-Unprocessed_056_PIANO056_MID--AUDIO-split_07-07-17_Piano-e_1-05_wav--3.midi
unlabeled,dataset/maestro-v3.0.0/2017/MIDI-Unprocessed_059_PIANO059_MID--AUDIO-split_07-07-17_Piano-e_2-03_wav--2.wav,dataset/maestro-v3.0.0/2017/MIDI-Unprocessed_059_PIANO059_MID--AUDIO-split_07-07-17_Piano-e_2-03_wav--2.midi
unlabeled,dataset/maestro-v3.0.0/2017/MIDI-Unprocessed_062_PIANO062_MID--AUDIO-split_07-07-17_Piano-e_2-07_wav--1.wav,dataset/maestro-v3.0.0/2017/MIDI-Unprocessed_062_PIANO062_MID--AUDIO-split_07-07-17_Piano-e_2-07_wav--1.midi
unlabeled,dataset/maestro-v3.0.0/2008/MIDI-Unprocessed_03_R1_2008_01-04_ORIG_MID--AUDIO_03_R1_2008_wav--2.wav,dataset/maestro-v3.0.0/2008/MIDI-Unprocessed_03_R1_2008_01-04_ORIG_MID--AUDIO_03_R1_2008_wav--2.midi
unlabeled,dataset/maestro-v3.0.0/2015/MIDI-Unprocessed_R1_D1-9-12_mid--AUDIO-from_mp3_10_R1_2015_wav--3.wav,dataset/maestro-v3.0.0/2015/MIDI-Unprocessed_R1_D1-9-12_mid--AUDIO-from_mp3_10_R1_2015_wav--3.midi
unlabeled,dataset/maestro-v3.0.0/2011/MIDI-Unprocessed_12_R2_2011_MID--AUDIO_R2-D4_03_Track03_wav.wav,dataset/maestro-v3.0.0/2011/MIDI-Unprocessed_12_R2_2011_MID--AUDIO_R2-D4_03_Track03_wav.midi
unlabeled,dataset/maestro-v3.0.0/2011/MIDI-Unprocessed_20_R1_2011_MID--AUDIO_R1-D8_04_Track04_wav.wav,dataset/maestro-v3.0.0/2011/MIDI-Unprocessed_20_R1_2011_MID--AUDIO_R1-D8_04_Track04_wav.midi
unlabeled,dataset/maestro-v3.0.0/2011/MIDI-Unprocessed_25_R1_2011_MID--AUDIO_R1-D9_15_Track15_wav.wav,dataset/maestro-v3.0.0/2011/MIDI-Unprocessed_25_R1_2011_MID--AUDIO_R1-D9_15_Track15_wav.midi
unlabeled,dataset/maestro-v3.0.0/2011/MIDI-Unprocessed_21_R1_2011_MID--AUDIO_R1-D8_08_Track08_wav.wav,dataset/maestro-v3.0.0/2011/MIDI-Unprocessed_21_R1_2011_MID--AUDIO_R1-D8_08_Track08_wav.midi
unlabeled,dataset/maestro-v3.0.0/2017/MIDI-Unprocessed_045_PIANO045_MID--AUDIO-split_07-06-17_Piano-e_2-01_wav--2.wav,dataset/maestro-v3.0.0/2017/MIDI-Unprocessed_045_PIANO045_MID--AUDIO-split_07-06-17_Piano-e_2-01_wav--2.midi
unlabeled,dataset/maestro-v3.0.0/2008/MIDI-Unprocessed_11_R1_2008_01-04_ORIG_MID--AUDIO_11_R1_2008_wav--2.wav,dataset/maestro-v3.0.0/2008/MIDI-Unprocessed_11_R1_2008_01-04_ORIG_MID--AUDIO_11_R1_2008_wav--2.midi
unlabeled,dataset/maestro-v3.0.0/2011/MIDI-Unprocessed_24_R1_2011_MID--AUDIO_R1-D9_09_Track09_wav.wav,dataset/maestro-v3.0.0/2011/MIDI-Unprocessed_24_R1_2011_MID--AUDIO_R1-D9_09_Track09_wav.midi
unlabeled,dataset/maestro-v3.0.0/2008/MIDI-Unprocessed_01_R1_2008_01-04_ORIG_MID--AUDIO_01_R1_2008_wav--2.wav,dataset/maestro-v3.0.0/2008/MIDI-Unprocessed_01_R1_2008_01-04_ORIG_MID--AUDIO_01_R1_2008_wav--2.midi
unlabeled,dataset/maestro-v3.0.0/2004/MIDI-Unprocessed_XP_09_R1_2004_01-02_ORIG_MID--AUDIO_09_R1_2004_02_Track02_wav.wav,dataset/maestro-v3.0.0/2004/MIDI-Unprocessed_XP_09_R1_2004_01-02_ORIG_MID--AUDIO_09_R1_2004_02_Track02_wav.midi
unlabeled,dataset/maestro-v3.0.0/2004/MIDI-Unprocessed_XP_09_R1_2004_01-02_ORIG_MID--AUDIO_09_R1_2004_03_Track03_wav.wav,dataset/maestro-v3.0.0/2004/MIDI-Unprocessed_XP_09_R1_2004_01-02_ORIG_MID--AUDIO_09_R1_2004_03_Track03_wav.midi
unlabeled,dataset/maestro-v3.0.0/2011/MIDI-Unprocessed_16_R1_2011_MID--AUDIO_R1-D6_14_Track14_wav.wav,dataset/maestro-v3.0.0/2011/MIDI-Unprocessed_16_R1_2011_MID--AUDIO_R1-D6_14_Track14_wav.midi
unlabeled,dataset/maestro-v3.0.0/2011/MIDI-Unprocessed_17_R1_2011_MID--AUDIO_R1-D7_03_Track03_wav.wav,dataset/maestro-v3.0.0/2011/MIDI-Unprocessed_17_R1_2011_MID--AUDIO_R1-D7_03_Track03_wav.midi
unlabeled,dataset/maestro-v3.0.0/2015/MIDI-Unprocessed_R1_D2-21-22_mid--AUDIO-from_mp3_22_R1_2015_wav--2.wav,dataset/maestro-v3.0.0/2015/MIDI-Unprocessed_R1_D2-21-22_mid--AUDIO-from_mp3_22_R1_2015_wav--2.midi
unlabeled,dataset/maestro-v3.0.0/2014/MIDI-UNPROCESSED_11-13_R1_2014_MID--AUDIO_13_R1_2014_wav--3.wav,dataset/maestro-v3.0.0/2014/MIDI-UNPROCESSED_11-13_R1_2014_MID--AUDIO_13_R1_2014_wav--3.midi
unlabeled,dataset/maestro-v3.0.0/2014/MIDI-UNPROCESSED_16-18_R1_2014_MID--AUDIO_17_R1_2014_wav--1.wav,dataset/maestro-v3.0.0/2014/MIDI-UNPROCESSED_16-18_R1_2014_MID--AUDIO_17_R1_2014_wav--1.midi
unlabeled,dataset/maestro-v3.0.0/2014/MIDI-UNPROCESSED_16-18_R1_2014_MID--AUDIO_18_R1_2014_wav--2.wav,dataset/maestro-v3.0.0/2014/MIDI-UNPROCESSED_16-18_R1_2014_MID--AUDIO_18_R1_2014_wav--2.midi
unlabeled,dataset/maestro-v3.0.0/2018/MIDI-Unprocessed_Recital13-15_MID--AUDIO_14_R1_2018_wav--2.wav,dataset/maestro-v3.0.0/2018/MIDI-Unprocessed_Recital13-15_MID--AUDIO_14_R1_2018_wav--2.midi
unlabeled,dataset/maestro-v3.0.0/2018/MIDI-Unprocessed_Recital17-19_MID--AUDIO_19_R1_2018_wav--2.wav,dataset/maestro-v3.0.0/2018/MIDI-Unprocessed_Recital17-19_MID--AUDIO_19_R1_2018_wav--2.midi
unlabeled,dataset/maestro-v3.0.0/2014/MIDI-UNPROCESSED_06-08_R1_2014_MID--AUDIO_06_R1_2014_wav--3.wav,dataset/maestro-v3.0.0/2014/MIDI-UNPROCESSED_06-08_R1_2014_MID--AUDIO_06_R1_2014_wav--3.midi
unlabeled,dataset/maestro-v3.0.0/2018/MIDI-Unprocessed_Recital9-11_MID--AUDIO_10_R1_2018_wav--2.wav,dataset/maestro-v3.0.0/2018/MIDI-Unprocessed_Recital9-11_MID--AUDIO_10_R1_2018_wav--2.midi
unlabeled,dataset/maestro-v3.0.0/2014/MIDI-UNPROCESSED_01-03_R1_2014_MID--AUDIO_02_R1_2014_wav--2.wav,dataset/maestro-v3.0.0/2014/MIDI-UNPROCESSED_01-03_R1_2014_MID--AUDIO_02_R1_2014_wav--2.midi
unlabeled,dataset/maestro-v3.0.0/2011/MIDI-Unprocessed_14_R1_2011_MID--AUDIO_R1-D6_03_Track03_wav.wav,dataset/maestro-v3.0.0/2011/MIDI-Unprocessed_14_R1_2011_MID--AUDIO_R1-D6_03_Track03_wav.midi
unlabeled,dataset/maestro-v3.0.0/2009/MIDI-Unprocessed_06_R1_2009_01-02_ORIG_MID--AUDIO_06_R1_2009_06_R1_2009_02_WAV.wav,dataset/maestro-v3.0.0/2009/MIDI-Unprocessed_06_R1_2009_01-02_ORIG_MID--AUDIO_06_R1_2009_06_R1_2009_02_WAV.midi
unlabeled,dataset/maestro-v3.0.0/2014/MIDI-UNPROCESSED_19-20_R1_2014_MID--AUDIO_19_R1_2014_wav--2.wav,dataset/maestro-v3.0.0/2014/MIDI-UNPROCESSED_19-20_R1_2014_MID--AUDIO_19_R1_2014_wav--2.midi
unlabeled,dataset/maestro-v3.0.0/2018/MIDI-Unprocessed_Recital13-15_MID--AUDIO_15_R1_2018_wav--3.wav,dataset/maestro-v3.0.0/2018/MIDI-Unprocessed_Recital13-15_MID--AUDIO_15_R1_2018_wav--3.midi
unlabeled,dataset/maestro-v3.0.0/2013/ORIG-MIDI_01_7_6_13_Group__MID--AUDIO_01_R1_2013_wav--2.wav,dataset/maestro-v3.0.0/2013/ORIG-MIDI_01_7_6_13_Group__MID--AUDIO_01_R1_2013_wav--2.midi
unlabeled,dataset/maestro-v3.0.0/2013/ORIG-MIDI_01_7_6_13_Group__MID--AUDIO_02_R1_2013_wav--2.wav,dataset/maestro-v3.0.0/2013/ORIG-MIDI_01_7_6_13_Group__MID--AUDIO_02_R1_2013_wav--2.midi
unlabeled,dataset/maestro-v3.0.0/2011/MIDI-Unprocessed_22_R1_2011_MID--AUDIO_R1-D8_13_Track13_wav.wav,dataset/maestro-v3.0.0/2011/MIDI-Unprocessed_22_R1_2011_MID--AUDIO_R1-D8_13_Track13_wav.midi
unlabeled,dataset/maestro-v3.0.0/2015/MIDI-Unprocessed_R1_D2-13-20_mid--AUDIO-from_mp3_17_R1_2015_wav--2.wav,dataset/maestro-v3.0.0/2015/MIDI-Unprocessed_R1_D2-13-20_mid--AUDIO-from_mp3_17_R1_2015_wav--2.midi
unlabeled,dataset/maestro-v3.0.0/2017/MIDI-Unprocessed_060_PIANO060_MID--AUDIO-split_07-07-17_Piano-e_2-04_wav--4.wav,dataset/maestro-v3.0.0/2017/MIDI-Unprocessed_060_PIANO060_MID--AUDIO-split_07-07-17_Piano-e_2-04_wav--4.midi
unlabeled,dataset/maestro-v3.0.0/2017/MIDI-Unprocessed_061_PIANO061_MID--AUDIO-split_07-07-17_Piano-e_2-05_wav--2.wav,dataset/maestro-v3.0.0/2017/MIDI-Unprocessed_061_PIANO061_MID--AUDIO-split_07-07-17_Piano-e_2-05_wav--2.midi
unlabeled,dataset/maestro-v3.0.0/2018/MIDI-Unprocessed_Recital1-3_MID--AUDIO_03_R1_2018_wav--1.wav,dataset/maestro-v3.0.0/2018/MIDI-Unprocessed_Recital1-3_MID--AUDIO_03_R1_2018_wav--1.midi
unlabeled,dataset/maestro-v3.0.0/2013/ORIG-MIDI_02_7_6_13_Group__MID--AUDIO_06_R1_2013_wav--1.wav,dataset/maestro-v3.0.0/2013/ORIG-MIDI_02_7_6_13_Group__MID--AUDIO_06_R1_2013_wav--1.midi
unlabeled,dataset/maestro-v3.0.0/2013/ORIG-MIDI_01_7_7_13_Group__MID--AUDIO_13_R1_2013_wav--2.wav,dataset/maestro-v3.0.0/2013/ORIG-MIDI_01_7_7_13_Group__MID--AUDIO_13_R1_2013_wav--2.midi
unlabeled,dataset/maestro-v3.0.0/2011/MIDI-Unprocessed_06_R1_2011_MID--AUDIO_R1-D2_15_Track15_wav.wav,dataset/maestro-v3.0.0/2011/MIDI-Unprocessed_06_R1_2011_MID--AUDIO_R1-D2_15_Track15_wav.midi
unlabeled,dataset/maestro-v3.0.0/2017/MIDI-Unprocessed_047_PIANO047_MID--AUDIO-split_07-06-17_Piano-e_2-04_wav--1.wav,dataset/maestro-v3.0.0/2017/MIDI-Unprocessed_047_PIANO047_MID--AUDIO-split_07-06-17_Piano-e_2-04_wav--1.midi
unlabeled,dataset/maestro-v3.0.0/2017/MIDI-Unprocessed_067_PIANO067_MID--AUDIO-split_07-07-17_Piano-e_3-03_wav--2.wav,dataset/maestro-v3.0.0/2017/MIDI-Unprocessed_067_PIANO067_MID--AUDIO-split_07-07-17_Piano-e_3-03_wav--2.midi
unlabeled,dataset/maestro-v3.0.0/2006/MIDI-Unprocessed_10_R1_2006_01-04_ORIG_MID--AUDIO_10_R1_2006_02_Track02_wav.wav,dataset/maestro-v3.0.0/2006/MIDI-Unprocessed_10_R1_2006_01-04_ORIG_MID--AUDIO_10_R1_2006_02_Track02_wav.midi
unlabeled,dataset/maestro-v3.0.0/2006/MIDI-Unprocessed_21_R1_2006_01-04_ORIG_MID--AUDIO_21_R1_2006_02_Track02_wav.wav,dataset/maestro-v3.0.0/2006/MIDI-Unprocessed_21_R1_2006_01-04_ORIG_MID--AUDIO_21_R1_2006_02_Track02_wav.midi
unlabeled,dataset/maestro-v3.0.0/2006/MIDI-Unprocessed_13_R1_2006_01-06_ORIG_MID--AUDIO_13_R1_2006_02_Track02_wav.wav,dataset/maestro-v3.0.0/2006/MIDI-Unprocessed_13_R1_2006_01-06_ORIG_MID--AUDIO_13_R1_2006_02_Track02_wav.midi
unlabeled,dataset/maestro-v3.0.0/2004/MIDI-Unprocessed_XP_15_R1_2004_01-02_ORIG_MID--AUDIO_15_R1_2004_01_Track01_wav.wav,dataset/maestro-v3.0.0/2004/MIDI-Unprocessed_XP_15_R1_2004_01-02_ORIG_MID--AUDIO_15_R1_2004_01_Track01_wav.midi
unlabeled,dataset/maestro-v3.0.0/2006/MIDI-Unprocessed_05_R1_2006_01-05_ORIG_MID--AUDIO_05_R1_2006_01_Track01_wav.wav,dataset/maestro-v3.0.0/2006/MIDI-Unprocessed_05_R1_2006_01-05_ORIG_MID--AUDIO_05_R1_2006_01_Track01_wav.midi
unlabeled,dataset/maestro-v3.0.0/2004/MIDI-Unprocessed_SMF_17_R1_2004_01-03_ORIG_MID--AUDIO_17_R1_2004_02_Track02_wav--2.wav,dataset/maestro-v3.0.0/2004/MIDI-Unprocessed_SMF_17_R1_2004_01-03_ORIG_MID--AUDIO_17_R1_2004_02_Track02_wav--2.midi
unlabeled,dataset/maestro-v3.0.0/2004/MIDI-Unprocessed_SMF_17_R1_2004_01-03_ORIG_MID--AUDIO_17_R1_2004_03_Track03_wav.wav,dataset/maestro-v3.0.0/2004/MIDI-Unprocessed_SMF_17_R1_2004_01-03_ORIG_MID--AUDIO_17_R1_2004_03_Track03_wav.midi
unlabeled,dataset/maestro-v3.0.0/2004/MIDI-Unprocessed_XP_01_R1_2004_01-02_ORIG_MID--AUDIO_01_R1_2004_02_Track02_wav.wav,dataset/maestro-v3.0.0/2004/MIDI-Unprocessed_XP_01_R1_2004_01-02_ORIG_MID--AUDIO_01_R1_2004_02_Track02_wav.midi
unlabeled,dataset/maestro-v3.0.0/2004/MIDI-Unprocessed_XP_01_R1_2004_01-02_ORIG_MID--AUDIO_01_R1_2004_03_Track03_wav.wav,dataset/maestro-v3.0.0/2004/MIDI-Unprocessed_XP_01_R1_2004_01-02_ORIG_MID--AUDIO_01_R1_2004_03_Track03_wav.midi
unlabeled,dataset/maestro-v3.0.0/2009/MIDI-Unprocessed_21_R1_2009_01-03_ORIG_MID--AUDIO_21_R1_2009_21_R1_2009_01_WAV.wav,dataset/maestro-v3.0.0/2009/MIDI-Unprocessed_21_R1_2009_01-03_ORIG_MID--AUDIO_21_R1_2009_21_R1_2009_01_WAV.midi
unlabeled,dataset/maestro-v3.0.0/2004/MIDI-Unprocessed_SMF_22_R1_2004_01-04_ORIG_MID--AUDIO_22_R1_2004_10_Track10_wav.wav,dataset/maestro-v3.0.0/2004/MIDI-Unprocessed_SMF_22_R1_2004_01-04_ORIG_MID--AUDIO_22_R1_2004_10_Track10_wav.midi
unlabeled,dataset/maestro-v3.0.0/2018/MIDI-Unprocessed_Recital5-7_MID--AUDIO_06_R1_2018_wav--2.wav,dataset/maestro-v3.0.0/2018/MIDI-Unprocessed_Recital5-7_MID--AUDIO_06_R1_2018_wav--2.midi
unlabeled,dataset/maestro-v3.0.0/2004/MIDI-Unprocessed_XP_21_R1_2004_02_ORIG_MID--AUDIO_21_R1_2004_02_Track02_wav.wav,dataset/maestro-v3.0.0/2004/MIDI-Unprocessed_XP_21_R1_2004_02_ORIG_MID--AUDIO_21_R1_2004_02_Track02_wav.midi
unlabeled,dataset/maestro-v3.0.0/2004/MIDI-Unprocessed_XP_21_R1_2004_02_ORIG_MID--AUDIO_21_R1_2004_03_Track03_wav.wav,dataset/maestro-v3.0.0/2004/MIDI-Unprocessed_XP_21_R1_2004_02_ORIG_MID--AUDIO_21_R1_2004_03_Track03_wav.midi
unlabeled,dataset/maestro-v3.0.0/2018/MIDI-Unprocessed_Recital5-7_MID--AUDIO_05_R1_2018_wav--1.wav,dataset/maestro-v3.0.0/2018/MIDI-Unprocessed_Recital5-7_MID--AUDIO_05_R1_2018_wav--1.midi
unlabeled,dataset/maestro-v3.0.0/2009/MIDI-Unprocessed_20_R1_2009_01-05_ORIG_MID--AUDIO_20_R1_2009_20_R1_2009_01_WAV.wav,dataset/maestro-v3.0.0/2009/MIDI-Unprocessed_20_R1_2009_01-05_ORIG_MID--AUDIO_20_R1_2009_20_R1_2009_01_WAV.midi
unlabeled,dataset/maestro-v3.0.0/2011/MIDI-Unprocessed_12_R3_2011_MID--AUDIO_R3-D4_03_Track03_wav.wav,dataset/maestro-v3.0.0/2011/MIDI-Unprocessed_12_R3_2011_MID--AUDIO_R3-D4_03_Track03_wav.midi
unlabeled,dataset/maestro-v3.0.0/2011/MIDI-Unprocessed_17_R3_2011_MID--AUDIO_R3-D6_02_Track02_wav.wav,dataset/maestro-v3.0.0/2011/MIDI-Unprocessed_17_R3_2011_MID--AUDIO_R3-D6_02_Track02_wav.midi
unlabeled,dataset/maestro-v3.0.0/2011/MIDI-Unprocessed_22_R3_2011_MID--AUDIO_R3-D7_03_Track03_wav.wav,dataset/maestro-v3.0.0/2011/MIDI-Unprocessed_22_R3_2011_MID--AUDIO_R3-D7_03_Track03_wav.midi
unlabeled,dataset/maestro-v3.0.0/2011/MIDI-Unprocessed_25_R3_2011_MID--AUDIO_R3-D9_04_Track04_wav.wav,dataset/maestro-v3.0.0/2011/MIDI-Unprocessed_25_R3_2011_MID--AUDIO_R3-D9_04_Track04_wav.midi
unlabeled,dataset/maestro-v3.0.0/2015/MIDI-Unprocessed_R2_D2-19-21-22_mid--AUDIO-from_mp3_19_R2_2015_wav--2.wav,dataset/maestro-v3.0.0/2015/MIDI-Unprocessed_R2_D2-19-21-22_mid--AUDIO-from_mp3_19_R2_2015_wav--2.midi
unlabeled,dataset/maestro-v3.0.0/2008/MIDI-Unprocessed_02_R3_2008_01-03_ORIG_MID--AUDIO_02_R3_2008_wav--1.wav,dataset/maestro-v3.0.0/2008/MIDI-Unprocessed_02_R3_2008_01-03_ORIG_MID--AUDIO_02_R3_2008_wav--1.midi
unlabeled,dataset/maestro-v3.0.0/2008/MIDI-Unprocessed_03_R3_2008_01-03_ORIG_MID--AUDIO_03_R3_2008_wav--1.wav,dataset/maestro-v3.0.0/2008/MIDI-Unprocessed_03_R3_2008_01-03_ORIG_MID--AUDIO_03_R3_2008_wav--1.midi
unlabeled,dataset/maestro-v3.0.0/2008/MIDI-Unprocessed_04_R3_2008_01-07_ORIG_MID--AUDIO_04_R3_2008_wav--1.wav,dataset/maestro-v3.0.0/2008/MIDI-Unprocessed_04_R3_2008_01-07_ORIG_MID--AUDIO_04_R3_2008_wav--1.midi
unlabeled,dataset/maestro-v3.0.0/2008/MIDI-Unprocessed_09_R3_2008_01-07_ORIG_MID--AUDIO_09_R3_2008_wav--4.wav,dataset/maestro-v3.0.0/2008/MIDI-Unprocessed_09_R3_2008_01-07_ORIG_MID--AUDIO_09_R3_2008_wav--4.midi
unlabeled,dataset/maestro-v3.0.0/2008/MIDI-Unprocessed_12_R3_2008_01-04_ORIG_MID--AUDIO_12_R3_2008_wav--1.wav,dataset/maestro-v3.0.0/2008/MIDI-Unprocessed_12_R3_2008_01-04_ORIG_MID--AUDIO_12_R3_2008_wav--1.midi
unlabeled,dataset/maestro-v3.0.0/2015/MIDI-Unprocessed_R2_D2-12-13-15_mid--AUDIO-from_mp3_12_R2_2015_wav--1.wav,dataset/maestro-v3.0.0/2015/MIDI-Unprocessed_R2_D2-12-13-15_mid--AUDIO-from_mp3_12_R2_2015_wav--1.midi
unlabeled,dataset/maestro-v3.0.0/2015/MIDI-Unprocessed_R2_D2-19-21-22_mid--AUDIO-from_mp3_21_R2_2015_wav--2.wav,dataset/maestro-v3.0.0/2015/MIDI-Unprocessed_R2_D2-19-21-22_mid--AUDIO-from_mp3_21_R2_2015_wav--2.midi
unlabeled,dataset/maestro-v3.0.0/2015/MIDI-Unprocessed_R2_D2-19-21-22_mid--AUDIO-from_mp3_22_R2_2015_wav--2.wav,dataset/maestro-v3.0.0/2015/MIDI-Unprocessed_R2_D2-19-21-22_mid--AUDIO-from_mp3_22_R2_2015_wav--2.midi
unlabeled,dataset/maestro-v3.0.0/2013/ORIG-MIDI_01_7_10_13_Group_MID--AUDIO_07_R3_2013_wav--2.wav,dataset/maestro-v3.0.0/2013/ORIG-MIDI_01_7_10_13_Group_MID--AUDIO_07_R3_2013_wav--2.midi
unlabeled,dataset/maestro-v3.0.0/2013/ORIG-MIDI_01_7_10_13_Group_MID--AUDIO_08_R3_2013_wav--1.wav,dataset/maestro-v3.0.0/2013/ORIG-MIDI_01_7_10_13_Group_MID--AUDIO_08_R3_2013_wav--1.midi
unlabeled,dataset/maestro-v3.0.0/2013/ORIG-MIDI_02_7_10_13_Group_MID--AUDIO_12_R3_2013_wav--1.wav,dataset/maestro-v3.0.0/2013/ORIG-MIDI_02_7_10_13_Group_MID--AUDIO_12_R3_2013_wav--1.midi
unlabeled,dataset/maestro-v3.0.0/2017/MIDI-Unprocessed_071_PIANO071_MID--AUDIO-split_07-08-17_Piano-e_1-04_wav--1.wav,dataset/maestro-v3.0.0/2017/MIDI-Unprocessed_071_PIANO071_MID--AUDIO-split_07-08-17_Piano-e_1-04_wav--1.midi
unlabeled,dataset/maestro-v3.0.0/2017/MIDI-Unprocessed_073_PIANO073_MID--AUDIO-split_07-08-17_Piano-e_2-02_wav--1.wav,dataset/maestro-v3.0.0/2017/MIDI-Unprocessed_073_PIANO073_MID--AUDIO-split_07-08-17_Piano-e_2-02_wav--1.midi
unlabeled,dataset/maestro-v3.0.0/2017/MIDI-Unprocessed_075_PIANO075_MID--AUDIO-split_07-08-17_Piano-e_2-06_wav--2.wav,dataset/maestro-v3.0.0/2017/MIDI-Unprocessed_075_PIANO075_MID--AUDIO-split_07-08-17_Piano-e_2-06_wav--2.midi
unlabeled,dataset/maestro-v3.0.0/2017/MIDI-Unprocessed_078_PIANO078_MID--AUDIO-split_07-09-17_Piano-e_1-02_wav--1.wav,dataset/maestro-v3.0.0/2017/MIDI-Unprocessed_078_PIANO078_MID--AUDIO-split_07-09-17_Piano-e_1-02_wav--1.midi
unlabeled,dataset/maestro-v3.0.0/2017/MIDI-Unprocessed_079_PIANO079_MID--AUDIO-split_07-09-17_Piano-e_1-04_wav--3.wav,dataset/maestro-v3.0.0/2017/MIDI-Unprocessed_079_PIANO079_MID--AUDIO-split_07-09-17_Piano-e_1-04_wav--3.midi
unlabeled,dataset/maestro-v3.0.0/2017/MIDI-Unprocessed_080_PIANO080_MID--AUDIO-split_07-09-17_Piano-e_1-06_wav--2.wav,dataset/maestro-v3.0.0/2017/MIDI-Unprocessed_080_PIANO080_MID--AUDIO-split_07-09-17_Piano-e_1-06_wav--2.midi
unlabeled,dataset/maestro-v3.0.0/2017/MIDI-Unprocessed_082_PIANO082_MID--AUDIO-split_07-09-17_Piano-e_2_-04_wav--1.wav,dataset/maestro-v3.0.0/2017/MIDI-Unprocessed_082_PIANO082_MID--AUDIO-split_07-09-17_Piano-e_2_-04_wav--1.midi
unlabeled,dataset/maestro-v3.0.0/2013/ORIG-MIDI_02_7_10_13_Group_MID--AUDIO_14_R3_2013_wav--1.wav,dataset/maestro-v3.0.0/2013/ORIG-MIDI_02_7_10_13_Group_MID--AUDIO_14_R3_2013_wav--1.midi
unlabeled,dataset/maestro-v3.0.0/2015/MIDI-Unprocessed_R2_D1-2-3-6-7-8-11_mid--AUDIO-from_mp3_08_R2_2015_wav--1.wav,dataset/maestro-v3.0.0/2015/MIDI-Unprocessed_R2_D1-2-3-6-7-8-11_mid--AUDIO-from_mp3_08_R2_2015_wav--1.midi
unlabeled,dataset/maestro-v3.0.0/2015/MIDI-Unprocessed_R2_D1-2-3-6-7-8-11_mid--AUDIO-from_mp3_11_R2_2015_wav--1.wav,dataset/maestro-v3.0.0/2015/MIDI-Unprocessed_R2_D1-2-3-6-7-8-11_mid--AUDIO-from_mp3_11_R2_2015_wav--1.midi
unlabeled,dataset/maestro-v3.0.0/2008/MIDI-Unprocessed_02_R1_2008_01-05_ORIG_MID--AUDIO_02_R1_2008_wav--5.wav,dataset/maestro-v3.0.0/2008/MIDI-Unprocessed_02_R1_2008_01-05_ORIG_MID--AUDIO_02_R1_2008_wav--5.midi
unlabeled,dataset/maestro-v3.0.0/2008/MIDI-Unprocessed_06_R1_2008_01-04_ORIG_MID--AUDIO_06_R1_2008_wav--4.wav,dataset/maestro-v3.0.0/2008/MIDI-Unprocessed_06_R1_2008_01-04_ORIG_MID--AUDIO_06_R1_2008_wav--4.midi
unlabeled,dataset/maestro-v3.0.0/2011/MIDI-Unprocessed_03_R3_2011_MID--AUDIO_R3-D1_06_Track06_wav.wav,dataset/maestro-v3.0.0/2011/MIDI-Unprocessed_03_R3_2011_MID--AUDIO_R3-D1_06_Track06_wav.midi
unlabeled,dataset/maestro-v3.0.0/2006/MIDI-Unprocessed_04_R1_2006_01-04_ORIG_MID--AUDIO_04_R1_2006_04_Track04_wav.wav,dataset/maestro-v3.0.0/2006/MIDI-Unprocessed_04_R1_2006_01-04_ORIG_MID--AUDIO_04_R1_2006_04_Track04_wav.midi
unlabeled,dataset/maestro-v3.0.0/2006/MIDI-Unprocessed_18_R1_2006_01-05_ORIG_MID--AUDIO_18_R1_2006_05_Track05_wav.wav,dataset/maestro-v3.0.0/2006/MIDI-Unprocessed_18_R1_2006_01-05_ORIG_MID--AUDIO_18_R1_2006_05_Track05_wav.midi
unlabeled,dataset/maestro-v3.0.0/2004/MIDI-Unprocessed_XP_03_R1_2004_01-02_ORIG_MID--AUDIO_03_R1_2004_02_Track02_wav.wav,dataset/maestro-v3.0.0/2004/MIDI-Unprocessed_XP_03_R1_2004_01-02_ORIG_MID--AUDIO_03_R1_2004_02_Track02_wav.midi
unlabeled,dataset/maestro-v3.0.0/2004/MIDI-Unprocessed_XP_21_R1_2004_03_ORIG_MID--AUDIO_21_R1_2004_04_Track04_wav.wav,dataset/maestro-v3.0.0/2004/MIDI-Unprocessed_XP_21_R1_2004_03_ORIG_MID--AUDIO_21_R1_2004_04_Track04_wav.midi
unlabeled,dataset/maestro-v3.0.0/2018/MIDI-Unprocessed_Recital5-7_MID--AUDIO_07_R1_2018_wav--4.wav,dataset/maestro-v3.0.0/2018/MIDI-Unprocessed_Recital5-7_MID--AUDIO_07_R1_2018_wav--4.midi
unlabeled,dataset/maestro-v3.0.0/2018/MIDI-Unprocessed_Recital8_MID--AUDIO_08_R1_2018_wav--4.wav,dataset/maestro-v3.0.0/2018/MIDI-Unprocessed_Recital8_MID--AUDIO_08_R1_2018_wav--4.midi
unlabeled,dataset/maestro-v3.0.0/2009/MIDI-Unprocessed_18_R1_2009_01-03_ORIG_MID--AUDIO_18_R1_2009_18_R1_2009_02_WAV.wav,dataset/maestro-v3.0.0/2009/MIDI-Unprocessed_18_R1_2009_01-03_ORIG_MID--AUDIO_18_R1_2009_18_R1_2009_02_WAV.midi
unlabeled,dataset/maestro-v3.0.0/2006/MIDI-Unprocessed_18_R1_2006_01-05_ORIG_MID--AUDIO_18_R1_2006_01_Track01_wav.wav,dataset/maestro-v3.0.0/2006/MIDI-Unprocessed_18_R1_2006_01-05_ORIG_MID--AUDIO_18_R1_2006_01_Track01_wav.midi
unlabeled,dataset/maestro-v3.0.0/2011/MIDI-Unprocessed_10_R1_2011_MID--AUDIO_R1-D4_04_Track04_wav.wav,dataset/maestro-v3.0.0/2011/MIDI-Unprocessed_10_R1_2011_MID--AUDIO_R1-D4_04_Track04_wav.midi
unlabeled,dataset/maestro-v3.0.0/2009/MIDI-Unprocessed_15_R1_2009_01-02_ORIG_MID--AUDIO_15_R1_2009_15_R1_2009_01_WAV.wav,dataset/maestro-v3.0.0/2009/MIDI-Unprocessed_15_R1_2009_01-02_ORIG_MID--AUDIO_15_R1_2009_15_R1_2009_01_WAV.midi
unlabeled,dataset/maestro-v3.0.0/2006/MIDI-Unprocessed_15_R1_2006_01-05_ORIG_MID--AUDIO_15_R1_2006_01_Track01_wav.wav,dataset/maestro-v3.0.0/2006/MIDI-Unprocessed_15_R1_2006_01-05_ORIG_MID--AUDIO_15_R1_2006_01_Track01_wav.midi
unlabeled,dataset/maestro-v3.0.0/2013/ORIG-MIDI_02_7_6_13_Group__MID--AUDIO_07_R1_2013_wav--2.wav,dataset/maestro-v3.0.0/2013/ORIG-MIDI_02_7_6_13_Group__MID--AUDIO_07_R1_2013_wav--2.midi
unlabeled,dataset/maestro-v3.0.0/2008/MIDI-Unprocessed_16_R1_2008_01-04_ORIG_MID--AUDIO_16_R1_2008_wav--4.wav,dataset/maestro-v3.0.0/2008/MIDI-Unprocessed_16_R1_2008_01-04_ORIG_MID--AUDIO_16_R1_2008_wav--4.midi
unlabeled,dataset/maestro-v3.0.0/2009/MIDI-Unprocessed_03_R1_2009_03-08_ORIG_MID--AUDIO_03_R1_2009_03_R1_2009_05_WAV.wav,dataset/maestro-v3.0.0/2009/MIDI-Unprocessed_03_R1_2009_03-08_ORIG_MID--AUDIO_03_R1_2009_03_R1_2009_05_WAV.midi
unlabeled,dataset/maestro-v3.0.0/2017/MIDI-Unprocessed_078_PIANO078_MID--AUDIO-split_07-09-17_Piano-e_1-02_wav--3.wav,dataset/maestro-v3.0.0/2017/MIDI-Unprocessed_078_PIANO078_MID--AUDIO-split_07-09-17_Piano-e_1-02_wav--3.midi
unlabeled,dataset/maestro-v3.0.0/2014/MIDI-UNPROCESSED_09-10_R1_2014_MID--AUDIO_10_R1_2014_wav--5.wav,dataset/maestro-v3.0.0/2014/MIDI-UNPROCESSED_09-10_R1_2014_MID--AUDIO_10_R1_2014_wav--5.midi
unlabeled,dataset/maestro-v3.0.0/2018/MIDI-Unprocessed_Recital16_MID--AUDIO_16_R1_2018_wav--2.wav,dataset/maestro-v3.0.0/2018/MIDI-Unprocessed_Recital16_MID--AUDIO_16_R1_2018_wav--2.midi
unlabeled,dataset/maestro-v3.0.0/2006/MIDI-Unprocessed_13_R1_2006_01-06_ORIG_MID--AUDIO_13_R1_2006_01_Track01_wav.wav,dataset/maestro-v3.0.0/2006/MIDI-Unprocessed_13_R1_2006_01-06_ORIG_MID--AUDIO_13_R1_2006_01_Track01_wav.midi
unlabeled,dataset/maestro-v3.0.0/2008/MIDI-Unprocessed_08_R1_2008_01-05_ORIG_MID--AUDIO_08_R1_2008_wav--5.wav,dataset/maestro-v3.0.0/2008/MIDI-Unprocessed_08_R1_2008_01-05_ORIG_MID--AUDIO_08_R1_2008_wav--5.midi
unlabeled,dataset/maestro-v3.0.0/2018/MIDI-Unprocessed_Recital13-15_MID--AUDIO_15_R1_2018_wav--2.wav,dataset/maestro-v3.0.0/2018/MIDI-Unprocessed_Recital13-15_MID--AUDIO_15_R1_2018_wav--2.midi
unlabeled,dataset/maestro-v3.0.0/2018/MIDI-Unprocessed_Recital1-3_MID--AUDIO_02_R1_2018_wav--3.wav,dataset/maestro-v3.0.0/2018/MIDI-Unprocessed_Recital1-3_MID--AUDIO_02_R1_2018_wav--3.midi
unlabeled,dataset/maestro-v3.0.0/2006/MIDI-Unprocessed_18_R1_2006_01-05_ORIG_MID--AUDIO_18_R1_2006_03_Track03_wav.wav,dataset/maestro-v3.0.0/2006/MIDI-Unprocessed_18_R1_2006_01-05_ORIG_MID--AUDIO_18_R1_2006_03_Track03_wav.midi
unlabeled,dataset/maestro-v3.0.0/2008/MIDI-Unprocessed_17_R2_2008_01-04_ORIG_MID--AUDIO_17_R2_2008_wav--2.wav,dataset/maestro-v3.0.0/2008/MIDI-Unprocessed_17_R2_2008_01-04_ORIG_MID--AUDIO_17_R2_2008_wav--2.midi
unlabeled,dataset/maestro-v3.0.0/2009/MIDI-Unprocessed_13_R1_2009_01-03_ORIG_MID--AUDIO_13_R1_2009_13_R1_2009_01_WAV.wav,dataset/maestro-v3.0.0/2009/MIDI-Unprocessed_13_R1_2009_01-03_ORIG_MID--AUDIO_13_R1_2009_13_R1_2009_01_WAV.midi
unlabeled,dataset/maestro-v3.0.0/2006/MIDI-Unprocessed_24_R1_2006_01-05_ORIG_MID--AUDIO_24_R1_2006_04_Track04_wav.wav,dataset/maestro-v3.0.0/2006/MIDI-Unprocessed_24_R1_2006_01-05_ORIG_MID--AUDIO_24_R1_2006_04_Track04_wav.midi
unlabeled,dataset/maestro-v3.0.0/2008/MIDI-Unprocessed_09_R1_2008_01-05_ORIG_MID--AUDIO_09_R1_2008_wav--5.wav,dataset/maestro-v3.0.0/2008/MIDI-Unprocessed_09_R1_2008_01-05_ORIG_MID--AUDIO_09_R1_2008_wav--5.midi
unlabeled,dataset/maestro-v3.0.0/2014/MIDI-UNPROCESSED_16-18_R1_2014_MID--AUDIO_18_R1_2014_wav--5.wav,dataset/maestro-v3.0.0/2014/MIDI-UNPROCESSED_16-18_R1_2014_MID--AUDIO_18_R1_2014_wav--5.midi
unlabeled,dataset/maestro-v3.0.0/2008/MIDI-Unprocessed_02_R2_2008_01-05_ORIG_MID--AUDIO_02_R2_2008_wav--5.wav,dataset/maestro-v3.0.0/2008/MIDI-Unprocessed_02_R2_2008_01-05_ORIG_MID--AUDIO_02_R2_2008_wav--5.midi
unlabeled,dataset/maestro-v3.0.0/2004/MIDI-Unprocessed_SMF_16_R1_2004_01-08_ORIG_MID--AUDIO_16_R1_2004_13_Track13_wav.wav,dataset/maestro-v3.0.0/2004/MIDI-Unprocessed_SMF_16_R1_2004_01-08_ORIG_MID--AUDIO_16_R1_2004_13_Track13_wav.midi
unlabeled,dataset/maestro-v3.0.0/2004/MIDI-Unprocessed_XP_11_R1_2004_03-04_ORIG_MID--AUDIO_11_R1_2004_03_Track03_wav.wav,dataset/maestro-v3.0.0/2004/MIDI-Unprocessed_XP_11_R1_2004_03-04_ORIG_MID--AUDIO_11_R1_2004_03_Track03_wav.midi
unlabeled,dataset/maestro-v3.0.0/2008/MIDI-Unprocessed_02_R2_2008_01-05_ORIG_MID--AUDIO_02_R2_2008_wav--3.wav,dataset/maestro-v3.0.0/2008/MIDI-Unprocessed_02_R2_2008_01-05_ORIG_MID--AUDIO_02_R2_2008_wav--3.midi
unlabeled,dataset/maestro-v3.0.0/2008/MIDI-Unprocessed_02_R2_2008_01-05_ORIG_MID--AUDIO_02_R2_2008_wav--4.wav,dataset/maestro-v3.0.0/2008/MIDI-Unprocessed_02_R2_2008_01-05_ORIG_MID--AUDIO_02_R2_2008_wav--4.midi
unlabeled,dataset/maestro-v3.0.0/2006/MIDI-Unprocessed_09_R1_2006_01-04_ORIG_MID--AUDIO_09_R1_2006_04_Track04_wav.wav,dataset/maestro-v3.0.0/2006/MIDI-Unprocessed_09_R1_2006_01-04_ORIG_MID--AUDIO_09_R1_2006_04_Track04_wav.midi
unlabeled,dataset/maestro-v3.0.0/2006/MIDI-Unprocessed_13_R1_2006_01-06_ORIG_MID--AUDIO_13_R1_2006_04_Track04_wav.wav,dataset/maestro-v3.0.0/2006/MIDI-Unprocessed_13_R1_2006_01-06_ORIG_MID--AUDIO_13_R1_2006_04_Track04_wav.midi
unlabeled,dataset/maestro-v3.0.0/2004/MIDI-Unprocessed_SMF_16_R1_2004_01-08_ORIG_MID--AUDIO_16_R1_2004_05_Track05_wav.wav,dataset/maestro-v3.0.0/2004/MIDI-Unprocessed_SMF_16_R1_2004_01-08_ORIG_MID--AUDIO_16_R1_2004_05_Track05_wav.midi
unlabeled,dataset/maestro-v3.0.0/2015/MIDI-Unprocessed_R2_D1-2-3-6-7-8-11_mid--AUDIO-from_mp3_08_R2_2015_wav--3.wav,dataset/maestro-v3.0.0/2015/MIDI-Unprocessed_R2_D1-2-3-6-7-8-11_mid--AUDIO-from_mp3_08_R2_2015_wav--3.midi
unlabeled,dataset/maestro-v3.0.0/2011/MIDI-Unprocessed_04_R1_2011_MID--AUDIO_R1-D2_06_Track06_wav.wav,dataset/maestro-v3.0.0/2011/MIDI-Unprocessed_04_R1_2011_MID--AUDIO_R1-D2_06_Track06_wav.midi
unlabeled,dataset/maestro-v3.0.0/2008/MIDI-Unprocessed_12_R2_2008_01-04_ORIG_MID--AUDIO_12_R2_2008_wav--3.wav,dataset/maestro-v3.0.0/2008/MIDI-Unprocessed_12_R2_2008_01-04_ORIG_MID--AUDIO_12_R2_2008_wav--3.midi
unlabeled,dataset/maestro-v3.0.0/2013/ORIG-MIDI_01_7_7_13_Group__MID--AUDIO_12_R1_2013_wav--5.wav,dataset/maestro-v3.0.0/2013/ORIG-MIDI_01_7_7_13_Group__MID--AUDIO_12_R1_2013_wav--5.midi
unlabeled,dataset/maestro-v3.0.0/2013/ORIG-MIDI_01_7_7_13_Group__MID--AUDIO_13_R1_2013_wav--4.wav,dataset/maestro-v3.0.0/2013/ORIG-MIDI_01_7_7_13_Group__MID--AUDIO_13_R1_2013_wav--4.midi
unlabeled,dataset/maestro-v3.0.0/2013/ORIG-MIDI_02_7_8_13_Group__MID--AUDIO_08_R2_2013_wav--3.wav,dataset/maestro-v3.0.0/2013/ORIG-MIDI_02_7_8_13_Group__MID--AUDIO_08_R2_2013_wav--3.midi
unlabeled,dataset/maestro-v3.0.0/2011/MIDI-Unprocessed_08_R1_2011_MID--AUDIO_R1-D3_09_Track09_wav.wav,dataset/maestro-v3.0.0/2011/MIDI-Unprocessed_08_R1_2011_MID--AUDIO_R1-D3_09_Track09_wav.midi
unlabeled,dataset/maestro-v3.0.0/2004/MIDI-Unprocessed_XP_01_R1_2004_03_ORIG_MID--AUDIO_01_R1_2004_04_Track04_wav.wav,dataset/maestro-v3.0.0/2004/MIDI-Unprocessed_XP_01_R1_2004_03_ORIG_MID--AUDIO_01_R1_2004_04_Track04_wav.midi
unlabeled,dataset/maestro-v3.0.0/2004/MIDI-Unprocessed_XP_10_R1_2004_05_ORIG_MID--AUDIO_10_R1_2004_05_Track05_wav.wav,dataset/maestro-v3.0.0/2004/MIDI-Unprocessed_XP_10_R1_2004_05_ORIG_MID--AUDIO_10_R1_2004_05_Track05_wav.midi
unlabeled,dataset/maestro-v3.0.0/2018/MIDI-Unprocessed_Recital13-15_MID--AUDIO_15_R1_2018_wav--4.wav,dataset/maestro-v3.0.0/2018/MIDI-Unprocessed_Recital13-15_MID--AUDIO_15_R1_2018_wav--4.midi
unlabeled,dataset/maestro-v3.0.0/2014/MIDI-UNPROCESSED_01-03_R1_2014_MID--AUDIO_03_R1_2014_wav--6.wav,dataset/maestro-v3.0.0/2014/MIDI-UNPROCESSED_01-03_R1_2014_MID--AUDIO_03_R1_2014_wav--6.midi
unlabeled,dataset/maestro-v3.0.0/2018/MIDI-Unprocessed_Recital9-11_MID--AUDIO_11_R1_2018_wav--5.wav,dataset/maestro-v3.0.0/2018/MIDI-Unprocessed_Recital9-11_MID--AUDIO_11_R1_2018_wav--5.midi
unlabeled,dataset/maestro-v3.0.0/2018/MIDI-Unprocessed_Recital17-19_MID--AUDIO_17_R1_2018_wav--4.wav,dataset/maestro-v3.0.0/2018/MIDI-Unprocessed_Recital17-19_MID--AUDIO_17_R1_2018_wav--4.midi
unlabeled,dataset/maestro-v3.0.0/2004/MIDI-Unprocessed_XP_08_R1_2004_01-02_ORIG_MID--AUDIO_08_R1_2004_02_Track02_wav.wav,dataset/maestro-v3.0.0/2004/MIDI-Unprocessed_XP_08_R1_2004_01-02_ORIG_MID--AUDIO_08_R1_2004_02_Track02_wav.midi
unlabeled,dataset/maestro-v3.0.0/2018/MIDI-Unprocessed_Recital1-3_MID--AUDIO_03_R1_2018_wav--2.wav,dataset/maestro-v3.0.0/2018/MIDI-Unprocessed_Recital1-3_MID--AUDIO_03_R1_2018_wav--2.midi
unlabeled,dataset/maestro-v3.0.0/2006/MIDI-Unprocessed_23_R1_2006_01-05_ORIG_MID--AUDIO_23_R1_2006_04_Track04_wav.wav,dataset/maestro-v3.0.0/2006/MIDI-Unprocessed_23_R1_2006_01-05_ORIG_MID--AUDIO_23_R1_2006_04_Track04_wav.midi
unlabeled,dataset/maestro-v3.0.0/2004/MIDI-Unprocessed_SMF_17_R1_2004_01-02_ORIG_MID--AUDIO_20_R2_2004_04_Track04_wav.wav,dataset/maestro-v3.0.0/2004/MIDI-Unprocessed_SMF_17_R1_2004_01-02_ORIG_MID--AUDIO_20_R2_2004_04_Track04_wav.midi
unlabeled,dataset/maestro-v3.0.0/2004/MIDI-Unprocessed_SMF_17_R1_2004_01-02_ORIG_MID--AUDIO_20_R2_2004_06_Track06_wav.wav,dataset/maestro-v3.0.0/2004/MIDI-Unprocessed_SMF_17_R1_2004_01-02_ORIG_MID--AUDIO_20_R2_2004_06_Track06_wav.midi
unlabeled,dataset/maestro-v3.0.0/2009/MIDI-Unprocessed_05_R1_2009_03-05_ORIG_MID--AUDIO_05_R1_2009_05_R1_2009_03_WAV.wav,dataset/maestro-v3.0.0/2009/MIDI-Unprocessed_05_R1_2009_03-05_ORIG_MID--AUDIO_05_R1_2009_05_R1_2009_03_WAV.midi
unlabeled,dataset/maestro-v3.0.0/2014/MIDI-UNPROCESSED_11-13_R1_2014_MID--AUDIO_12_R1_2014_wav--1.wav,dataset/maestro-v3.0.0/2014/MIDI-UNPROCESSED_11-13_R1_2014_MID--AUDIO_12_R1_2014_wav--1.midi
unlabeled,dataset/maestro-v3.0.0/2014/MIDI-UNPROCESSED_09-10_R1_2014_MID--AUDIO_10_R1_2014_wav--3.wav,dataset/maestro-v3.0.0/2014/MIDI-UNPROCESSED_09-10_R1_2014_MID--AUDIO_10_R1_2014_wav--3.midi
unlabeled,dataset/maestro-v3.0.0/2006/MIDI-Unprocessed_01_R1_2006_01-09_ORIG_MID--AUDIO_01_R1_2006_01_Track01_wav.wav,dataset/maestro-v3.0.0/2006/MIDI-Unprocessed_01_R1_2006_01-09_ORIG_MID--AUDIO_01_R1_2006_01_Track01_wav.midi
unlabeled,dataset/maestro-v3.0.0/2014/MIDI-UNPROCESSED_04-08-12_R3_2014_MID--AUDIO_08_R3_2014_wav.wav,dataset/maestro-v3.0.0/2014/MIDI-UNPROCESSED_04-08-12_R3_2014_MID--AUDIO_08_R3_2014_wav.midi
unlabeled,dataset/maestro-v3.0.0/2009/MIDI-Unprocessed_13_R1_2009_04_ORIG_MID--AUDIO_13_R1_2009_13_R1_2009_04_WAV.wav,dataset/maestro-v3.0.0/2009/MIDI-Unprocessed_13_R1_2009_04_ORIG_MID--AUDIO_13_R1_2009_13_R1_2009_04_WAV.midi
unlabeled,dataset/maestro-v3.0.0/2006/MIDI-Unprocessed_08_R1_2006_01-04_ORIG_MID--AUDIO_08_R1_2006_Disk1_03_Track03_wav.wav,dataset/maestro-v3.0.0/2006/MIDI-Unprocessed_08_R1_2006_01-04_ORIG_MID--AUDIO_08_R1_2006_Disk1_03_Track03_wav.midi
unlabeled,dataset/maestro-v3.0.0/2006/MIDI-Unprocessed_14_R1_2006_01-05_ORIG_MID--AUDIO_14_R1_2006_01_Track01_wav.wav,dataset/maestro-v3.0.0/2006/MIDI-Unprocessed_14_R1_2006_01-05_ORIG_MID--AUDIO_14_R1_2006_01_Track01_wav.midi
unlabeled,dataset/maestro-v3.0.0/2006/MIDI-Unprocessed_16_R1_2006_01-04_ORIG_MID--AUDIO_16_R1_2006_03_Track03_wav.wav,dataset/maestro-v3.0.0/2006/MIDI-Unprocessed_16_R1_2006_01-04_ORIG_MID--AUDIO_16_R1_2006_03_Track03_wav.midi
unlabeled,dataset/maestro-v3.0.0/2018/MIDI-Unprocessed_Recital13-15_MID--AUDIO_13_R1_2018_wav--2.wav,dataset/maestro-v3.0.0/2018/MIDI-Unprocessed_Recital13-15_MID--AUDIO_13_R1_2018_wav--2.midi
unlabeled,dataset/maestro-v3.0.0/2018/MIDI-Unprocessed_Recital20_MID--AUDIO_20_R1_2018_wav--4.wav,dataset/maestro-v3.0.0/2018/MIDI-Unprocessed_Recital20_MID--AUDIO_20_R1_2018_wav--4.midi
unlabeled,dataset/maestro-v3.0.0/2009/MIDI-Unprocessed_02_R1_2009_01-02_ORIG_MID--AUDIO_02_R1_2009_02_R1_2009_02_WAV.wav,dataset/maestro-v3.0.0/2009/MIDI-Unprocessed_02_R1_2009_01-02_ORIG_MID--AUDIO_02_R1_2009_02_R1_2009_02_WAV.midi
unlabeled,dataset/maestro-v3.0.0/2014/MIDI-UNPROCESSED_14-15_R1_2014_MID--AUDIO_15_R1_2014_wav--6.wav,dataset/maestro-v3.0.0/2014/MIDI-UNPROCESSED_14-15_R1_2014_MID--AUDIO_15_R1_2014_wav--6.midi
unlabeled,dataset/maestro-v3.0.0/2015/MIDI-Unprocessed_R2_D2-12-13-15_mid--AUDIO-from_mp3_15_R2_2015_wav--3.wav,dataset/maestro-v3.0.0/2015/MIDI-Unprocessed_R2_D2-12-13-15_mid--AUDIO-from_mp3_15_R2_2015_wav--3.midi
unlabeled,dataset/maestro-v3.0.0/2014/MIDI-UNPROCESSED_21-22_R1_2014_MID--AUDIO_21_R1_2014_wav--8.wav,dataset/maestro-v3.0.0/2014/MIDI-UNPROCESSED_21-22_R1_2014_MID--AUDIO_21_R1_2014_wav--8.midi
unlabeled,dataset/maestro-v3.0.0/2008/MIDI-Unprocessed_15_R2_2008_01-04_ORIG_MID--AUDIO_15_R2_2008_wav--3.wav,dataset/maestro-v3.0.0/2008/MIDI-Unprocessed_15_R2_2008_01-04_ORIG_MID--AUDIO_15_R2_2008_wav--3.midi
unlabeled,dataset/maestro-v3.0.0/2004/MIDI-Unprocessed_XP_08_R1_2004_04-06_ORIG_MID--AUDIO_08_R1_2004_05_Track05_wav--2.wav,dataset/maestro-v3.0.0/2004/MIDI-Unprocessed_XP_08_R1_2004_04-06_ORIG_MID--AUDIO_08_R1_2004_05_Track05_wav--2.midi
unlabeled,dataset/maestro-v3.0.0/2017/MIDI-Unprocessed_060_PIANO060_MID--AUDIO-split_07-07-17_Piano-e_2-04_wav--2.wav,dataset/maestro-v3.0.0/2017/MIDI-Unprocessed_060_PIANO060_MID--AUDIO-split_07-07-17_Piano-e_2-04_wav--2.midi
unlabeled,dataset/maestro-v3.0.0/2018/MIDI-Unprocessed_Recital1-3_MID--AUDIO_03_R1_2018_wav--4.wav,dataset/maestro-v3.0.0/2018/MIDI-Unprocessed_Recital1-3_MID--AUDIO_03_R1_2018_wav--4.midi
unlabeled,dataset/maestro-v3.0.0/2018/MIDI-Unprocessed_Recital1-3_MID--AUDIO_03_R1_2018_wav--5.wav,dataset/maestro-v3.0.0/2018/MIDI-Unprocessed_Recital1-3_MID--AUDIO_03_R1_2018_wav--5.midi
unlabeled,dataset/maestro-v3.0.0/2013/ORIG-MIDI_01_7_6_13_Group__MID--AUDIO_02_R1_2013_wav--4.wav,dataset/maestro-v3.0.0/2013/ORIG-MIDI_01_7_6_13_Group__MID--AUDIO_02_R1_2013_wav--4.midi
unlabeled,dataset/maestro-v3.0.0/2006/MIDI-Unprocessed_22_R1_2006_01-04_ORIG_MID--AUDIO_22_R1_2006_04_Track04_wav.wav,dataset/maestro-v3.0.0/2006/MIDI-Unprocessed_22_R1_2006_01-04_ORIG_MID--AUDIO_22_R1_2006_04_Track04_wav.midi
unlabeled,dataset/maestro-v3.0.0/2011/MIDI-Unprocessed_17_R3_2011_MID--AUDIO_R3-D6_03_Track03_wav.wav,dataset/maestro-v3.0.0/2011/MIDI-Unprocessed_17_R3_2011_MID--AUDIO_R3-D6_03_Track03_wav.midi
unlabeled,dataset/maestro-v3.0.0/2011/MIDI-Unprocessed_17_R3_2011_MID--AUDIO_R3-D6_04_Track04_wav.wav,dataset/maestro-v3.0.0/2011/MIDI-Unprocessed_17_R3_2011_MID--AUDIO_R3-D6_04_Track04_wav.midi
unlabeled,dataset/maestro-v3.0.0/2011/MIDI-Unprocessed_17_R3_2011_MID--AUDIO_R3-D6_05_Track05_wav.wav,dataset/maestro-v3.0.0/2011/MIDI-Unprocessed_17_R3_2011_MID--AUDIO_R3-D6_05_Track05_wav.midi
unlabeled,dataset/maestro-v3.0.0/2011/MIDI-Unprocessed_17_R3_2011_MID--AUDIO_R3-D6_06_Track06_wav.wav,dataset/maestro-v3.0.0/2011/MIDI-Unprocessed_17_R3_2011_MID--AUDIO_R3-D6_06_Track06_wav.midi
unlabeled,dataset/maestro-v3.0.0/2011/MIDI-Unprocessed_17_R3_2011_MID--AUDIO_R3-D6_07_Track07_wav.wav,dataset/maestro-v3.0.0/2011/MIDI-Unprocessed_17_R3_2011_MID--AUDIO_R3-D6_07_Track07_wav.midi
unlabeled,dataset/maestro-v3.0.0/2011/MIDI-Unprocessed_17_R3_2011_MID--AUDIO_R3-D6_08_Track08_wav.wav,dataset/maestro-v3.0.0/2011/MIDI-Unprocessed_17_R3_2011_MID--AUDIO_R3-D6_08_Track08_wav.midi
unlabeled,dataset/maestro-v3.0.0/2015/MIDI-Unprocessed_R1_D1-9-12_mid--AUDIO-from_mp3_11_R1_2015_wav--4.wav,dataset/maestro-v3.0.0/2015/MIDI-Unprocessed_R1_D1-9-12_mid--AUDIO-from_mp3_11_R1_2015_wav--4.midi
unlabeled,dataset/maestro-v3.0.0/2004/MIDI-Unprocessed_XP_08_R1_2004_04-06_ORIG_MID--AUDIO_08_R1_2004_04_Track04_wav.wav,dataset/maestro-v3.0.0/2004/MIDI-Unprocessed_XP_08_R1_2004_04-06_ORIG_MID--AUDIO_08_R1_2004_04_Track04_wav.midi
unlabeled,dataset/maestro-v3.0.0/2006/MIDI-Unprocessed_12_R1_2006_01-08_ORIG_MID--AUDIO_12_R1_2006_05_Track05_wav.wav,dataset/maestro-v3.0.0/2006/MIDI-Unprocessed_12_R1_2006_01-08_ORIG_MID--AUDIO_12_R1_2006_05_Track05_wav.midi
unlabeled,dataset/maestro-v3.0.0/2014/MIDI-UNPROCESSED_04-05_R1_2014_MID--AUDIO_04_R1_2014_wav--4.wav,dataset/maestro-v3.0.0/2014/MIDI-UNPROCESSED_04-05_R1_2014_MID--AUDIO_04_R1_2014_wav--4.midi
unlabeled,dataset/maestro-v3.0.0/2013/ORIG-MIDI_02_7_6_13_Group__MID--AUDIO_05_R1_2013_wav--3.wav,dataset/maestro-v3.0.0/2013/ORIG-MIDI_02_7_6_13_Group__MID--AUDIO_05_R1_2013_wav--3.midi
unlabeled,dataset/maestro-v3.0.0/2018/MIDI-Unprocessed_Recital17-19_MID--AUDIO_19_R1_2018_wav--6.wav,dataset/maestro-v3.0.0/2018/MIDI-Unprocessed_Recital17-19_MID--AUDIO_19_R1_2018_wav--6.midi
unlabeled,dataset/maestro-v3.0.0/2011/MIDI-Unprocessed_12_R3_2011_MID--AUDIO_R3-D4_04_Track04_wav.wav,dataset/maestro-v3.0.0/2011/MIDI-Unprocessed_12_R3_2011_MID--AUDIO_R3-D4_04_Track04_wav.midi
unlabeled,dataset/maestro-v3.0.0/2011/MIDI-Unprocessed_12_R3_2011_MID--AUDIO_R3-D4_07_Track07_wav.wav,dataset/maestro-v3.0.0/2011/MIDI-Unprocessed_12_R3_2011_MID--AUDIO_R3-D4_07_Track07_wav.midi
unlabeled,dataset/maestro-v3.0.0/2011/MIDI-Unprocessed_12_R3_2011_MID--AUDIO_R3-D4_08_Track08_wav.wav,dataset/maestro-v3.0.0/2011/MIDI-Unprocessed_12_R3_2011_MID--AUDIO_R3-D4_08_Track08_wav.midi
unlabeled,dataset/maestro-v3.0.0/2011/MIDI-Unprocessed_12_R3_2011_MID--AUDIO_R3-D4_09_Track09_wav.wav,dataset/maestro-v3.0.0/2011/MIDI-Unprocessed_12_R3_2011_MID--AUDIO_R3-D4_09_Track09_wav.midi
unlabeled,dataset/maestro-v3.0.0/2004/MIDI-Unprocessed_XP_15_R1_2004_04_ORIG_MID--AUDIO_15_R1_2004_04_Track04_wav.wav,dataset/maestro-v3.0.0/2004/MIDI-Unprocessed_XP_15_R1_2004_04_ORIG_MID--AUDIO_15_R1_2004_04_Track04_wav.midi
unlabeled,dataset/maestro-v3.0.0/2004/MIDI-Unprocessed_XP_01_R1_2004_04-05_ORIG_MID--AUDIO_01_R1_2004_06_Track06_wav.wav,dataset/maestro-v3.0.0/2004/MIDI-Unprocessed_XP_01_R1_2004_04-05_ORIG_MID--AUDIO_01_R1_2004_06_Track06_wav.midi
unlabeled,dataset/maestro-v3.0.0/2009/MIDI-Unprocessed_14_R1_2009_06-08_ORIG_MID--AUDIO_14_R1_2009_14_R1_2009_08_WAV.wav,dataset/maestro-v3.0.0/2009/MIDI-Unprocessed_14_R1_2009_06-08_ORIG_MID--AUDIO_14_R1_2009_14_R1_2009_08_WAV.midi
unlabeled,dataset/maestro-v3.0.0/2009/MIDI-Unprocessed_08_R1_2009_05-06_ORIG_MID--AUDIO_08_R1_2009_08_R1_2009_06_WAV.wav,dataset/maestro-v3.0.0/2009/MIDI-Unprocessed_08_R1_2009_05-06_ORIG_MID--AUDIO_08_R1_2009_08_R1_2009_06_WAV.midi
unlabeled,dataset/maestro-v3.0.0/2004/MIDI-Unprocessed_SMF_16_R1_2004_01-08_ORIG_MID--AUDIO_16_R1_2004_08_Track08_wav.wav,dataset/maestro-v3.0.0/2004/MIDI-Unprocessed_SMF_16_R1_2004_01-08_ORIG_MID--AUDIO_16_R1_2004_08_Track08_wav.midi
unlabeled,dataset/maestro-v3.0.0/2006/MIDI-Unprocessed_03_R1_2006_01-05_ORIG_MID--AUDIO_03_R1_2006_05_Track05_wav.wav,dataset/maestro-v3.0.0/2006/MIDI-Unprocessed_03_R1_2006_01-05_ORIG_MID--AUDIO_03_R1_2006_05_Track05_wav.midi
unlabeled,dataset/maestro-v3.0.0/2009/MIDI-Unprocessed_07_R1_2009_04-05_ORIG_MID--AUDIO_07_R1_2009_07_R1_2009_05_WAV.wav,dataset/maestro-v3.0.0/2009/MIDI-Unprocessed_07_R1_2009_04-05_ORIG_MID--AUDIO_07_R1_2009_07_R1_2009_05_WAV.midi
unlabeled,dataset/maestro-v3.0.0/2006/MIDI-Unprocessed_12_R1_2006_01-08_ORIG_MID--AUDIO_12_R1_2006_08_Track08_wav.wav,dataset/maestro-v3.0.0/2006/MIDI-Unprocessed_12_R1_2006_01-08_ORIG_MID--AUDIO_12_R1_2006_08_Track08_wav.midi
unlabeled,dataset/maestro-v3.0.0/2009/MIDI-Unprocessed_04_R1_2009_04-06_ORIG_MID--AUDIO_04_R1_2009_04_R1_2009_06_WAV.wav,dataset/maestro-v3.0.0/2009/MIDI-Unprocessed_04_R1_2009_04-06_ORIG_MID--AUDIO_04_R1_2009_04_R1_2009_06_WAV.midi
unlabeled,dataset/maestro-v3.0.0/2006/MIDI-Unprocessed_07_R1_2006_01-04_ORIG_MID--AUDIO_07_R1_2006_02_Track02_wav.wav,dataset/maestro-v3.0.0/2006/MIDI-Unprocessed_07_R1_2006_01-04_ORIG_MID--AUDIO_07_R1_2006_02_Track02_wav.midi
unlabeled,dataset/maestro-v3.0.0/2009/MIDI-Unprocessed_04_R1_2009_01-03_ORIG_MID--AUDIO_04_R1_2009_04_R1_2009_02_WAV.wav,dataset/maestro-v3.0.0/2009/MIDI-Unprocessed_04_R1_2009_01-03_ORIG_MID--AUDIO_04_R1_2009_04_R1_2009_02_WAV.midi
unlabeled,dataset/maestro-v3.0.0/2018/MIDI-Unprocessed_Chamber2_MID--AUDIO_09_R3_2018_wav--1.wav,dataset/maestro-v3.0.0/2018/MIDI-Unprocessed_Chamber2_MID--AUDIO_09_R3_2018_wav--1.midi
unlabeled,dataset/maestro-v3.0.0/2006/MIDI-Unprocessed_24_R1_2006_01-05_ORIG_MID--AUDIO_24_R1_2006_01_Track01_wav.wav,dataset/maestro-v3.0.0/2006/MIDI-Unprocessed_24_R1_2006_01-05_ORIG_MID--AUDIO_24_R1_2006_01_Track01_wav.midi
unlabeled,dataset/maestro-v3.0.0/2015/MIDI-Unprocessed_R1_D1-1-8_mid--AUDIO-from_mp3_01_R1_2015_wav--3.wav,dataset/maestro-v3.0.0/2015/MIDI-Unprocessed_R1_D1-1-8_mid--AUDIO-from_mp3_01_R1_2015_wav--3.midi
unlabeled,dataset/maestro-v3.0.0/2011/MIDI-Unprocessed_02_R1_2011_MID--AUDIO_R1-D1_09_Track09_wav.wav,dataset/maestro-v3.0.0/2011/MIDI-Unprocessed_02_R1_2011_MID--AUDIO_R1-D1_09_Track09_wav.midi
unlabeled,dataset/maestro-v3.0.0/2013/ORIG-MIDI_02_7_7_13_Group__MID--AUDIO_18_R1_2013_wav--3.wav,dataset/maestro-v3.0.0/2013/ORIG-MIDI_02_7_7_13_Group__MID--AUDIO_18_R1_2013_wav--3.midi
unlabeled,dataset/maestro-v3.0.0/2009/MIDI-Unprocessed_08_R1_2009_01-04_ORIG_MID--AUDIO_08_R1_2009_08_R1_2009_01_WAV.wav,dataset/maestro-v3.0.0/2009/MIDI-Unprocessed_08_R1_2009_01-04_ORIG_MID--AUDIO_08_R1_2009_08_R1_2009_01_WAV.midi
unlabeled,dataset/maestro-v3.0.0/2015/MIDI-Unprocessed_R1_D2-13-20_mid--AUDIO-from_mp3_20_R1_2015_wav--2.wav,dataset/maestro-v3.0.0/2015/MIDI-Unprocessed_R1_D2-13-20_mid--AUDIO-from_mp3_20_R1_2015_wav--2.midi
unlabeled,dataset/maestro-v3.0.0/2008/MIDI-Unprocessed_02_R1_2008_01-05_ORIG_MID--AUDIO_02_R1_2008_wav--2.wav,dataset/maestro-v3.0.0/2008/MIDI-Unprocessed_02_R1_2008_01-05_ORIG_MID--AUDIO_02_R1_2008_wav--2.midi
unlabeled,dataset/maestro-v3.0.0/2018/MIDI-Unprocessed_Recital13-15_MID--AUDIO_13_R1_2018_wav--1.wav,dataset/maestro-v3.0.0/2018/MIDI-Unprocessed_Recital13-15_MID--AUDIO_13_R1_2018_wav--1.midi
unlabeled,dataset/maestro-v3.0.0/2013/ORIG-MIDI_01_7_7_13_Group__MID--AUDIO_11_R1_2013_wav--2.wav,dataset/maestro-v3.0.0/2013/ORIG-MIDI_01_7_7_13_Group__MID--AUDIO_11_R1_2013_wav--2.midi
unlabeled,dataset/maestro-v3.0.0/2018/MIDI-Unprocessed_Recital12_MID--AUDIO_12_R1_2018_wav--1.wav,dataset/maestro-v3.0.0/2018/MIDI-Unprocessed_Recital12_MID--AUDIO_12_R1_2018_wav--1.midi
unlabeled,dataset/maestro-v3.0.0/2008/MIDI-Unprocessed_14_R1_2008_01-05_ORIG_MID--AUDIO_14_R1_2008_wav--2.wav,dataset/maestro-v3.0.0/2008/MIDI-Unprocessed_14_R1_2008_01-05_ORIG_MID--AUDIO_14_R1_2008_wav--2.midi
unlabeled,dataset/maestro-v3.0.0/2008/MIDI-Unprocessed_07_R3_2008_01-05_ORIG_MID--AUDIO_07_R3_2008_wav--1.wav,dataset/maestro-v3.0.0/2008/MIDI-Unprocessed_07_R3_2008_01-05_ORIG_MID--AUDIO_07_R3_2008_wav--1.midi
unlabeled,dataset/maestro-v3.0.0/2011/MIDI-Unprocessed_03_R1_2011_MID--AUDIO_R1-D1_16_Track16_wav.wav,dataset/maestro-v3.0.0/2011/MIDI-Unprocessed_03_R1_2011_MID--AUDIO_R1-D1_16_Track16_wav.midi
unlabeled,dataset/maestro-v3.0.0/2009/MIDI-Unprocessed_14_R1_2009_06-08_ORIG_MID--AUDIO_14_R1_2009_14_R1_2009_06_WAV.wav,dataset/maestro-v3.0.0/2009/MIDI-Unprocessed_14_R1_2009_06-08_ORIG_MID--AUDIO_14_R1_2009_14_R1_2009_06_WAV.midi
unlabeled,dataset/maestro-v3.0.0/2014/MIDI-UNPROCESSED_09-10_R1_2014_MID--AUDIO_09_R1_2014_wav--1.wav,dataset/maestro-v3.0.0/2014/MIDI-UNPROCESSED_09-10_R1_2014_MID--AUDIO_09_R1_2014_wav--1.midi
unlabeled,dataset/maestro-v3.0.0/2013/ORIG-MIDI_01_7_7_13_Group__MID--AUDIO_12_R1_2013_wav--2.wav,dataset/maestro-v3.0.0/2013/ORIG-MIDI_01_7_7_13_Group__MID--AUDIO_12_R1_2013_wav--2.midi
unlabeled,dataset/maestro-v3.0.0/2013/ORIG-MIDI_01_7_7_13_Group__MID--AUDIO_12_R1_2013_wav--3.wav,dataset/maestro-v3.0.0/2013/ORIG-MIDI_01_7_7_13_Group__MID--AUDIO_12_R1_2013_wav--3.midi
unlabeled,dataset/maestro-v3.0.0/2009/MIDI-Unprocessed_05_R1_2009_01-02_ORIG_MID--AUDIO_05_R1_2009_05_R1_2009_01_WAV.wav,dataset/maestro-v3.0.0/2009/MIDI-Unprocessed_05_R1_2009_01-02_ORIG_MID--AUDIO_05_R1_2009_05_R1_2009_01_WAV.midi
unlabeled,dataset/maestro-v3.0.0/2011/MIDI-Unprocessed_07_R1_2011_MID--AUDIO_R1-D3_04_Track04_wav.wav,dataset/maestro-v3.0.0/2011/MIDI-Unprocessed_07_R1_2011_MID--AUDIO_R1-D3_04_Track04_wav.midi
unlabeled,dataset/maestro-v3.0.0/2006/MIDI-Unprocessed_06_R1_2006_01-04_ORIG_MID--AUDIO_06_R1_2006_01_Track01_wav.wav,dataset/maestro-v3.0.0/2006/MIDI-Unprocessed_06_R1_2006_01-04_ORIG_MID--AUDIO_06_R1_2006_01_Track01_wav.midi
unlabeled,dataset/maestro-v3.0.0/2015/MIDI-Unprocessed_R1_D1-9-12_mid--AUDIO-from_mp3_11_R1_2015_wav--1.wav,dataset/maestro-v3.0.0/2015/MIDI-Unprocessed_R1_D1-9-12_mid--AUDIO-from_mp3_11_R1_2015_wav--1.midi
unlabeled,dataset/maestro-v3.0.0/2015/MIDI-Unprocessed_R1_D1-9-12_mid--AUDIO-from_mp3_12_R1_2015_wav--2.wav,dataset/maestro-v3.0.0/2015/MIDI-Unprocessed_R1_D1-9-12_mid--AUDIO-from_mp3_12_R1_2015_wav--2.midi
unlabeled,dataset/maestro-v3.0.0/2004/MIDI-Unprocessed_XP_14_R1_2004_04_ORIG_MID--AUDIO_14_R1_2004_06_Track06_wav.wav,dataset/maestro-v3.0.0/2004/MIDI-Unprocessed_XP_14_R1_2004_04_ORIG_MID--AUDIO_14_R1_2004_06_Track06_wav.midi
unlabeled,dataset/maestro-v3.0.0/2004/MIDI-Unprocessed_XP_04_R1_2004_01-02_ORIG_MID--AUDIO_04_R1_2004_02_Track02_wav.wav,dataset/maestro-v3.0.0/2004/MIDI-Unprocessed_XP_04_R1_2004_01-02_ORIG_MID--AUDIO_04_R1_2004_02_Track02_wav.midi
