epoch,train_total,train_sup,train_adv,train_unsup,train_disc,val_loss
1,6.710429,6.710429,0.000000,0.000000,0.000000,0.000000
2,6.616646,6.616646,0.000000,0.000000,0.000000,0.000000
3,6.433789,6.433789,0.000000,0.000000,0.000000,0.000000
4,6.281552,6.281552,0.000000,0.000000,0.000000,0.000000
5,6.141348,6.141348,0.000000,0.000000,0.000000,0.000000
6,6.057391,6.057391,0.000000,0.000000,0.000000,0.000000
7,5.959232,5.959232,0.000000,0.000000,0.000000,0.000000
8,5.920038,5.920038,0.000000,0.000000,0.000000,0.000000
9,5.885715,5.885715,0.000000,0.000000,0.000000,0.000000
10,5.862876,5.862876,0.000000,0.000000,0.000000,5.918059
11,5.786030,5.786030,0.000000,0.000000,0.000000,0.000000
12,5.736609,5.736609,0.000000,0.000000,0.000000,0.000000
13,5.763595,5.763595,0.000000,0.000000,0.000000,0.000000
14,5.691849,5.691849,0.000000,0.000000,0.000000,0.000000
15,5.696549,5.696549,0.000000,0.000000,0.000000,0.000000
16,5.679039,5.679039,0.000000,0.000000,0.000000,0.000000
17,5.621240,5.621240,0.000000,0.000000,0.000000,0.000000
18,5.586998,5.586998,0.000000,0.000000,0.000000,0.000000
19,5.554353,5.554353,0.000000,0.000000,0.000000,0.000000
20,5.419525,5.419525,0.000000,0.000000,0.000000,5.582572
21,5.474026,5.474026,0.000000,0.000000,0.000000,0.000000
22,5.417922,5.417922,0.000000,0.000000,0.000000,0.000000
23,5.415625,5.415625,0.000000,0.000000,0.000000,0.000000
24,5.428203,5.428203,0.000000,0.000000,0.000000,0.000000
25,5.314240,5.314240,0.000000,0.000000,0.000000,0.000000
26,5.237298,5.237298,0.000000,0.000000,0.000000,0.000000
27,5.267933,5.267933,0.000000,0.000000,0.000000,0.000000
28,5.294913,5.294913,0.000000,0.000000,0.000000,0.000000
29,5.207139,5.207139,0.000000,0.000000,0.000000,0.000000
30,5.284798,5.284798,0.000000,0.000000,0.000000,5.377533
31,5.182661,5.182661,0.000000,0.000000,0.000000,0.000000
32,5.119508,5.119508,0.000000,0.000000,0.000000,0.000000
33,5.192376,5.192376,0.000000,0.000000,0.000000,0.000000
34,5.102065,5.102065,0.000000,0.000000,0.000000,0.000000
35,5.099696,5.099696,0.000000,0.000000,0.000000,0.000000
36,5.039150,5.039150,0.000000,0.000000,0.000000,0.000000
37,5.036626,5.036626,0.000000,0.000000,0.000000,0.000000
38,5.039032,5.039032,0.000000,0.000000,0.000000,0.000000
39,4.942537,4.942537,0.000000,0.000000,0.000000,0.000000
40,4.925581,4.925581,0.000000,0.000000,0.000000,5.127764
41,4.884405,4.884405,0.000000,0.000000,0.000000,0.000000
42,4.818450,4.818450,0.000000,0.000000,0.000000,0.000000
43,4.775338,4.775338,0.000000,0.000000,0.000000,0.000000
44,4.856794,4.856794,0.000000,0.000000,0.000000,0.000000
45,4.712280,4.712280,0.000000,0.000000,0.000000,0.000000
46,4.664159,4.664159,0.000000,0.000000,0.000000,0.000000
47,4.702804,4.702804,0.000000,0.000000,0.000000,0.000000
48,4.714600,4.714600,0.000000,0.000000,0.000000,0.000000
49,4.711084,4.711084,0.000000,0.000000,0.000000,0.000000
50,4.666191,4.666191,0.000000,0.000000,0.000000,4.905163
51,4.594046,4.594046,0.000000,0.000000,0.000000,0.000000
52,4.493539,4.493539,0.000000,0.000000,0.000000,0.000000
53,4.564776,4.564776,0.000000,0.000000,0.000000,0.000000
54,4.413415,4.413415,0.000000,0.000000,0.000000,0.000000
55,4.484885,4.484885,0.000000,0.000000,0.000000,0.000000
56,4.597768,4.597768,0.000000,0.000000,0.000000,0.000000
57,4.530472,4.530472,0.000000,0.000000,0.000000,0.000000
58,4.493747,4.493747,0.000000,0.000000,0.000000,0.000000
59,4.442716,4.442716,0.000000,0.000000,0.000000,0.000000
60,4.386857,4.386857,0.000000,0.000000,0.000000,4.740372
61,4.397251,4.397251,0.000000,0.000000,0.000000,0.000000
62,4.365059,4.365059,0.000000,0.000000,0.000000,0.000000
63,4.374013,4.374013,0.000000,0.000000,0.000000,0.000000
64,4.324020,4.324020,0.000000,0.000000,0.000000,0.000000
65,4.451888,4.451888,0.000000,0.000000,0.000000,0.000000
66,4.342506,4.342506,0.000000,0.000000,0.000000,0.000000
67,4.187753,4.187753,0.000000,0.000000,0.000000,0.000000
68,4.345729,4.345729,0.000000,0.000000,0.000000,0.000000
69,4.211454,4.211454,0.000000,0.000000,0.000000,0.000000
70,4.292841,4.292841,0.000000,0.000000,0.000000,4.549429
71,4.227177,4.227177,0.000000,0.000000,0.000000,0.000000
72,4.279434,4.279434,0.000000,0.000000,0.000000,0.000000
73,4.222366,4.222366,0.000000,0.000000,0.000000,0.000000
74,4.114001,4.114001,0.000000,0.000000,0.000000,0.000000
75,4.193886,4.193886,0.000000,0.000000,0.000000,0.000000
76,4.164582,4.164582,0.000000,0.000000,0.000000,0.000000
77,4.157018,4.157018,0.000000,0.000000,0.000000,0.000000
78,4.125030,4.125030,0.000000,0.000000,0.000000,0.000000
79,4.111370,4.111370,0.000000,0.000000,0.000000,0.000000
80,4.026022,4.026022,0.000000,0.000000,0.000000,4.418488
81,4.092583,4.092583,0.000000,0.000000,0.000000,0.000000
82,4.103233,4.103233,0.000000,0.000000,0.000000,0.000000
83,3.986932,3.986932,0.000000,0.000000,0.000000,0.000000
84,4.035114,4.035114,0.000000,0.000000,0.000000,0.000000
85,4.030638,4.030638,0.000000,0.000000,0.000000,0.000000
86,3.981131,3.981131,0.000000,0.000000,0.000000,0.000000
87,3.995717,3.995717,0.000000,0.000000,0.000000,0.000000
88,4.031839,4.031839,0.000000,0.000000,0.000000,0.000000
89,3.843763,3.843763,0.000000,0.000000,0.000000,0.000000
90,4.040235,4.040235,0.000000,0.000000,0.000000,4.247005
91,3.839608,3.839608,0.000000,0.000000,0.000000,0.000000
92,4.034561,4.034561,0.000000,0.000000,0.000000,0.000000
93,3.858869,3.858869,0.000000,0.000000,0.000000,0.000000
94,3.878495,3.878495,0.000000,0.000000,0.000000,0.000000
95,3.744301,3.744301,0.000000,0.000000,0.000000,0.000000
96,3.876167,3.876167,0.000000,0.000000,0.000000,0.000000
97,3.824687,3.824687,0.000000,0.000000,0.000000,0.000000
98,3.905091,3.905091,0.000000,0.000000,0.000000,0.000000
99,3.844476,3.844476,0.000000,0.000000,0.000000,0.000000
100,3.819963,3.819963,0.000000,0.000000,0.000000,4.145537
101,3.705805,3.705805,0.000000,0.000000,0.000000,0.000000
102,3.576022,3.576022,0.000000,0.000000,0.000000,0.000000
103,3.722616,3.722616,0.000000,0.000000,0.000000,0.000000
104,3.734122,3.734122,0.000000,0.000000,0.000000,0.000000
105,3.666113,3.666113,0.000000,0.000000,0.000000,0.000000
106,3.754112,3.754112,0.000000,0.000000,0.000000,0.000000
107,3.707576,3.707576,0.000000,0.000000,0.000000,0.000000
108,3.659165,3.659165,0.000000,0.000000,0.000000,0.000000
109,3.491051,3.491051,0.000000,0.000000,0.000000,0.000000
110,3.669236,3.669236,0.000000,0.000000,0.000000,4.038244
111,3.667985,3.667985,0.000000,0.000000,0.000000,0.000000
112,3.536778,3.536778,0.000000,0.000000,0.000000,0.000000
113,3.492273,3.492273,0.000000,0.000000,0.000000,0.000000
114,3.703750,3.703750,0.000000,0.000000,0.000000,0.000000
115,3.560005,3.560005,0.000000,0.000000,0.000000,0.000000
116,3.515317,3.515317,0.000000,0.000000,0.000000,0.000000
117,3.576898,3.576898,0.000000,0.000000,0.000000,0.000000
118,3.675059,3.675059,0.000000,0.000000,0.000000,0.000000
119,3.410548,3.410548,0.000000,0.000000,0.000000,0.000000
120,3.528342,3.528342,0.000000,0.000000,0.000000,3.928481
121,3.531780,3.531780,0.000000,0.000000,0.000000,0.000000
122,3.417944,3.417944,0.000000,0.000000,0.000000,0.000000
123,3.573282,3.573282,0.000000,0.000000,0.000000,0.000000
124,3.433307,3.433307,0.000000,0.000000,0.000000,0.000000
125,3.398202,3.398202,0.000000,0.000000,0.000000,0.000000
126,3.381274,3.381274,0.000000,0.000000,0.000000,0.000000
127,3.413403,3.413403,0.000000,0.000000,0.000000,0.000000
128,3.321878,3.321878,0.000000,0.000000,0.000000,0.000000
129,3.329592,3.329592,0.000000,0.000000,0.000000,0.000000
130,3.398503,3.398503,0.000000,0.000000,0.000000,3.773459
131,3.327633,3.327633,0.000000,0.000000,0.000000,0.000000
132,3.381773,3.381773,0.000000,0.000000,0.000000,0.000000
133,3.317115,3.317115,0.000000,0.000000,0.000000,0.000000
134,3.323710,3.323710,0.000000,0.000000,0.000000,0.000000
135,3.232392,3.232392,0.000000,0.000000,0.000000,0.000000
136,3.332838,3.332838,0.000000,0.000000,0.000000,0.000000
137,3.373841,3.373841,0.000000,0.000000,0.000000,0.000000
138,3.407579,3.407579,0.000000,0.000000,0.000000,0.000000
139,3.356766,3.356766,0.000000,0.000000,0.000000,0.000000
140,3.302485,3.302485,0.000000,0.000000,0.000000,3.712848
141,3.205238,3.205238,0.000000,0.000000,0.000000,0.000000
142,3.236534,3.236534,0.000000,0.000000,0.000000,0.000000
143,3.328645,3.328645,0.000000,0.000000,0.000000,0.000000
144,3.247857,3.247857,0.000000,0.000000,0.000000,0.000000
145,3.228435,3.228435,0.000000,0.000000,0.000000,0.000000
146,3.145445,3.145445,0.000000,0.000000,0.000000,0.000000
147,3.194618,3.194618,0.000000,0.000000,0.000000,0.000000
148,3.224250,3.224250,0.000000,0.000000,0.000000,0.000000
149,3.066757,3.066757,0.000000,0.000000,0.000000,0.000000
150,3.264721,3.264721,0.000000,0.000000,0.000000,3.619440
151,3.127008,3.127008,0.000000,0.000000,0.000000,0.000000
152,3.109428,3.109428,0.000000,0.000000,0.000000,0.000000
153,3.010112,3.010112,0.000000,0.000000,0.000000,0.000000
154,3.200565,3.200565,0.000000,0.000000,0.000000,0.000000
155,3.181042,3.181042,0.000000,0.000000,0.000000,0.000000
156,3.116957,3.116957,0.000000,0.000000,0.000000,0.000000
157,2.999268,2.999268,0.000000,0.000000,0.000000,0.000000
158,3.115839,3.115839,0.000000,0.000000,0.000000,0.000000
159,3.077430,3.077430,0.000000,0.000000,0.000000,0.000000
160,3.082632,3.082632,0.000000,0.000000,0.000000,3.599176
161,3.110560,3.110560,0.000000,0.000000,0.000000,0.000000
162,2.962294,2.962294,0.000000,0.000000,0.000000,0.000000
163,3.043804,3.043804,0.000000,0.000000,0.000000,0.000000
164,3.055763,3.055763,0.000000,0.000000,0.000000,0.000000
165,3.057643,3.057643,0.000000,0.000000,0.000000,0.000000
166,2.965268,2.965268,0.000000,0.000000,0.000000,0.000000
167,3.006412,3.006412,0.000000,0.000000,0.000000,0.000000
168,3.025640,3.025640,0.000000,0.000000,0.000000,0.000000
169,3.075749,3.075749,0.000000,0.000000,0.000000,0.000000
170,2.957226,2.957226,0.000000,0.000000,0.000000,3.494957
171,2.969104,2.969104,0.000000,0.000000,0.000000,0.000000
172,2.826034,2.826034,0.000000,0.000000,0.000000,0.000000
173,2.938795,2.938795,0.000000,0.000000,0.000000,0.000000
174,2.909083,2.909083,0.000000,0.000000,0.000000,0.000000
175,2.848883,2.848883,0.000000,0.000000,0.000000,0.000000
176,2.796624,2.796624,0.000000,0.000000,0.000000,0.000000
177,2.816609,2.816609,0.000000,0.000000,0.000000,0.000000
178,2.809491,2.809491,0.000000,0.000000,0.000000,0.000000
179,2.740577,2.740577,0.000000,0.000000,0.000000,0.000000
180,2.946330,2.946330,0.000000,0.000000,0.000000,3.441752
181,2.857302,2.857302,0.000000,0.000000,0.000000,0.000000
182,2.837869,2.837869,0.000000,0.000000,0.000000,0.000000
183,2.971993,2.971993,0.000000,0.000000,0.000000,0.000000
184,2.753637,2.753637,0.000000,0.000000,0.000000,0.000000
185,2.909431,2.909431,0.000000,0.000000,0.000000,0.000000
186,2.761905,2.761905,0.000000,0.000000,0.000000,0.000000
187,2.759113,2.759113,0.000000,0.000000,0.000000,0.000000
188,2.903375,2.903375,0.000000,0.000000,0.000000,0.000000
189,2.667564,2.667564,0.000000,0.000000,0.000000,0.000000
190,2.705650,2.705650,0.000000,0.000000,0.000000,3.362548
191,2.790937,2.790937,0.000000,0.000000,0.000000,0.000000
192,2.733843,2.733843,0.000000,0.000000,0.000000,0.000000
193,2.772241,2.772241,0.000000,0.000000,0.000000,0.000000
194,2.773454,2.773454,0.000000,0.000000,0.000000,0.000000
195,2.744320,2.744320,0.000000,0.000000,0.000000,0.000000
196,2.724708,2.724708,0.000000,0.000000,0.000000,0.000000
197,2.712990,2.712990,0.000000,0.000000,0.000000,0.000000
198,2.737912,2.737912,0.000000,0.000000,0.000000,0.000000
199,2.599236,2.599236,0.000000,0.000000,0.000000,0.000000
200,2.668928,2.668928,0.000000,0.000000,0.000000,3.295219
201,2.624410,2.624410,0.000000,0.000000,0.000000,0.000000
202,2.550774,2.550774,0.000000,0.000000,0.000000,0.000000
203,2.637332,2.637332,0.000000,0.000000,0.000000,0.000000
204,2.614666,2.614666,0.000000,0.000000,0.000000,0.000000
205,2.616952,2.616952,0.000000,0.000000,0.000000,0.000000
206,2.579547,2.579547,0.000000,0.000000,0.000000,0.000000
207,2.710215,2.710215,0.000000,0.000000,0.000000,0.000000
208,2.596009,2.596009,0.000000,0.000000,0.000000,0.000000
209,2.540191,2.540191,0.000000,0.000000,0.000000,0.000000
210,2.502047,2.502047,0.000000,0.000000,0.000000,3.266694
211,2.437775,2.437775,0.000000,0.000000,0.000000,0.000000
212,2.531552,2.531552,0.000000,0.000000,0.000000,0.000000
213,2.628280,2.628280,0.000000,0.000000,0.000000,0.000000
214,2.632150,2.632150,0.000000,0.000000,0.000000,0.000000
215,2.587880,2.587880,0.000000,0.000000,0.000000,0.000000
216,2.579118,2.579118,0.000000,0.000000,0.000000,0.000000
217,2.470667,2.470667,0.000000,0.000000,0.000000,0.000000
218,2.528487,2.528487,0.000000,0.000000,0.000000,0.000000
219,2.596018,2.596018,0.000000,0.000000,0.000000,0.000000
220,2.483631,2.483631,0.000000,0.000000,0.000000,3.204258
221,2.386809,2.386809,0.000000,0.000000,0.000000,0.000000
222,2.491258,2.491258,0.000000,0.000000,0.000000,0.000000
223,2.388327,2.388327,0.000000,0.000000,0.000000,0.000000
224,2.514302,2.514302,0.000000,0.000000,0.000000,0.000000
225,2.443835,2.443835,0.000000,0.000000,0.000000,0.000000
226,2.445909,2.445909,0.000000,0.000000,0.000000,0.000000
227,2.421706,2.421706,0.000000,0.000000,0.000000,0.000000
228,2.407666,2.407666,0.000000,0.000000,0.000000,0.000000
229,2.339837,2.339837,0.000000,0.000000,0.000000,0.000000
230,2.393891,2.393891,0.000000,0.000000,0.000000,3.170908
231,2.348717,2.348717,0.000000,0.000000,0.000000,0.000000
232,2.454043,2.454043,0.000000,0.000000,0.000000,0.000000
233,2.381254,2.381254,0.000000,0.000000,0.000000,0.000000
234,2.290167,2.290167,0.000000,0.000000,0.000000,0.000000
235,2.300696,2.300696,0.000000,0.000000,0.000000,0.000000
236,2.255125,2.255125,0.000000,0.000000,0.000000,0.000000
237,2.378842,2.378842,0.000000,0.000000,0.000000,0.000000
238,2.359562,2.359562,0.000000,0.000000,0.000000,0.000000
239,2.328943,2.328943,0.000000,0.000000,0.000000,0.000000
240,2.204136,2.204136,0.000000,0.000000,0.000000,3.101363
241,2.219527,2.219527,0.000000,0.000000,0.000000,0.000000
242,2.306537,2.306537,0.000000,0.000000,0.000000,0.000000
243,2.257371,2.257371,0.000000,0.000000,0.000000,0.000000
244,2.389807,2.389807,0.000000,0.000000,0.000000,0.000000
245,2.424888,2.424888,0.000000,0.000000,0.000000,0.000000
246,2.163645,2.163645,0.000000,0.000000,0.000000,0.000000
247,2.317166,2.317166,0.000000,0.000000,0.000000,0.000000
248,2.301528,2.301528,0.000000,0.000000,0.000000,0.000000
249,2.284402,2.284402,0.000000,0.000000,0.000000,0.000000
250,2.209200,2.209200,0.000000,0.000000,0.000000,3.091085
251,2.354082,2.354082,0.000000,0.000000,0.000000,0.000000
252,2.258842,2.258842,0.000000,0.000000,0.000000,0.000000
253,2.179280,2.179280,0.000000,0.000000,0.000000,0.000000
254,2.336474,2.336474,0.000000,0.000000,0.000000,0.000000
255,2.313429,2.313429,0.000000,0.000000,0.000000,0.000000
256,2.231534,2.231534,0.000000,0.000000,0.000000,0.000000
257,2.188557,2.188557,0.000000,0.000000,0.000000,0.000000
258,2.230681,2.230681,0.000000,0.000000,0.000000,0.000000
259,2.259878,2.259878,0.000000,0.000000,0.000000,0.000000
260,2.244778,2.244778,0.000000,0.000000,0.000000,3.028276
261,2.242922,2.242922,0.000000,0.000000,0.000000,0.000000
262,2.144227,2.144227,0.000000,0.000000,0.000000,0.000000
263,2.158771,2.158771,0.000000,0.000000,0.000000,0.000000
264,2.084422,2.084422,0.000000,0.000000,0.000000,0.000000
265,2.112126,2.112126,0.000000,0.000000,0.000000,0.000000
266,2.051726,2.051726,0.000000,0.000000,0.000000,0.000000
267,2.161292,2.161292,0.000000,0.000000,0.000000,0.000000
268,2.083850,2.083850,0.000000,0.000000,0.000000,0.000000
269,2.121157,2.121157,0.000000,0.000000,0.000000,0.000000
270,2.130450,2.130450,0.000000,0.000000,0.000000,3.010848
271,2.010976,2.010976,0.000000,0.000000,0.000000,0.000000
272,2.108939,2.108939,0.000000,0.000000,0.000000,0.000000
273,2.134111,2.134111,0.000000,0.000000,0.000000,0.000000
274,2.042911,2.042911,0.000000,0.000000,0.000000,0.000000
275,2.072231,2.072231,0.000000,0.000000,0.000000,0.000000
276,2.094684,2.094684,0.000000,0.000000,0.000000,0.000000
277,2.138814,2.138814,0.000000,0.000000,0.000000,0.000000
278,1.999922,1.999922,0.000000,0.000000,0.000000,0.000000
279,2.042440,2.042440,0.000000,0.000000,0.000000,0.000000
280,2.114970,2.114970,0.000000,0.000000,0.000000,2.990065
281,2.090549,2.090549,0.000000,0.000000,0.000000,0.000000
282,1.999139,1.999139,0.000000,0.000000,0.000000,0.000000
283,1.897782,1.897782,0.000000,0.000000,0.000000,0.000000
284,1.938068,1.938068,0.000000,0.000000,0.000000,0.000000
285,1.951990,1.951990,0.000000,0.000000,0.000000,0.000000
286,1.946112,1.946112,0.000000,0.000000,0.000000,0.000000
287,1.899869,1.899869,0.000000,0.000000,0.000000,0.000000
288,2.096616,2.096616,0.000000,0.000000,0.000000,0.000000
289,2.070355,2.070355,0.000000,0.000000,0.000000,0.000000
290,1.942180,1.942180,0.000000,0.000000,0.000000,2.952926
291,2.035589,2.035589,0.000000,0.000000,0.000000,0.000000
292,1.977994,1.977994,0.000000,0.000000,0.000000,0.000000
293,1.962086,1.962086,0.000000,0.000000,0.000000,0.000000
294,2.060108,2.060108,0.000000,0.000000,0.000000,0.000000
295,1.939376,1.939376,0.000000,0.000000,0.000000,0.000000
296,1.942217,1.942217,0.000000,0.000000,0.000000,0.000000
297,1.917558,1.917558,0.000000,0.000000,0.000000,0.000000
298,2.148146,2.148146,0.000000,0.000000,0.000000,0.000000
299,1.935861,1.935861,0.000000,0.000000,0.000000,0.000000
300,2.016711,2.016711,0.000000,0.000000,0.000000,2.940996
301,2.039213,2.039213,0.000000,0.000000,0.000000,0.000000
302,2.062743,2.062743,0.000000,0.000000,0.000000,0.000000
303,2.015917,2.015917,0.000000,0.000000,0.000000,0.000000
304,1.925629,1.925629,0.000000,0.000000,0.000000,0.000000
305,1.953834,1.953834,0.000000,0.000000,0.000000,0.000000
306,1.876263,1.876263,0.000000,0.000000,0.000000,0.000000
307,1.897779,1.897779,0.000000,0.000000,0.000000,0.000000
308,2.014883,2.014883,0.000000,0.000000,0.000000,0.000000
309,1.695633,1.695633,0.000000,0.000000,0.000000,0.000000
310,1.824014,1.824014,0.000000,0.000000,0.000000,2.918205
311,1.909010,1.909010,0.000000,0.000000,0.000000,0.000000
312,1.829562,1.829562,0.000000,0.000000,0.000000,0.000000
313,1.897035,1.897035,0.000000,0.000000,0.000000,0.000000
314,2.002062,2.002062,0.000000,0.000000,0.000000,0.000000
315,1.877721,1.877721,0.000000,0.000000,0.000000,0.000000
316,1.967394,1.967394,0.000000,0.000000,0.000000,0.000000
317,1.888749,1.888749,0.000000,0.000000,0.000000,0.000000
318,1.942535,1.942535,0.000000,0.000000,0.000000,0.000000
319,1.858344,1.858344,0.000000,0.000000,0.000000,0.000000
320,1.917066,1.917066,0.000000,0.000000,0.000000,2.888177
321,1.839920,1.839920,0.000000,0.000000,0.000000,0.000000
322,1.826340,1.826340,0.000000,0.000000,0.000000,0.000000
323,1.801402,1.801402,0.000000,0.000000,0.000000,0.000000
324,1.820956,1.820956,0.000000,0.000000,0.000000,0.000000
325,1.850216,1.850216,0.000000,0.000000,0.000000,0.000000
326,1.966044,1.966044,0.000000,0.000000,0.000000,0.000000
327,1.682261,1.682261,0.000000,0.000000,0.000000,0.000000
328,1.699612,1.699612,0.000000,0.000000,0.000000,0.000000
329,1.843142,1.843142,0.000000,0.000000,0.000000,0.000000
330,1.884879,1.884879,0.000000,0.000000,0.000000,2.870470
331,1.786742,1.786742,0.000000,0.000000,0.000000,0.000000
332,1.821408,1.821408,0.000000,0.000000,0.000000,0.000000
333,1.762586,1.762586,0.000000,0.000000,0.000000,0.000000
334,1.719386,1.719386,0.000000,0.000000,0.000000,0.000000
335,1.816571,1.816571,0.000000,0.000000,0.000000,0.000000
336,1.783577,1.783577,0.000000,0.000000,0.000000,0.000000
337,1.634692,1.634692,0.000000,0.000000,0.000000,0.000000
338,1.754746,1.754746,0.000000,0.000000,0.000000,0.000000
339,1.766872,1.766872,0.000000,0.000000,0.000000,0.000000
340,1.662021,1.662021,0.000000,0.000000,0.000000,2.875231
341,1.743492,1.743492,0.000000,0.000000,0.000000,0.000000
342,1.696144,1.696144,0.000000,0.000000,0.000000,0.000000
343,1.762325,1.762325,0.000000,0.000000,0.000000,0.000000
344,1.757269,1.757269,0.000000,0.000000,0.000000,0.000000
345,1.789012,1.789012,0.000000,0.000000,0.000000,0.000000
346,1.654133,1.654133,0.000000,0.000000,0.000000,0.000000
347,1.837038,1.837038,0.000000,0.000000,0.000000,0.000000
348,1.774016,1.774016,0.000000,0.000000,0.000000,0.000000
349,1.608840,1.608840,0.000000,0.000000,0.000000,0.000000
350,1.700402,1.700402,0.000000,0.000000,0.000000,2.854918
351,1.623648,1.623648,0.000000,0.000000,0.000000,0.000000
352,1.686111,1.686111,0.000000,0.000000,0.000000,0.000000
353,1.677415,1.677415,0.000000,0.000000,0.000000,0.000000
354,1.780864,1.780864,0.000000,0.000000,0.000000,0.000000
355,1.880424,1.880424,0.000000,0.000000,0.000000,0.000000
356,1.638320,1.638320,0.000000,0.000000,0.000000,0.000000
357,1.677731,1.677731,0.000000,0.000000,0.000000,0.000000
358,1.668314,1.668314,0.000000,0.000000,0.000000,0.000000
359,1.657365,1.657365,0.000000,0.000000,0.000000,0.000000
360,1.652683,1.652683,0.000000,0.000000,0.000000,2.819715
361,1.605143,1.605143,0.000000,0.000000,0.000000,0.000000
362,1.794827,1.794827,0.000000,0.000000,0.000000,0.000000
363,1.709038,1.709038,0.000000,0.000000,0.000000,0.000000
364,1.587402,1.587402,0.000000,0.000000,0.000000,0.000000
365,1.729169,1.729169,0.000000,0.000000,0.000000,0.000000
366,1.663094,1.663094,0.000000,0.000000,0.000000,0.000000
367,1.730230,1.730230,0.000000,0.000000,0.000000,0.000000
368,1.680903,1.680903,0.000000,0.000000,0.000000,0.000000
369,1.598826,1.598826,0.000000,0.000000,0.000000,0.000000
370,1.597165,1.597165,0.000000,0.000000,0.000000,2.812704
371,1.657235,1.657235,0.000000,0.000000,0.000000,0.000000
372,1.653338,1.653338,0.000000,0.000000,0.000000,0.000000
373,1.688377,1.688377,0.000000,0.000000,0.000000,0.000000
374,1.695116,1.695116,0.000000,0.000000,0.000000,0.000000
375,1.634483,1.634483,0.000000,0.000000,0.000000,0.000000
376,1.651860,1.651860,0.000000,0.000000,0.000000,0.000000
377,1.679730,1.679730,0.000000,0.000000,0.000000,0.000000
378,1.643920,1.643920,0.000000,0.000000,0.000000,0.000000
379,1.792568,1.792568,0.000000,0.000000,0.000000,0.000000
380,1.697607,1.697607,0.000000,0.000000,0.000000,2.814204
381,1.698866,1.698866,0.000000,0.000000,0.000000,0.000000
382,1.693218,1.693218,0.000000,0.000000,0.000000,0.000000
383,1.645614,1.645614,0.000000,0.000000,0.000000,0.000000
384,1.613549,1.613549,0.000000,0.000000,0.000000,0.000000
385,1.691411,1.691411,0.000000,0.000000,0.000000,0.000000
386,1.656794,1.656794,0.000000,0.000000,0.000000,0.000000
387,1.643914,1.643914,0.000000,0.000000,0.000000,0.000000
388,1.528431,1.528431,0.000000,0.000000,0.000000,0.000000
389,1.590714,1.590714,0.000000,0.000000,0.000000,0.000000
390,1.594041,1.594041,0.000000,0.000000,0.000000,2.806149
391,1.575571,1.575571,0.000000,0.000000,0.000000,0.000000
392,1.509479,1.509479,0.000000,0.000000,0.000000,0.000000
393,1.554533,1.554533,0.000000,0.000000,0.000000,0.000000
394,1.583492,1.583492,0.000000,0.000000,0.000000,0.000000
395,1.515313,1.515313,0.000000,0.000000,0.000000,0.000000
396,1.635166,1.635166,0.000000,0.000000,0.000000,0.000000
397,1.611033,1.611033,0.000000,0.000000,0.000000,0.000000
398,1.561977,1.561977,0.000000,0.000000,0.000000,0.000000
399,1.642825,1.642825,0.000000,0.000000,0.000000,0.000000
400,1.445974,1.445974,0.000000,0.000000,0.000000,2.809239
401,1.541689,1.541689,0.000000,0.000000,0.000000,0.000000
402,1.524032,1.524032,0.000000,0.000000,0.000000,0.000000
403,1.595123,1.595123,0.000000,0.000000,0.000000,0.000000
404,1.494704,1.494704,0.000000,0.000000,0.000000,0.000000
405,1.581548,1.581548,0.000000,0.000000,0.000000,0.000000
406,1.580010,1.580010,0.000000,0.000000,0.000000,0.000000
407,1.615264,1.615264,0.000000,0.000000,0.000000,0.000000
408,1.467107,1.467107,0.000000,0.000000,0.000000,0.000000
409,1.568017,1.568017,0.000000,0.000000,0.000000,0.000000
410,1.474711,1.474711,0.000000,0.000000,0.000000,2.787693
411,1.644931,1.644931,0.000000,0.000000,0.000000,0.000000
412,1.473753,1.473753,0.000000,0.000000,0.000000,0.000000
413,1.454542,1.454542,0.000000,0.000000,0.000000,0.000000
414,1.526104,1.526104,0.000000,0.000000,0.000000,0.000000
415,1.460081,1.460081,0.000000,0.000000,0.000000,0.000000
416,1.582372,1.582372,0.000000,0.000000,0.000000,0.000000
417,1.476374,1.476374,0.000000,0.000000,0.000000,0.000000
418,1.478141,1.478141,0.000000,0.000000,0.000000,0.000000
419,1.385368,1.385368,0.000000,0.000000,0.000000,0.000000
420,1.412129,1.412129,0.000000,0.000000,0.000000,2.779746
421,1.428263,1.428263,0.000000,0.000000,0.000000,0.000000
422,1.546902,1.546902,0.000000,0.000000,0.000000,0.000000
423,1.494923,1.494923,0.000000,0.000000,0.000000,0.000000
424,1.394602,1.394602,0.000000,0.000000,0.000000,0.000000
425,1.606366,1.606366,0.000000,0.000000,0.000000,0.000000
426,1.446316,1.446316,0.000000,0.000000,0.000000,0.000000
427,1.426216,1.426216,0.000000,0.000000,0.000000,0.000000
428,1.502525,1.502525,0.000000,0.000000,0.000000,0.000000
429,1.625582,1.625582,0.000000,0.000000,0.000000,0.000000
430,1.539500,1.539500,0.000000,0.000000,0.000000,2.790961
431,1.496255,1.496255,0.000000,0.000000,0.000000,0.000000
432,1.543638,1.543638,0.000000,0.000000,0.000000,0.000000
433,1.551021,1.551021,0.000000,0.000000,0.000000,0.000000
434,1.559258,1.559258,0.000000,0.000000,0.000000,0.000000
435,1.389654,1.389654,0.000000,0.000000,0.000000,0.000000
436,1.563056,1.563056,0.000000,0.000000,0.000000,0.000000
437,1.487082,1.487082,0.000000,0.000000,0.000000,0.000000
438,1.502934,1.502934,0.000000,0.000000,0.000000,0.000000
439,1.341838,1.341838,0.000000,0.000000,0.000000,0.000000
440,1.472989,1.472989,0.000000,0.000000,0.000000,2.803743
441,1.494015,1.494015,0.000000,0.000000,0.000000,0.000000
442,1.542601,1.542601,0.000000,0.000000,0.000000,0.000000
443,1.496264,1.496264,0.000000,0.000000,0.000000,0.000000
444,1.392394,1.392394,0.000000,0.000000,0.000000,0.000000
445,1.428172,1.428172,0.000000,0.000000,0.000000,0.000000
446,1.419142,1.419142,0.000000,0.000000,0.000000,0.000000
447,1.438463,1.438463,0.000000,0.000000,0.000000,0.000000
448,1.516855,1.516855,0.000000,0.000000,0.000000,0.000000
449,1.440472,1.440472,0.000000,0.000000,0.000000,0.000000
450,1.507596,1.507596,0.000000,0.000000,0.000000,2.779338
451,1.388032,1.388032,0.000000,0.000000,0.000000,0.000000
452,1.415153,1.415153,0.000000,0.000000,0.000000,0.000000
453,1.470755,1.470755,0.000000,0.000000,0.000000,0.000000
454,1.439777,1.439777,0.000000,0.000000,0.000000,0.000000
455,1.387849,1.387849,0.000000,0.000000,0.000000,0.000000
456,1.489778,1.489778,0.000000,0.000000,0.000000,0.000000
457,1.392781,1.392781,0.000000,0.000000,0.000000,0.000000
458,1.506870,1.506870,0.000000,0.000000,0.000000,0.000000
459,1.273386,1.273386,0.000000,0.000000,0.000000,0.000000
460,1.420856,1.420856,0.000000,0.000000,0.000000,2.763934
461,1.318575,1.318575,0.000000,0.000000,0.000000,0.000000
462,1.394594,1.394594,0.000000,0.000000,0.000000,0.000000
463,1.360834,1.360834,0.000000,0.000000,0.000000,0.000000
464,1.396989,1.396989,0.000000,0.000000,0.000000,0.000000
465,1.483210,1.483210,0.000000,0.000000,0.000000,0.000000
466,1.452279,1.452279,0.000000,0.000000,0.000000,0.000000
467,1.486260,1.486260,0.000000,0.000000,0.000000,0.000000
468,1.387789,1.387789,0.000000,0.000000,0.000000,0.000000
469,1.364663,1.364663,0.000000,0.000000,0.000000,0.000000
470,1.505338,1.505338,0.000000,0.000000,0.000000,2.757737
471,1.324449,1.324449,0.000000,0.000000,0.000000,0.000000
472,1.471578,1.471578,0.000000,0.000000,0.000000,0.000000
473,1.441895,1.441895,0.000000,0.000000,0.000000,0.000000
474,1.448903,1.448903,0.000000,0.000000,0.000000,0.000000
475,1.306519,1.306519,0.000000,0.000000,0.000000,0.000000
476,1.293498,1.293498,0.000000,0.000000,0.000000,0.000000
477,1.389622,1.389622,0.000000,0.000000,0.000000,0.000000
478,1.389942,1.389942,0.000000,0.000000,0.000000,0.000000
479,1.371419,1.371419,0.000000,0.000000,0.000000,0.000000
480,1.454412,1.454412,0.000000,0.000000,0.000000,2.791601
481,1.346118,1.346118,0.000000,0.000000,0.000000,0.000000
482,1.478163,1.478163,0.000000,0.000000,0.000000,0.000000
483,1.415680,1.415680,0.000000,0.000000,0.000000,0.000000
484,1.377520,1.377520,0.000000,0.000000,0.000000,0.000000
485,1.378589,1.378589,0.000000,0.000000,0.000000,0.000000
486,1.389701,1.389701,0.000000,0.000000,0.000000,0.000000
487,1.311977,1.311977,0.000000,0.000000,0.000000,0.000000
488,1.376372,1.376372,0.000000,0.000000,0.000000,0.000000
489,1.315994,1.315994,0.000000,0.000000,0.000000,0.000000
490,1.311940,1.311940,0.000000,0.000000,0.000000,2.762403
491,1.361593,1.361593,0.000000,0.000000,0.000000,0.000000
492,1.422293,1.422293,0.000000,0.000000,0.000000,0.000000
493,1.397409,1.397409,0.000000,0.000000,0.000000,0.000000
494,1.363040,1.363040,0.000000,0.000000,0.000000,0.000000
495,1.319157,1.319157,0.000000,0.000000,0.000000,0.000000
496,1.458895,1.458895,0.000000,0.000000,0.000000,0.000000
497,1.279776,1.279776,0.000000,0.000000,0.000000,0.000000
498,1.351918,1.351918,0.000000,0.000000,0.000000,0.000000
499,1.343327,1.343327,0.000000,0.000000,0.000000,0.000000
500,1.381220,1.381220,0.000000,0.000000,0.000000,2.745241
501,1.213589,1.213589,0.000000,0.000000,0.000000,0.000000
502,1.258178,1.258178,0.000000,0.000000,0.000000,0.000000
503,1.360236,1.360236,0.000000,0.000000,0.000000,0.000000
504,1.379481,1.379481,0.000000,0.000000,0.000000,0.000000
505,1.271779,1.271779,0.000000,0.000000,0.000000,0.000000
506,1.439812,1.439812,0.000000,0.000000,0.000000,0.000000
507,1.391088,1.391088,0.000000,0.000000,0.000000,0.000000
508,1.281758,1.281758,0.000000,0.000000,0.000000,0.000000
509,1.329812,1.329812,0.000000,0.000000,0.000000,0.000000
510,1.358929,1.358929,0.000000,0.000000,0.000000,2.759254
511,1.302553,1.302553,0.000000,0.000000,0.000000,0.000000
512,1.321305,1.321305,0.000000,0.000000,0.000000,0.000000
513,1.348866,1.348866,0.000000,0.000000,0.000000,0.000000
514,1.301779,1.301779,0.000000,0.000000,0.000000,0.000000
515,1.273662,1.273662,0.000000,0.000000,0.000000,0.000000
516,1.302259,1.302259,0.000000,0.000000,0.000000,0.000000
517,1.323278,1.323278,0.000000,0.000000,0.000000,0.000000
518,1.278571,1.278571,0.000000,0.000000,0.000000,0.000000
519,1.385352,1.385352,0.000000,0.000000,0.000000,0.000000
520,1.441822,1.441822,0.000000,0.000000,0.000000,2.769000
521,1.382985,1.382985,0.000000,0.000000,0.000000,0.000000
522,1.273978,1.273978,0.000000,0.000000,0.000000,0.000000
523,1.385851,1.385851,0.000000,0.000000,0.000000,0.000000
524,1.385505,1.385505,0.000000,0.000000,0.000000,0.000000
525,1.367779,1.367779,0.000000,0.000000,0.000000,0.000000
526,1.346330,1.346330,0.000000,0.000000,0.000000,0.000000
527,1.253558,1.253558,0.000000,0.000000,0.000000,0.000000
528,1.389114,1.389114,0.000000,0.000000,0.000000,0.000000
529,1.307412,1.307412,0.000000,0.000000,0.000000,0.000000
530,1.211449,1.211449,0.000000,0.000000,0.000000,2.758316
531,1.302946,1.302946,0.000000,0.000000,0.000000,0.000000
532,1.265146,1.265146,0.000000,0.000000,0.000000,0.000000
533,1.269715,1.269715,0.000000,0.000000,0.000000,0.000000
534,1.368701,1.368701,0.000000,0.000000,0.000000,0.000000
535,1.394167,1.394167,0.000000,0.000000,0.000000,0.000000
536,1.369844,1.369844,0.000000,0.000000,0.000000,0.000000
537,1.319215,1.319215,0.000000,0.000000,0.000000,0.000000
538,1.328515,1.328515,0.000000,0.000000,0.000000,0.000000
539,1.271011,1.271011,0.000000,0.000000,0.000000,0.000000
540,1.253435,1.253435,0.000000,0.000000,0.000000,2.751156
541,1.251255,1.251255,0.000000,0.000000,0.000000,0.000000
542,1.211738,1.211738,0.000000,0.000000,0.000000,0.000000
543,1.196832,1.196832,0.000000,0.000000,0.000000,0.000000
544,1.305936,1.305936,0.000000,0.000000,0.000000,0.000000
545,1.256843,1.256843,0.000000,0.000000,0.000000,0.000000
546,1.284268,1.284268,0.000000,0.000000,0.000000,0.000000
547,1.330244,1.330244,0.000000,0.000000,0.000000,0.000000
548,1.210089,1.210089,0.000000,0.000000,0.000000,0.000000
549,1.181867,1.181867,0.000000,0.000000,0.000000,0.000000
550,1.221693,1.221693,0.000000,0.000000,0.000000,2.743741
551,1.330889,1.330889,0.000000,0.000000,0.000000,0.000000
552,1.340396,1.340396,0.000000,0.000000,0.000000,0.000000
553,1.266389,1.266389,0.000000,0.000000,0.000000,0.000000
554,1.160649,1.160649,0.000000,0.000000,0.000000,0.000000
555,1.246274,1.246274,0.000000,0.000000,0.000000,0.000000
556,1.309191,1.309191,0.000000,0.000000,0.000000,0.000000
557,1.261710,1.261710,0.000000,0.000000,0.000000,0.000000
558,1.204434,1.204434,0.000000,0.000000,0.000000,0.000000
559,1.239945,1.239945,0.000000,0.000000,0.000000,0.000000
560,1.308297,1.308297,0.000000,0.000000,0.000000,2.749409
561,1.363647,1.363647,0.000000,0.000000,0.000000,0.000000
562,1.214592,1.214592,0.000000,0.000000,0.000000,0.000000
563,1.146698,1.146698,0.000000,0.000000,0.000000,0.000000
564,1.231958,1.231958,0.000000,0.000000,0.000000,0.000000
565,1.350208,1.350208,0.000000,0.000000,0.000000,0.000000
566,1.306770,1.306770,0.000000,0.000000,0.000000,0.000000
567,1.181981,1.181981,0.000000,0.000000,0.000000,0.000000
568,1.253268,1.253268,0.000000,0.000000,0.000000,0.000000
569,1.185124,1.185124,0.000000,0.000000,0.000000,0.000000
570,1.288293,1.288293,0.000000,0.000000,0.000000,2.757230
571,1.244215,1.244215,0.000000,0.000000,0.000000,0.000000
572,1.225217,1.225217,0.000000,0.000000,0.000000,0.000000
573,1.188467,1.188467,0.000000,0.000000,0.000000,0.000000
574,1.175779,1.175779,0.000000,0.000000,0.000000,0.000000
575,1.321115,1.321115,0.000000,0.000000,0.000000,0.000000
576,1.232183,1.232183,0.000000,0.000000,0.000000,0.000000
577,1.272991,1.272991,0.000000,0.000000,0.000000,0.000000
578,1.166718,1.166718,0.000000,0.000000,0.000000,0.000000
579,1.190096,1.190096,0.000000,0.000000,0.000000,0.000000
580,1.214602,1.214602,0.000000,0.000000,0.000000,2.752080
581,1.226308,1.226308,0.000000,0.000000,0.000000,0.000000
582,1.248945,1.248945,0.000000,0.000000,0.000000,0.000000
583,1.237149,1.237149,0.000000,0.000000,0.000000,0.000000
584,1.295812,1.295812,0.000000,0.000000,0.000000,0.000000
585,1.168265,1.168265,0.000000,0.000000,0.000000,0.000000
586,1.267525,1.267525,0.000000,0.000000,0.000000,0.000000
587,1.193763,1.193763,0.000000,0.000000,0.000000,0.000000
588,1.329365,1.329365,0.000000,0.000000,0.000000,0.000000
589,1.197831,1.197831,0.000000,0.000000,0.000000,0.000000
590,1.213879,1.213879,0.000000,0.000000,0.000000,2.758015
591,1.156741,1.156741,0.000000,0.000000,0.000000,0.000000
592,1.172721,1.172721,0.000000,0.000000,0.000000,0.000000
593,1.258159,1.258159,0.000000,0.000000,0.000000,0.000000
594,1.262102,1.262102,0.000000,0.000000,0.000000,0.000000
595,1.317496,1.317496,0.000000,0.000000,0.000000,0.000000
596,1.354181,1.354181,0.000000,0.000000,0.000000,0.000000
597,1.312612,1.312612,0.000000,0.000000,0.000000,0.000000
598,1.242473,1.242473,0.000000,0.000000,0.000000,0.000000
599,1.196143,1.196143,0.000000,0.000000,0.000000,0.000000
600,1.197199,1.197199,0.000000,0.000000,0.000000,2.761080
601,1.235181,1.235181,0.000000,0.000000,0.000000,0.000000
602,1.208596,1.208596,0.000000,0.000000,0.000000,0.000000
603,1.110608,1.110608,0.000000,0.000000,0.000000,0.000000
604,1.205309,1.205309,0.000000,0.000000,0.000000,0.000000
605,1.180322,1.180322,0.000000,0.000000,0.000000,0.000000
606,1.158788,1.158788,0.000000,0.000000,0.000000,0.000000
607,1.300002,1.300002,0.000000,0.000000,0.000000,0.000000
608,1.136627,1.136627,0.000000,0.000000,0.000000,0.000000
609,1.140800,1.140800,0.000000,0.000000,0.000000,0.000000
610,1.181103,1.181103,0.000000,0.000000,0.000000,2.739050
611,1.210605,1.210605,0.000000,0.000000,0.000000,0.000000
612,1.200628,1.200628,0.000000,0.000000,0.000000,0.000000
613,1.165072,1.165072,0.000000,0.000000,0.000000,0.000000
614,1.086149,1.086149,0.000000,0.000000,0.000000,0.000000
615,1.152751,1.152751,0.000000,0.000000,0.000000,0.000000
616,1.282715,1.282715,0.000000,0.000000,0.000000,0.000000
617,1.245626,1.245626,0.000000,0.000000,0.000000,0.000000
618,1.179103,1.179103,0.000000,0.000000,0.000000,0.000000
619,1.162873,1.162873,0.000000,0.000000,0.000000,0.000000
620,1.248199,1.248199,0.000000,0.000000,0.000000,2.762250
621,1.175020,1.175020,0.000000,0.000000,0.000000,0.000000
622,1.099075,1.099075,0.000000,0.000000,0.000000,0.000000
623,1.208515,1.208515,0.000000,0.000000,0.000000,0.000000
624,1.190805,1.190805,0.000000,0.000000,0.000000,0.000000
625,1.162789,1.162789,0.000000,0.000000,0.000000,0.000000
626,1.203916,1.203916,0.000000,0.000000,0.000000,0.000000
627,1.161304,1.161304,0.000000,0.000000,0.000000,0.000000
628,1.253657,1.253657,0.000000,0.000000,0.000000,0.000000
629,1.123994,1.123994,0.000000,0.000000,0.000000,0.000000
630,1.245365,1.245365,0.000000,0.000000,0.000000,2.783453
631,1.179663,1.179663,0.000000,0.000000,0.000000,0.000000
632,1.242027,1.242027,0.000000,0.000000,0.000000,0.000000
633,1.158051,1.158051,0.000000,0.000000,0.000000,0.000000
634,1.149387,1.149387,0.000000,0.000000,0.000000,0.000000
635,1.051018,1.051018,0.000000,0.000000,0.000000,0.000000
636,1.154620,1.154620,0.000000,0.000000,0.000000,0.000000
637,1.066936,1.066936,0.000000,0.000000,0.000000,0.000000
638,1.190486,1.190486,0.000000,0.000000,0.000000,0.000000
639,1.194680,1.194680,0.000000,0.000000,0.000000,0.000000
640,1.244166,1.244166,0.000000,0.000000,0.000000,2.771662
641,1.094009,1.094009,0.000000,0.000000,0.000000,0.000000
642,1.162370,1.162370,0.000000,0.000000,0.000000,0.000000
643,1.257519,1.257519,0.000000,0.000000,0.000000,0.000000
644,1.194489,1.194489,0.000000,0.000000,0.000000,0.000000
645,1.200749,1.200749,0.000000,0.000000,0.000000,0.000000
646,1.077021,1.077021,0.000000,0.000000,0.000000,0.000000
647,1.104692,1.104692,0.000000,0.000000,0.000000,0.000000
648,1.169793,1.169793,0.000000,0.000000,0.000000,0.000000
649,1.064755,1.064755,0.000000,0.000000,0.000000,0.000000
650,1.155302,1.155302,0.000000,0.000000,0.000000,2.769600
651,1.130520,1.130520,0.000000,0.000000,0.000000,0.000000
652,1.098710,1.098710,0.000000,0.000000,0.000000,0.000000
653,1.173033,1.173033,0.000000,0.000000,0.000000,0.000000
654,1.205050,1.205050,0.000000,0.000000,0.000000,0.000000
655,1.141734,1.141734,0.000000,0.000000,0.000000,0.000000
656,1.265830,1.265830,0.000000,0.000000,0.000000,0.000000
657,1.114145,1.114145,0.000000,0.000000,0.000000,0.000000
658,1.149466,1.149466,0.000000,0.000000,0.000000,0.000000
659,1.131650,1.131650,0.000000,0.000000,0.000000,0.000000
660,1.227848,1.227848,0.000000,0.000000,0.000000,2.760165
661,1.188801,1.188801,0.000000,0.000000,0.000000,0.000000
662,1.021111,1.021111,0.000000,0.000000,0.000000,0.000000
663,1.074375,1.074375,0.000000,0.000000,0.000000,0.000000
664,1.106849,1.106849,0.000000,0.000000,0.000000,0.000000
665,1.154415,1.154415,0.000000,0.000000,0.000000,0.000000
666,1.133797,1.133797,0.000000,0.000000,0.000000,0.000000
667,1.135273,1.135273,0.000000,0.000000,0.000000,0.000000
668,1.175655,1.175655,0.000000,0.000000,0.000000,0.000000
669,1.078080,1.078080,0.000000,0.000000,0.000000,0.000000
670,1.167149,1.167149,0.000000,0.000000,0.000000,2.757320
671,1.144503,1.144503,0.000000,0.000000,0.000000,0.000000
672,1.147235,1.147235,0.000000,0.000000,0.000000,0.000000
673,1.159474,1.159474,0.000000,0.000000,0.000000,0.000000
674,1.119862,1.119862,0.000000,0.000000,0.000000,0.000000
675,1.065250,1.065250,0.000000,0.000000,0.000000,0.000000
676,1.156563,1.156563,0.000000,0.000000,0.000000,0.000000
677,1.125226,1.125226,0.000000,0.000000,0.000000,0.000000
678,1.182639,1.182639,0.000000,0.000000,0.000000,0.000000
679,1.168260,1.168260,0.000000,0.000000,0.000000,0.000000
680,1.194210,1.194210,0.000000,0.000000,0.000000,2.758159
681,1.103869,1.103869,0.000000,0.000000,0.000000,0.000000
682,1.149572,1.149572,0.000000,0.000000,0.000000,0.000000
683,1.110378,1.110378,0.000000,0.000000,0.000000,0.000000
684,1.177707,1.177707,0.000000,0.000000,0.000000,0.000000
685,1.132641,1.132641,0.000000,0.000000,0.000000,0.000000
686,1.161047,1.161047,0.000000,0.000000,0.000000,0.000000
687,1.079229,1.079229,0.000000,0.000000,0.000000,0.000000
688,1.146812,1.146812,0.000000,0.000000,0.000000,0.000000
689,1.147846,1.147846,0.000000,0.000000,0.000000,0.000000
690,1.102683,1.102683,0.000000,0.000000,0.000000,2.738483
691,0.994802,0.994802,0.000000,0.000000,0.000000,0.000000
692,1.063390,1.063390,0.000000,0.000000,0.000000,0.000000
693,1.092472,1.092472,0.000000,0.000000,0.000000,0.000000
694,1.155233,1.155233,0.000000,0.000000,0.000000,0.000000
695,1.040632,1.040632,0.000000,0.000000,0.000000,0.000000
696,1.011571,1.011571,0.000000,0.000000,0.000000,0.000000
697,0.947572,0.947572,0.000000,0.000000,0.000000,0.000000
698,1.074612,1.074612,0.000000,0.000000,0.000000,0.000000
699,1.122926,1.122926,0.000000,0.000000,0.000000,0.000000
700,1.145716,1.145716,0.000000,0.000000,0.000000,2.774952
701,1.065352,1.065352,0.000000,0.000000,0.000000,0.000000
702,1.085512,1.085512,0.000000,0.000000,0.000000,0.000000
703,1.056992,1.056992,0.000000,0.000000,0.000000,0.000000
704,1.080677,1.080677,0.000000,0.000000,0.000000,0.000000
705,1.189666,1.189666,0.000000,0.000000,0.000000,0.000000
706,1.089139,1.089139,0.000000,0.000000,0.000000,0.000000
707,1.100738,1.100738,0.000000,0.000000,0.000000,0.000000
708,1.099369,1.099369,0.000000,0.000000,0.000000,0.000000
709,1.110219,1.110219,0.000000,0.000000,0.000000,0.000000
710,1.070677,1.070677,0.000000,0.000000,0.000000,2.784733
711,1.081144,1.081144,0.000000,0.000000,0.000000,0.000000
712,1.115760,1.115760,0.000000,0.000000,0.000000,0.000000
713,1.117697,1.117697,0.000000,0.000000,0.000000,0.000000
714,1.092022,1.092022,0.000000,0.000000,0.000000,0.000000
715,1.079903,1.079903,0.000000,0.000000,0.000000,0.000000
716,1.109423,1.109423,0.000000,0.000000,0.000000,0.000000
717,1.068963,1.068963,0.000000,0.000000,0.000000,0.000000
718,1.049028,1.049028,0.000000,0.000000,0.000000,0.000000
719,1.021582,1.021582,0.000000,0.000000,0.000000,0.000000
720,1.107920,1.107920,0.000000,0.000000,0.000000,2.788174
721,1.095430,1.095430,0.000000,0.000000,0.000000,0.000000
722,1.081430,1.081430,0.000000,0.000000,0.000000,0.000000
723,1.157447,1.157447,0.000000,0.000000,0.000000,0.000000
724,1.017078,1.017078,0.000000,0.000000,0.000000,0.000000
725,1.017886,1.017886,0.000000,0.000000,0.000000,0.000000
726,1.119138,1.119138,0.000000,0.000000,0.000000,0.000000
727,1.056005,1.056005,0.000000,0.000000,0.000000,0.000000
728,1.027278,1.027278,0.000000,0.000000,0.000000,0.000000
729,1.036001,1.036001,0.000000,0.000000,0.000000,0.000000
730,1.129998,1.129998,0.000000,0.000000,0.000000,2.793114
731,1.106053,1.106053,0.000000,0.000000,0.000000,0.000000
732,1.071373,1.071373,0.000000,0.000000,0.000000,0.000000
733,1.099022,1.099022,0.000000,0.000000,0.000000,0.000000
734,1.030511,1.030511,0.000000,0.000000,0.000000,0.000000
735,1.123582,1.123582,0.000000,0.000000,0.000000,0.000000
736,1.045890,1.045890,0.000000,0.000000,0.000000,0.000000
737,1.014324,1.014324,0.000000,0.000000,0.000000,0.000000
738,1.134538,1.134538,0.000000,0.000000,0.000000,0.000000
739,1.109125,1.109125,0.000000,0.000000,0.000000,0.000000
740,1.029212,1.029212,0.000000,0.000000,0.000000,2.800545
741,1.123142,1.123142,0.000000,0.000000,0.000000,0.000000
742,1.069579,1.069579,0.000000,0.000000,0.000000,0.000000
743,1.086300,1.086300,0.000000,0.000000,0.000000,0.000000
744,1.084874,1.084874,0.000000,0.000000,0.000000,0.000000
745,0.946737,0.946737,0.000000,0.000000,0.000000,0.000000
746,1.037075,1.037075,0.000000,0.000000,0.000000,0.000000
747,0.976651,0.976651,0.000000,0.000000,0.000000,0.000000
748,1.005567,1.005567,0.000000,0.000000,0.000000,0.000000
749,1.002821,1.002821,0.000000,0.000000,0.000000,0.000000
750,1.069220,1.069220,0.000000,0.000000,0.000000,2.789720
751,1.042877,1.042877,0.000000,0.000000,0.000000,0.000000
752,1.088832,1.088832,0.000000,0.000000,0.000000,0.000000
753,1.205610,1.205610,0.000000,0.000000,0.000000,0.000000
754,1.164330,1.164330,0.000000,0.000000,0.000000,0.000000
755,1.105690,1.105690,0.000000,0.000000,0.000000,0.000000
756,1.044080,1.044080,0.000000,0.000000,0.000000,0.000000
757,1.087576,1.087576,0.000000,0.000000,0.000000,0.000000
758,1.018543,1.018543,0.000000,0.000000,0.000000,0.000000
759,1.027513,1.027513,0.000000,0.000000,0.000000,0.000000
760,1.061942,1.061942,0.000000,0.000000,0.000000,2.787896
761,0.953229,0.953229,0.000000,0.000000,0.000000,0.000000
762,0.998553,0.998553,0.000000,0.000000,0.000000,0.000000
763,1.043980,1.043980,0.000000,0.000000,0.000000,0.000000
764,0.993146,0.993146,0.000000,0.000000,0.000000,0.000000
765,1.059966,1.059966,0.000000,0.000000,0.000000,0.000000
766,1.017957,1.017957,0.000000,0.000000,0.000000,0.000000
767,1.091184,1.091184,0.000000,0.000000,0.000000,0.000000
768,1.067179,1.067179,0.000000,0.000000,0.000000,0.000000
769,1.025161,1.025161,0.000000,0.000000,0.000000,0.000000
770,0.968217,0.968217,0.000000,0.000000,0.000000,2.791791
771,1.008464,1.008464,0.000000,0.000000,0.000000,0.000000
772,1.107467,1.107467,0.000000,0.000000,0.000000,0.000000
773,0.975340,0.975340,0.000000,0.000000,0.000000,0.000000
774,0.976770,0.976770,0.000000,0.000000,0.000000,0.000000
775,0.992788,0.992788,0.000000,0.000000,0.000000,0.000000
776,1.075995,1.075995,0.000000,0.000000,0.000000,0.000000
777,1.186294,1.186294,0.000000,0.000000,0.000000,0.000000
778,1.063377,1.063377,0.000000,0.000000,0.000000,0.000000
779,0.963960,0.963960,0.000000,0.000000,0.000000,0.000000
780,1.077876,1.077876,0.000000,0.000000,0.000000,2.808116
781,1.094137,1.094137,0.000000,0.000000,0.000000,0.000000
782,0.934545,0.934545,0.000000,0.000000,0.000000,0.000000
783,1.081583,1.081583,0.000000,0.000000,0.000000,0.000000
784,1.033729,1.033729,0.000000,0.000000,0.000000,0.000000
785,1.038348,1.038348,0.000000,0.000000,0.000000,0.000000
786,1.106660,1.106660,0.000000,0.000000,0.000000,0.000000
787,1.083614,1.083614,0.000000,0.000000,0.000000,0.000000
788,1.083404,1.083404,0.000000,0.000000,0.000000,0.000000
789,1.059566,1.059566,0.000000,0.000000,0.000000,0.000000
790,1.049931,1.049931,0.000000,0.000000,0.000000,2.800251
791,1.048391,1.048391,0.000000,0.000000,0.000000,0.000000
792,1.121078,1.121078,0.000000,0.000000,0.000000,0.000000
793,1.100155,1.100155,0.000000,0.000000,0.000000,0.000000
794,1.036238,1.036238,0.000000,0.000000,0.000000,0.000000
795,0.984926,0.984926,0.000000,0.000000,0.000000,0.000000
796,0.992770,0.992770,0.000000,0.000000,0.000000,0.000000
797,1.034095,1.034095,0.000000,0.000000,0.000000,0.000000
798,1.119903,1.119903,0.000000,0.000000,0.000000,0.000000
799,1.144233,1.144233,0.000000,0.000000,0.000000,0.000000
800,1.072666,1.072666,0.000000,0.000000,0.000000,2.820592
801,1.112294,1.112294,0.000000,0.000000,0.000000,0.000000
802,1.017175,1.017175,0.000000,0.000000,0.000000,0.000000
803,0.973448,0.973448,0.000000,0.000000,0.000000,0.000000
804,0.968293,0.968293,0.000000,0.000000,0.000000,0.000000
805,1.098817,1.098817,0.000000,0.000000,0.000000,0.000000
806,1.027680,1.027680,0.000000,0.000000,0.000000,0.000000
807,1.005998,1.005998,0.000000,0.000000,0.000000,0.000000
808,0.985783,0.985783,0.000000,0.000000,0.000000,0.000000
809,1.055665,1.055665,0.000000,0.000000,0.000000,0.000000
810,1.090897,1.090897,0.000000,0.000000,0.000000,2.822758
811,0.927325,0.927325,0.000000,0.000000,0.000000,0.000000
812,0.960206,0.960206,0.000000,0.000000,0.000000,0.000000
813,1.097659,1.097659,0.000000,0.000000,0.000000,0.000000
814,1.002506,1.002506,0.000000,0.000000,0.000000,0.000000
815,1.098200,1.098200,0.000000,0.000000,0.000000,0.000000
816,1.002328,1.002328,0.000000,0.000000,0.000000,0.000000
817,1.134977,1.134977,0.000000,0.000000,0.000000,0.000000
818,0.997477,0.997477,0.000000,0.000000,0.000000,0.000000
819,1.014052,1.014052,0.000000,0.000000,0.000000,0.000000
820,1.009605,1.009605,0.000000,0.000000,0.000000,2.794420
821,0.983595,0.983595,0.000000,0.000000,0.000000,0.000000
822,0.987354,0.987354,0.000000,0.000000,0.000000,0.000000
823,0.986763,0.986763,0.000000,0.000000,0.000000,0.000000
824,1.013684,1.013684,0.000000,0.000000,0.000000,0.000000
825,0.982580,0.982580,0.000000,0.000000,0.000000,0.000000
826,0.975381,0.975381,0.000000,0.000000,0.000000,0.000000
827,0.951482,0.951482,0.000000,0.000000,0.000000,0.000000
828,1.078843,1.078843,0.000000,0.000000,0.000000,0.000000
829,0.990428,0.990428,0.000000,0.000000,0.000000,0.000000
830,1.088168,1.088168,0.000000,0.000000,0.000000,2.821557
831,0.960059,0.960059,0.000000,0.000000,0.000000,0.000000
832,1.045222,1.045222,0.000000,0.000000,0.000000,0.000000
833,1.044651,1.044651,0.000000,0.000000,0.000000,0.000000
834,1.026403,1.026403,0.000000,0.000000,0.000000,0.000000
835,1.032894,1.032894,0.000000,0.000000,0.000000,0.000000
836,1.006934,1.006934,0.000000,0.000000,0.000000,0.000000
837,1.021352,1.021352,0.000000,0.000000,0.000000,0.000000
838,1.017893,1.017893,0.000000,0.000000,0.000000,0.000000
839,1.119689,1.119689,0.000000,0.000000,0.000000,0.000000
840,1.021174,1.021174,0.000000,0.000000,0.000000,2.802678
841,0.919203,0.919203,0.000000,0.000000,0.000000,0.000000
842,0.948266,0.948266,0.000000,0.000000,0.000000,0.000000
843,0.934268,0.934268,0.000000,0.000000,0.000000,0.000000
844,0.935785,0.935785,0.000000,0.000000,0.000000,0.000000
845,1.003892,1.003892,0.000000,0.000000,0.000000,0.000000
846,1.024247,1.024247,0.000000,0.000000,0.000000,0.000000
847,1.029166,1.029166,0.000000,0.000000,0.000000,0.000000
848,1.007640,1.007640,0.000000,0.000000,0.000000,0.000000
849,0.946423,0.946423,0.000000,0.000000,0.000000,0.000000
850,1.048552,1.048552,0.000000,0.000000,0.000000,2.824242
851,0.926769,0.926769,0.000000,0.000000,0.000000,0.000000
852,0.975840,0.975840,0.000000,0.000000,0.000000,0.000000
853,1.014280,1.014280,0.000000,0.000000,0.000000,0.000000
854,1.066381,1.066381,0.000000,0.000000,0.000000,0.000000
855,0.992132,0.992132,0.000000,0.000000,0.000000,0.000000
856,0.983142,0.983142,0.000000,0.000000,0.000000,0.000000
857,1.126927,1.126927,0.000000,0.000000,0.000000,0.000000
858,0.922038,0.922038,0.000000,0.000000,0.000000,0.000000
859,0.946635,0.946635,0.000000,0.000000,0.000000,0.000000
860,0.984686,0.984686,0.000000,0.000000,0.000000,2.798963
861,1.004479,1.004479,0.000000,0.000000,0.000000,0.000000
862,0.971670,0.971670,0.000000,0.000000,0.000000,0.000000
863,0.979241,0.979241,0.000000,0.000000,0.000000,0.000000
864,0.949051,0.949051,0.000000,0.000000,0.000000,0.000000
865,0.927780,0.927780,0.000000,0.000000,0.000000,0.000000
866,1.027166,1.027166,0.000000,0.000000,0.000000,0.000000
867,0.996313,0.996313,0.000000,0.000000,0.000000,0.000000
868,1.063512,1.063512,0.000000,0.000000,0.000000,0.000000
869,0.940536,0.940536,0.000000,0.000000,0.000000,0.000000
870,0.964922,0.964922,0.000000,0.000000,0.000000,2.816850
871,0.969234,0.969234,0.000000,0.000000,0.000000,0.000000
872,0.933946,0.933946,0.000000,0.000000,0.000000,0.000000
873,0.936137,0.936137,0.000000,0.000000,0.000000,0.000000
874,0.976311,0.976311,0.000000,0.000000,0.000000,0.000000
875,1.012095,1.012095,0.000000,0.000000,0.000000,0.000000
876,1.037332,1.037332,0.000000,0.000000,0.000000,0.000000
877,1.020187,1.020187,0.000000,0.000000,0.000000,0.000000
878,0.948647,0.948647,0.000000,0.000000,0.000000,0.000000
879,0.998471,0.998471,0.000000,0.000000,0.000000,0.000000
880,1.030269,1.030269,0.000000,0.000000,0.000000,2.797826
881,1.014604,1.014604,0.000000,0.000000,0.000000,0.000000
882,0.990762,0.990762,0.000000,0.000000,0.000000,0.000000
883,0.937334,0.937334,0.000000,0.000000,0.000000,0.000000
884,1.003929,1.003929,0.000000,0.000000,0.000000,0.000000
885,1.056991,1.056991,0.000000,0.000000,0.000000,0.000000
886,0.949089,0.949089,0.000000,0.000000,0.000000,0.000000
887,0.992141,0.992141,0.000000,0.000000,0.000000,0.000000
888,1.037984,1.037984,0.000000,0.000000,0.000000,0.000000
889,0.904510,0.904510,0.000000,0.000000,0.000000,0.000000
890,1.051459,1.051459,0.000000,0.000000,0.000000,2.830791
891,0.959480,0.959480,0.000000,0.000000,0.000000,0.000000
892,0.944683,0.944683,0.000000,0.000000,0.000000,0.000000
893,0.945876,0.945876,0.000000,0.000000,0.000000,0.000000
894,0.984652,0.984652,0.000000,0.000000,0.000000,0.000000
895,0.984049,0.984049,0.000000,0.000000,0.000000,0.000000
896,0.992671,0.992671,0.000000,0.000000,0.000000,0.000000
897,0.882916,0.882916,0.000000,0.000000,0.000000,0.000000
898,0.897033,0.897033,0.000000,0.000000,0.000000,0.000000
899,0.886859,0.886859,0.000000,0.000000,0.000000,0.000000
900,0.952317,0.952317,0.000000,0.000000,0.000000,2.830066
901,0.922370,0.922370,0.000000,0.000000,0.000000,0.000000
902,1.055755,1.055755,0.000000,0.000000,0.000000,0.000000
903,1.019193,1.019193,0.000000,0.000000,0.000000,0.000000
904,0.935106,0.935106,0.000000,0.000000,0.000000,0.000000
905,0.970146,0.970146,0.000000,0.000000,0.000000,0.000000
906,0.985879,0.985879,0.000000,0.000000,0.000000,0.000000
907,1.028964,1.028964,0.000000,0.000000,0.000000,0.000000
908,0.928967,0.928967,0.000000,0.000000,0.000000,0.000000
909,0.992802,0.992802,0.000000,0.000000,0.000000,0.000000
910,0.920156,0.920156,0.000000,0.000000,0.000000,2.847115
911,0.933959,0.933959,0.000000,0.000000,0.000000,0.000000
912,0.959611,0.959611,0.000000,0.000000,0.000000,0.000000
913,0.912486,0.912486,0.000000,0.000000,0.000000,0.000000
914,0.899168,0.899168,0.000000,0.000000,0.000000,0.000000
915,0.924336,0.924336,0.000000,0.000000,0.000000,0.000000
916,1.004201,1.004201,0.000000,0.000000,0.000000,0.000000
917,0.952635,0.952635,0.000000,0.000000,0.000000,0.000000
918,0.900905,0.900905,0.000000,0.000000,0.000000,0.000000
919,0.901269,0.901269,0.000000,0.000000,0.000000,0.000000
920,1.001117,1.001117,0.000000,0.000000,0.000000,2.833369
921,1.027504,1.027504,0.000000,0.000000,0.000000,0.000000
922,0.955344,0.955344,0.000000,0.000000,0.000000,0.000000
923,0.936637,0.936637,0.000000,0.000000,0.000000,0.000000
924,0.987145,0.987145,0.000000,0.000000,0.000000,0.000000
925,0.964945,0.964945,0.000000,0.000000,0.000000,0.000000
926,0.959128,0.959128,0.000000,0.000000,0.000000,0.000000
927,0.918575,0.918575,0.000000,0.000000,0.000000,0.000000
928,0.976470,0.976470,0.000000,0.000000,0.000000,0.000000
929,0.970425,0.970425,0.000000,0.000000,0.000000,0.000000
930,0.923819,0.923819,0.000000,0.000000,0.000000,2.837699
931,0.951891,0.951891,0.000000,0.000000,0.000000,0.000000
932,0.986669,0.986669,0.000000,0.000000,0.000000,0.000000
933,0.983134,0.983134,0.000000,0.000000,0.000000,0.000000
934,0.890472,0.890472,0.000000,0.000000,0.000000,0.000000
935,0.896470,0.896470,0.000000,0.000000,0.000000,0.000000
936,0.988237,0.988237,0.000000,0.000000,0.000000,0.000000
937,0.851530,0.851530,0.000000,0.000000,0.000000,0.000000
938,0.946982,0.946982,0.000000,0.000000,0.000000,0.000000
939,0.859501,0.859501,0.000000,0.000000,0.000000,0.000000
940,0.920417,0.920417,0.000000,0.000000,0.000000,2.870394
941,0.929989,0.929989,0.000000,0.000000,0.000000,0.000000
942,0.942723,0.942723,0.000000,0.000000,0.000000,0.000000
943,1.025385,1.025385,0.000000,0.000000,0.000000,0.000000
944,0.892498,0.892498,0.000000,0.000000,0.000000,0.000000
945,0.994584,0.994584,0.000000,0.000000,0.000000,0.000000
946,0.940519,0.940519,0.000000,0.000000,0.000000,0.000000
947,0.931584,0.931584,0.000000,0.000000,0.000000,0.000000
948,0.965149,0.965149,0.000000,0.000000,0.000000,0.000000
949,0.983870,0.983870,0.000000,0.000000,0.000000,0.000000
950,0.921546,0.921546,0.000000,0.000000,0.000000,2.840758
951,0.962914,0.962914,0.000000,0.000000,0.000000,0.000000
952,1.008085,1.008085,0.000000,0.000000,0.000000,0.000000
953,0.966638,0.966638,0.000000,0.000000,0.000000,0.000000
954,0.890867,0.890867,0.000000,0.000000,0.000000,0.000000
955,0.956106,0.956106,0.000000,0.000000,0.000000,0.000000
956,0.941788,0.941788,0.000000,0.000000,0.000000,0.000000
957,0.953974,0.953974,0.000000,0.000000,0.000000,0.000000
958,0.913691,0.913691,0.000000,0.000000,0.000000,0.000000
959,0.906651,0.906651,0.000000,0.000000,0.000000,0.000000
960,0.973847,0.973847,0.000000,0.000000,0.000000,2.861315
961,0.873334,0.873334,0.000000,0.000000,0.000000,0.000000
962,0.987880,0.987880,0.000000,0.000000,0.000000,0.000000
963,0.952806,0.952806,0.000000,0.000000,0.000000,0.000000
964,0.869830,0.869830,0.000000,0.000000,0.000000,0.000000
965,0.869839,0.869839,0.000000,0.000000,0.000000,0.000000
966,0.943423,0.943423,0.000000,0.000000,0.000000,0.000000
967,0.975351,0.975351,0.000000,0.000000,0.000000,0.000000
968,0.938969,0.938969,0.000000,0.000000,0.000000,0.000000
969,0.883669,0.883669,0.000000,0.000000,0.000000,0.000000
970,0.877041,0.877041,0.000000,0.000000,0.000000,2.866761
971,0.951536,0.951536,0.000000,0.000000,0.000000,0.000000
972,1.030243,1.030243,0.000000,0.000000,0.000000,0.000000
973,0.910267,0.910267,0.000000,0.000000,0.000000,0.000000
974,0.955270,0.955270,0.000000,0.000000,0.000000,0.000000
975,0.942464,0.942464,0.000000,0.000000,0.000000,0.000000
976,0.934352,0.934352,0.000000,0.000000,0.000000,0.000000
977,0.906214,0.906214,0.000000,0.000000,0.000000,0.000000
978,0.895120,0.895120,0.000000,0.000000,0.000000,0.000000
979,0.897343,0.897343,0.000000,0.000000,0.000000,0.000000
980,0.874633,0.874633,0.000000,0.000000,0.000000,2.843783
981,0.931912,0.931912,0.000000,0.000000,0.000000,0.000000
982,0.781410,0.781410,0.000000,0.000000,0.000000,0.000000
983,0.898832,0.898832,0.000000,0.000000,0.000000,0.000000
984,0.850887,0.850887,0.000000,0.000000,0.000000,0.000000
985,0.914922,0.914922,0.000000,0.000000,0.000000,0.000000
986,0.980590,0.980590,0.000000,0.000000,0.000000,0.000000
987,0.874102,0.874102,0.000000,0.000000,0.000000,0.000000
988,0.895120,0.895120,0.000000,0.000000,0.000000,0.000000
989,0.896974,0.896974,0.000000,0.000000,0.000000,0.000000
990,0.897010,0.897010,0.000000,0.000000,0.000000,2.839171
991,0.948466,0.948466,0.000000,0.000000,0.000000,0.000000
992,0.883523,0.883523,0.000000,0.000000,0.000000,0.000000
993,0.876158,0.876158,0.000000,0.000000,0.000000,0.000000
994,0.882008,0.882008,0.000000,0.000000,0.000000,0.000000
995,0.959193,0.959193,0.000000,0.000000,0.000000,0.000000
996,0.941484,0.941484,0.000000,0.000000,0.000000,0.000000
997,0.919026,0.919026,0.000000,0.000000,0.000000,0.000000
998,0.920707,0.920707,0.000000,0.000000,0.000000,0.000000
999,0.948623,0.948623,0.000000,0.000000,0.000000,0.000000
1000,0.905452,0.905452,0.000000,0.000000,0.000000,2.854929
1001,0.898810,0.898810,0.000000,0.000000,0.000000,0.000000
1002,0.885430,0.885430,0.000000,0.000000,0.000000,0.000000
1003,0.926397,0.926397,0.000000,0.000000,0.000000,0.000000
1004,0.841295,0.841295,0.000000,0.000000,0.000000,0.000000
1005,0.867455,0.867455,0.000000,0.000000,0.000000,0.000000
1006,0.912688,0.912688,0.000000,0.000000,0.000000,0.000000
1007,0.866180,0.866180,0.000000,0.000000,0.000000,0.000000
1008,0.942581,0.942581,0.000000,0.000000,0.000000,0.000000
1009,0.918548,0.918548,0.000000,0.000000,0.000000,0.000000
1010,0.919192,0.919192,0.000000,0.000000,0.000000,2.859331
1011,0.969671,0.969671,0.000000,0.000000,0.000000,0.000000
1012,0.941334,0.941334,0.000000,0.000000,0.000000,0.000000
1013,0.919346,0.919346,0.000000,0.000000,0.000000,0.000000
1014,0.901980,0.901980,0.000000,0.000000,0.000000,0.000000
1015,0.890204,0.890204,0.000000,0.000000,0.000000,0.000000
1016,0.902248,0.902248,0.000000,0.000000,0.000000,0.000000
1017,0.896668,0.896668,0.000000,0.000000,0.000000,0.000000
1018,0.886435,0.886435,0.000000,0.000000,0.000000,0.000000
1019,0.868338,0.868338,0.000000,0.000000,0.000000,0.000000
1020,0.901127,0.901127,0.000000,0.000000,0.000000,2.877320
1021,0.893902,0.893902,0.000000,0.000000,0.000000,0.000000
1022,0.895217,0.895217,0.000000,0.000000,0.000000,0.000000
1023,0.904416,0.904416,0.000000,0.000000,0.000000,0.000000
1024,0.949331,0.949331,0.000000,0.000000,0.000000,0.000000
1025,0.934363,0.934363,0.000000,0.000000,0.000000,0.000000
1026,0.882546,0.882546,0.000000,0.000000,0.000000,0.000000
1027,0.911548,0.911548,0.000000,0.000000,0.000000,0.000000
1028,0.892771,0.892771,0.000000,0.000000,0.000000,0.000000
1029,0.859038,0.859038,0.000000,0.000000,0.000000,0.000000
1030,0.938605,0.938605,0.000000,0.000000,0.000000,2.855953
1031,0.885872,0.885872,0.000000,0.000000,0.000000,0.000000
1032,0.945528,0.945528,0.000000,0.000000,0.000000,0.000000
1033,0.937994,0.937994,0.000000,0.000000,0.000000,0.000000
1034,0.883777,0.883777,0.000000,0.000000,0.000000,0.000000
1035,0.975440,0.975440,0.000000,0.000000,0.000000,0.000000
1036,0.935651,0.935651,0.000000,0.000000,0.000000,0.000000
1037,0.877648,0.877648,0.000000,0.000000,0.000000,0.000000
1038,0.960780,0.960780,0.000000,0.000000,0.000000,0.000000
1039,0.912117,0.912117,0.000000,0.000000,0.000000,0.000000
1040,0.912205,0.912205,0.000000,0.000000,0.000000,2.879800
1041,0.950019,0.950019,0.000000,0.000000,0.000000,0.000000
1042,0.826054,0.826054,0.000000,0.000000,0.000000,0.000000
1043,0.852703,0.852703,0.000000,0.000000,0.000000,0.000000
1044,0.903478,0.903478,0.000000,0.000000,0.000000,0.000000
1045,0.897546,0.897546,0.000000,0.000000,0.000000,0.000000
1046,0.859313,0.859313,0.000000,0.000000,0.000000,0.000000
1047,0.900331,0.900331,0.000000,0.000000,0.000000,0.000000
1048,0.949979,0.949979,0.000000,0.000000,0.000000,0.000000
1049,0.915574,0.915574,0.000000,0.000000,0.000000,0.000000
1050,0.893306,0.893306,0.000000,0.000000,0.000000,2.866428
1051,0.893872,0.893872,0.000000,0.000000,0.000000,0.000000
1052,0.813089,0.813089,0.000000,0.000000,0.000000,0.000000
1053,0.946764,0.946764,0.000000,0.000000,0.000000,0.000000
1054,0.926307,0.926307,0.000000,0.000000,0.000000,0.000000
1055,0.938220,0.938220,0.000000,0.000000,0.000000,0.000000
1056,0.899698,0.899698,0.000000,0.000000,0.000000,0.000000
1057,0.792952,0.792952,0.000000,0.000000,0.000000,0.000000
1058,0.866696,0.866696,0.000000,0.000000,0.000000,0.000000
1059,0.872719,0.872719,0.000000,0.000000,0.000000,0.000000
1060,0.917308,0.917308,0.000000,0.000000,0.000000,2.911633
1061,0.927458,0.927458,0.000000,0.000000,0.000000,0.000000
1062,0.902239,0.902239,0.000000,0.000000,0.000000,0.000000
1063,0.883995,0.883995,0.000000,0.000000,0.000000,0.000000
1064,0.928492,0.928492,0.000000,0.000000,0.000000,0.000000
1065,0.893898,0.893898,0.000000,0.000000,0.000000,0.000000
1066,0.885628,0.885628,0.000000,0.000000,0.000000,0.000000
1067,0.848614,0.848614,0.000000,0.000000,0.000000,0.000000
1068,0.894815,0.894815,0.000000,0.000000,0.000000,0.000000
1069,0.808460,0.808460,0.000000,0.000000,0.000000,0.000000
1070,0.843089,0.843089,0.000000,0.000000,0.000000,2.891833
1071,0.846098,0.846098,0.000000,0.000000,0.000000,0.000000
1072,0.819683,0.819683,0.000000,0.000000,0.000000,0.000000
1073,0.836359,0.836359,0.000000,0.000000,0.000000,0.000000
1074,0.842683,0.842683,0.000000,0.000000,0.000000,0.000000
1075,0.852328,0.852328,0.000000,0.000000,0.000000,0.000000
1076,0.828463,0.828463,0.000000,0.000000,0.000000,0.000000
1077,0.845402,0.845402,0.000000,0.000000,0.000000,0.000000
1078,0.876554,0.876554,0.000000,0.000000,0.000000,0.000000
1079,0.882591,0.882591,0.000000,0.000000,0.000000,0.000000
1080,0.893845,0.893845,0.000000,0.000000,0.000000,2.890822
1081,0.922099,0.922099,0.000000,0.000000,0.000000,0.000000
1082,0.780749,0.780749,0.000000,0.000000,0.000000,0.000000
1083,0.857999,0.857999,0.000000,0.000000,0.000000,0.000000
1084,0.849040,0.849040,0.000000,0.000000,0.000000,0.000000
1085,0.921271,0.921271,0.000000,0.000000,0.000000,0.000000
1086,0.882016,0.882016,0.000000,0.000000,0.000000,0.000000
1087,0.839797,0.839797,0.000000,0.000000,0.000000,0.000000
1088,0.880071,0.880071,0.000000,0.000000,0.000000,0.000000
1089,0.819939,0.819939,0.000000,0.000000,0.000000,0.000000
1090,0.902411,0.902411,0.000000,0.000000,0.000000,2.893660
1091,0.835217,0.835217,0.000000,0.000000,0.000000,0.000000
1092,0.893785,0.893785,0.000000,0.000000,0.000000,0.000000
1093,0.901139,0.901139,0.000000,0.000000,0.000000,0.000000
1094,0.880836,0.880836,0.000000,0.000000,0.000000,0.000000
1095,0.906305,0.906305,0.000000,0.000000,0.000000,0.000000
1096,0.851795,0.851795,0.000000,0.000000,0.000000,0.000000
1097,0.907479,0.907479,0.000000,0.000000,0.000000,0.000000
1098,0.869749,0.869749,0.000000,0.000000,0.000000,0.000000
1099,0.925584,0.925584,0.000000,0.000000,0.000000,0.000000
1100,0.836970,0.836970,0.000000,0.000000,0.000000,2.913734
1101,0.897729,0.897729,0.000000,0.000000,0.000000,0.000000
1102,0.786101,0.786101,0.000000,0.000000,0.000000,0.000000
1103,0.864202,0.864202,0.000000,0.000000,0.000000,0.000000
1104,0.832853,0.832853,0.000000,0.000000,0.000000,0.000000
1105,0.907841,0.907841,0.000000,0.000000,0.000000,0.000000
1106,0.905843,0.905843,0.000000,0.000000,0.000000,0.000000
1107,0.814199,0.814199,0.000000,0.000000,0.000000,0.000000
1108,0.867098,0.867098,0.000000,0.000000,0.000000,0.000000
1109,0.842306,0.842306,0.000000,0.000000,0.000000,0.000000
1110,0.922382,0.922382,0.000000,0.000000,0.000000,2.910391
1111,0.890561,0.890561,0.000000,0.000000,0.000000,0.000000
1112,0.833040,0.833040,0.000000,0.000000,0.000000,0.000000
1113,0.914652,0.914652,0.000000,0.000000,0.000000,0.000000
1114,0.848651,0.848651,0.000000,0.000000,0.000000,0.000000
1115,0.834834,0.834834,0.000000,0.000000,0.000000,0.000000
1116,0.897188,0.897188,0.000000,0.000000,0.000000,0.000000
1117,0.906376,0.906376,0.000000,0.000000,0.000000,0.000000
1118,0.882249,0.882249,0.000000,0.000000,0.000000,0.000000
1119,0.832114,0.832114,0.000000,0.000000,0.000000,0.000000
1120,0.929034,0.929034,0.000000,0.000000,0.000000,2.921342
1121,0.840479,0.840479,0.000000,0.000000,0.000000,0.000000
1122,0.932348,0.932348,0.000000,0.000000,0.000000,0.000000
1123,0.863661,0.863661,0.000000,0.000000,0.000000,0.000000
1124,0.919658,0.919658,0.000000,0.000000,0.000000,0.000000
1125,0.871203,0.871203,0.000000,0.000000,0.000000,0.000000
1126,0.828677,0.828677,0.000000,0.000000,0.000000,0.000000
1127,0.836396,0.836396,0.000000,0.000000,0.000000,0.000000
1128,0.911372,0.911372,0.000000,0.000000,0.000000,0.000000
1129,0.915827,0.915827,0.000000,0.000000,0.000000,0.000000
1130,0.847043,0.847043,0.000000,0.000000,0.000000,2.916729
1131,0.785558,0.785558,0.000000,0.000000,0.000000,0.000000
1132,0.889358,0.889358,0.000000,0.000000,0.000000,0.000000
1133,0.824578,0.824578,0.000000,0.000000,0.000000,0.000000
1134,0.839535,0.839535,0.000000,0.000000,0.000000,0.000000
1135,0.823603,0.823603,0.000000,0.000000,0.000000,0.000000
1136,0.922940,0.922940,0.000000,0.000000,0.000000,0.000000
1137,0.879168,0.879168,0.000000,0.000000,0.000000,0.000000
1138,0.824202,0.824202,0.000000,0.000000,0.000000,0.000000
1139,0.871725,0.871725,0.000000,0.000000,0.000000,0.000000
1140,0.870512,0.870512,0.000000,0.000000,0.000000,2.917238
1141,0.834175,0.834175,0.000000,0.000000,0.000000,0.000000
1142,0.789645,0.789645,0.000000,0.000000,0.000000,0.000000
1143,0.821296,0.821296,0.000000,0.000000,0.000000,0.000000
1144,0.841040,0.841040,0.000000,0.000000,0.000000,0.000000
1145,0.873409,0.873409,0.000000,0.000000,0.000000,0.000000
1146,0.920975,0.920975,0.000000,0.000000,0.000000,0.000000
1147,0.899648,0.899648,0.000000,0.000000,0.000000,0.000000
1148,0.834029,0.834029,0.000000,0.000000,0.000000,0.000000
1149,0.890662,0.890662,0.000000,0.000000,0.000000,0.000000
1150,0.869243,0.869243,0.000000,0.000000,0.000000,2.940639
1151,0.939024,0.939024,0.000000,0.000000,0.000000,0.000000
1152,0.888318,0.888318,0.000000,0.000000,0.000000,0.000000
1153,0.941671,0.941671,0.000000,0.000000,0.000000,0.000000
1154,0.831191,0.831191,0.000000,0.000000,0.000000,0.000000
1155,0.798485,0.798485,0.000000,0.000000,0.000000,0.000000
1156,0.907161,0.907161,0.000000,0.000000,0.000000,0.000000
1157,0.888598,0.888598,0.000000,0.000000,0.000000,0.000000
1158,0.829348,0.829348,0.000000,0.000000,0.000000,0.000000
1159,0.913059,0.913059,0.000000,0.000000,0.000000,0.000000
1160,0.830252,0.830252,0.000000,0.000000,0.000000,2.930254
1161,0.850610,0.850610,0.000000,0.000000,0.000000,0.000000
1162,0.839481,0.839481,0.000000,0.000000,0.000000,0.000000
1163,0.849820,0.849820,0.000000,0.000000,0.000000,0.000000
1164,0.818669,0.818669,0.000000,0.000000,0.000000,0.000000
1165,0.799729,0.799729,0.000000,0.000000,0.000000,0.000000
1166,0.925045,0.925045,0.000000,0.000000,0.000000,0.000000
1167,0.844748,0.844748,0.000000,0.000000,0.000000,0.000000
1168,0.865865,0.865865,0.000000,0.000000,0.000000,0.000000
1169,0.832092,0.832092,0.000000,0.000000,0.000000,0.000000
1170,0.836123,0.836123,0.000000,0.000000,0.000000,2.917806
1171,0.821940,0.821940,0.000000,0.000000,0.000000,0.000000
1172,0.875963,0.875963,0.000000,0.000000,0.000000,0.000000
1173,0.841978,0.841978,0.000000,0.000000,0.000000,0.000000
1174,0.893460,0.893460,0.000000,0.000000,0.000000,0.000000
1175,0.803578,0.803578,0.000000,0.000000,0.000000,0.000000
1176,0.859151,0.859151,0.000000,0.000000,0.000000,0.000000
1177,0.894435,0.894435,0.000000,0.000000,0.000000,0.000000
1178,0.870733,0.870733,0.000000,0.000000,0.000000,0.000000
1179,0.855623,0.855623,0.000000,0.000000,0.000000,0.000000
1180,0.832085,0.832085,0.000000,0.000000,0.000000,2.907143
1181,0.878280,0.878280,0.000000,0.000000,0.000000,0.000000
1182,0.854133,0.854133,0.000000,0.000000,0.000000,0.000000
1183,0.853594,0.853594,0.000000,0.000000,0.000000,0.000000
1184,0.846923,0.846923,0.000000,0.000000,0.000000,0.000000
1185,0.828961,0.828961,0.000000,0.000000,0.000000,0.000000
1186,0.844321,0.844321,0.000000,0.000000,0.000000,0.000000
1187,0.786548,0.786548,0.000000,0.000000,0.000000,0.000000
1188,0.854277,0.854277,0.000000,0.000000,0.000000,0.000000
1189,0.814180,0.814180,0.000000,0.000000,0.000000,0.000000
1190,0.805680,0.805680,0.000000,0.000000,0.000000,2.934819
1191,0.799693,0.799693,0.000000,0.000000,0.000000,0.000000
1192,0.790612,0.790612,0.000000,0.000000,0.000000,0.000000
1193,0.850224,0.850224,0.000000,0.000000,0.000000,0.000000
1194,0.884343,0.884343,0.000000,0.000000,0.000000,0.000000
1195,0.775656,0.775656,0.000000,0.000000,0.000000,0.000000
1196,0.818727,0.818727,0.000000,0.000000,0.000000,0.000000
1197,0.851630,0.851630,0.000000,0.000000,0.000000,0.000000
1198,0.854835,0.854835,0.000000,0.000000,0.000000,0.000000
1199,0.887785,0.887785,0.000000,0.000000,0.000000,0.000000
1200,0.832681,0.832681,0.000000,0.000000,0.000000,2.933994
1201,0.886518,0.886518,0.000000,0.000000,0.000000,0.000000
1202,0.782026,0.782026,0.000000,0.000000,0.000000,0.000000
1203,0.852794,0.852794,0.000000,0.000000,0.000000,0.000000
1204,0.873571,0.873571,0.000000,0.000000,0.000000,0.000000
1205,0.850028,0.850028,0.000000,0.000000,0.000000,0.000000
1206,0.879714,0.879714,0.000000,0.000000,0.000000,0.000000
1207,0.822525,0.822525,0.000000,0.000000,0.000000,0.000000
1208,0.870965,0.870965,0.000000,0.000000,0.000000,0.000000
1209,0.886456,0.886456,0.000000,0.000000,0.000000,0.000000
1210,0.824684,0.824684,0.000000,0.000000,0.000000,2.942392
1211,0.817816,0.817816,0.000000,0.000000,0.000000,0.000000
1212,0.825320,0.825320,0.000000,0.000000,0.000000,0.000000
1213,0.889181,0.889181,0.000000,0.000000,0.000000,0.000000
1214,0.846164,0.846164,0.000000,0.000000,0.000000,0.000000
1215,0.840005,0.840005,0.000000,0.000000,0.000000,0.000000
1216,0.835358,0.835358,0.000000,0.000000,0.000000,0.000000
1217,0.800812,0.800812,0.000000,0.000000,0.000000,0.000000
1218,0.838578,0.838578,0.000000,0.000000,0.000000,0.000000
1219,0.833697,0.833697,0.000000,0.000000,0.000000,0.000000
1220,0.847696,0.847696,0.000000,0.000000,0.000000,2.926468
1221,0.830369,0.830369,0.000000,0.000000,0.000000,0.000000
1222,0.790267,0.790267,0.000000,0.000000,0.000000,0.000000
1223,0.781852,0.781852,0.000000,0.000000,0.000000,0.000000
1224,0.800701,0.800701,0.000000,0.000000,0.000000,0.000000
1225,0.806393,0.806393,0.000000,0.000000,0.000000,0.000000
1226,0.889273,0.889273,0.000000,0.000000,0.000000,0.000000
1227,0.811795,0.811795,0.000000,0.000000,0.000000,0.000000
1228,0.815044,0.815044,0.000000,0.000000,0.000000,0.000000
1229,0.776552,0.776552,0.000000,0.000000,0.000000,0.000000
1230,0.779293,0.779293,0.000000,0.000000,0.000000,2.959234
1231,0.862945,0.862945,0.000000,0.000000,0.000000,0.000000
1232,0.749060,0.749060,0.000000,0.000000,0.000000,0.000000
1233,0.736531,0.736531,0.000000,0.000000,0.000000,0.000000
1234,0.809971,0.809971,0.000000,0.000000,0.000000,0.000000
1235,0.781012,0.781012,0.000000,0.000000,0.000000,0.000000
1236,0.794807,0.794807,0.000000,0.000000,0.000000,0.000000
1237,0.795247,0.795247,0.000000,0.000000,0.000000,0.000000
1238,0.824766,0.824766,0.000000,0.000000,0.000000,0.000000
1239,0.864785,0.864785,0.000000,0.000000,0.000000,0.000000
1240,0.803185,0.803185,0.000000,0.000000,0.000000,2.951373
1241,0.786558,0.786558,0.000000,0.000000,0.000000,0.000000
1242,0.843750,0.843750,0.000000,0.000000,0.000000,0.000000
1243,0.736181,0.736181,0.000000,0.000000,0.000000,0.000000
1244,0.816307,0.816307,0.000000,0.000000,0.000000,0.000000
1245,0.736124,0.736124,0.000000,0.000000,0.000000,0.000000
1246,0.726584,0.726584,0.000000,0.000000,0.000000,0.000000
1247,0.829263,0.829263,0.000000,0.000000,0.000000,0.000000
1248,0.810018,0.810018,0.000000,0.000000,0.000000,0.000000
1249,0.763064,0.763064,0.000000,0.000000,0.000000,0.000000
1250,0.844897,0.844897,0.000000,0.000000,0.000000,2.986298
1251,0.811988,0.811988,0.000000,0.000000,0.000000,0.000000
1252,0.785382,0.785382,0.000000,0.000000,0.000000,0.000000
1253,0.814991,0.814991,0.000000,0.000000,0.000000,0.000000
1254,0.829846,0.829846,0.000000,0.000000,0.000000,0.000000
1255,0.808132,0.808132,0.000000,0.000000,0.000000,0.000000
1256,0.782326,0.782326,0.000000,0.000000,0.000000,0.000000
1257,0.854683,0.854683,0.000000,0.000000,0.000000,0.000000
1258,0.801125,0.801125,0.000000,0.000000,0.000000,0.000000
1259,0.775466,0.775466,0.000000,0.000000,0.000000,0.000000
1260,0.784049,0.784049,0.000000,0.000000,0.000000,2.982658
1261,0.802184,0.802184,0.000000,0.000000,0.000000,0.000000
1262,0.817815,0.817815,0.000000,0.000000,0.000000,0.000000
1263,0.815611,0.815611,0.000000,0.000000,0.000000,0.000000
1264,0.798213,0.798213,0.000000,0.000000,0.000000,0.000000
1265,0.837023,0.837023,0.000000,0.000000,0.000000,0.000000
1266,0.781025,0.781025,0.000000,0.000000,0.000000,0.000000
1267,0.825741,0.825741,0.000000,0.000000,0.000000,0.000000
1268,0.725288,0.725288,0.000000,0.000000,0.000000,0.000000
1269,0.817952,0.817952,0.000000,0.000000,0.000000,0.000000
1270,0.790269,0.790269,0.000000,0.000000,0.000000,2.970795
1271,0.797523,0.797523,0.000000,0.000000,0.000000,0.000000
1272,0.783342,0.783342,0.000000,0.000000,0.000000,0.000000
1273,0.812966,0.812966,0.000000,0.000000,0.000000,0.000000
1274,0.793654,0.793654,0.000000,0.000000,0.000000,0.000000
1275,0.853331,0.853331,0.000000,0.000000,0.000000,0.000000
1276,0.792413,0.792413,0.000000,0.000000,0.000000,0.000000
1277,0.782456,0.782456,0.000000,0.000000,0.000000,0.000000
1278,0.823513,0.823513,0.000000,0.000000,0.000000,0.000000
1279,0.833577,0.833577,0.000000,0.000000,0.000000,0.000000
1280,0.760355,0.760355,0.000000,0.000000,0.000000,2.986488
1281,0.822282,0.822282,0.000000,0.000000,0.000000,0.000000
1282,0.809982,0.809982,0.000000,0.000000,0.000000,0.000000
1283,0.848452,0.848452,0.000000,0.000000,0.000000,0.000000
1284,0.805138,0.805138,0.000000,0.000000,0.000000,0.000000
1285,0.787351,0.787351,0.000000,0.000000,0.000000,0.000000
1286,0.832051,0.832051,0.000000,0.000000,0.000000,0.000000
1287,0.834951,0.834951,0.000000,0.000000,0.000000,0.000000
1288,0.869230,0.869230,0.000000,0.000000,0.000000,0.000000
1289,0.745312,0.745312,0.000000,0.000000,0.000000,0.000000
1290,0.792559,0.792559,0.000000,0.000000,0.000000,2.970686
1291,0.762864,0.762864,0.000000,0.000000,0.000000,0.000000
1292,0.800663,0.800663,0.000000,0.000000,0.000000,0.000000
1293,0.781915,0.781915,0.000000,0.000000,0.000000,0.000000
1294,0.806592,0.806592,0.000000,0.000000,0.000000,0.000000
1295,0.766855,0.766855,0.000000,0.000000,0.000000,0.000000
1296,0.770213,0.770213,0.000000,0.000000,0.000000,0.000000
1297,0.797903,0.797903,0.000000,0.000000,0.000000,0.000000
1298,0.810562,0.810562,0.000000,0.000000,0.000000,0.000000
1299,0.788539,0.788539,0.000000,0.000000,0.000000,0.000000
1300,0.845818,0.845818,0.000000,0.000000,0.000000,2.987598
1301,0.767100,0.767100,0.000000,0.000000,0.000000,0.000000
1302,0.808975,0.808975,0.000000,0.000000,0.000000,0.000000
1303,0.757165,0.757165,0.000000,0.000000,0.000000,0.000000
1304,0.778447,0.778447,0.000000,0.000000,0.000000,0.000000
1305,0.834546,0.834546,0.000000,0.000000,0.000000,0.000000
1306,0.859789,0.859789,0.000000,0.000000,0.000000,0.000000
1307,0.902478,0.902478,0.000000,0.000000,0.000000,0.000000
1308,0.791085,0.791085,0.000000,0.000000,0.000000,0.000000
1309,0.769741,0.769741,0.000000,0.000000,0.000000,0.000000
1310,0.833447,0.833447,0.000000,0.000000,0.000000,2.990309
1311,0.781580,0.781580,0.000000,0.000000,0.000000,0.000000
1312,0.788788,0.788788,0.000000,0.000000,0.000000,0.000000
1313,0.795858,0.795858,0.000000,0.000000,0.000000,0.000000
1314,0.760993,0.760993,0.000000,0.000000,0.000000,0.000000
1315,0.834789,0.834789,0.000000,0.000000,0.000000,0.000000
1316,0.843453,0.843453,0.000000,0.000000,0.000000,0.000000
1317,0.878767,0.878767,0.000000,0.000000,0.000000,0.000000
1318,0.841653,0.841653,0.000000,0.000000,0.000000,0.000000
1319,0.786671,0.786671,0.000000,0.000000,0.000000,0.000000
1320,0.781254,0.781254,0.000000,0.000000,0.000000,2.983060
1321,0.803448,0.803448,0.000000,0.000000,0.000000,0.000000
1322,0.745106,0.745106,0.000000,0.000000,0.000000,0.000000
1323,0.814034,0.814034,0.000000,0.000000,0.000000,0.000000
1324,0.818897,0.818897,0.000000,0.000000,0.000000,0.000000
1325,0.805810,0.805810,0.000000,0.000000,0.000000,0.000000
1326,0.810270,0.810270,0.000000,0.000000,0.000000,0.000000
1327,0.815836,0.815836,0.000000,0.000000,0.000000,0.000000
1328,0.799238,0.799238,0.000000,0.000000,0.000000,0.000000
1329,0.820526,0.820526,0.000000,0.000000,0.000000,0.000000
1330,0.743480,0.743480,0.000000,0.000000,0.000000,2.988381
1331,0.747207,0.747207,0.000000,0.000000,0.000000,0.000000
1332,0.746723,0.746723,0.000000,0.000000,0.000000,0.000000
1333,0.788476,0.788476,0.000000,0.000000,0.000000,0.000000
1334,0.812114,0.812114,0.000000,0.000000,0.000000,0.000000
1335,0.807081,0.807081,0.000000,0.000000,0.000000,0.000000
1336,0.785809,0.785809,0.000000,0.000000,0.000000,0.000000
1337,0.791168,0.791168,0.000000,0.000000,0.000000,0.000000
1338,0.803696,0.803696,0.000000,0.000000,0.000000,0.000000
1339,0.712907,0.712907,0.000000,0.000000,0.000000,0.000000
1340,0.765762,0.765762,0.000000,0.000000,0.000000,3.000522
1341,0.748147,0.748147,0.000000,0.000000,0.000000,0.000000
1342,0.798379,0.798379,0.000000,0.000000,0.000000,0.000000
1343,0.769497,0.769497,0.000000,0.000000,0.000000,0.000000
1344,0.756608,0.756608,0.000000,0.000000,0.000000,0.000000
1345,0.791239,0.791239,0.000000,0.000000,0.000000,0.000000
1346,0.777089,0.777089,0.000000,0.000000,0.000000,0.000000
1347,0.756879,0.756879,0.000000,0.000000,0.000000,0.000000
1348,0.852815,0.852815,0.000000,0.000000,0.000000,0.000000
1349,0.756178,0.756178,0.000000,0.000000,0.000000,0.000000
1350,0.790212,0.790212,0.000000,0.000000,0.000000,2.988361
1351,0.836684,0.836684,0.000000,0.000000,0.000000,0.000000
1352,0.784684,0.784684,0.000000,0.000000,0.000000,0.000000
1353,0.803364,0.803364,0.000000,0.000000,0.000000,0.000000
1354,0.747032,0.747032,0.000000,0.000000,0.000000,0.000000
1355,0.749160,0.749160,0.000000,0.000000,0.000000,0.000000
1356,0.776215,0.776215,0.000000,0.000000,0.000000,0.000000
1357,0.795475,0.795475,0.000000,0.000000,0.000000,0.000000
1358,0.710265,0.710265,0.000000,0.000000,0.000000,0.000000
1359,0.800957,0.800957,0.000000,0.000000,0.000000,0.000000
1360,0.871237,0.871237,0.000000,0.000000,0.000000,3.019546
1361,0.744393,0.744393,0.000000,0.000000,0.000000,0.000000
1362,0.821991,0.821991,0.000000,0.000000,0.000000,0.000000
1363,0.737307,0.737307,0.000000,0.000000,0.000000,0.000000
1364,0.756738,0.756738,0.000000,0.000000,0.000000,0.000000
1365,0.791750,0.791750,0.000000,0.000000,0.000000,0.000000
1366,0.735746,0.735746,0.000000,0.000000,0.000000,0.000000
1367,0.795514,0.795514,0.000000,0.000000,0.000000,0.000000
1368,0.787921,0.787921,0.000000,0.000000,0.000000,0.000000
1369,0.747969,0.747969,0.000000,0.000000,0.000000,0.000000
1370,0.699392,0.699392,0.000000,0.000000,0.000000,2.977451
1371,0.803933,0.803933,0.000000,0.000000,0.000000,0.000000
1372,0.807686,0.807686,0.000000,0.000000,0.000000,0.000000
1373,0.790568,0.790568,0.000000,0.000000,0.000000,0.000000
1374,0.734852,0.734852,0.000000,0.000000,0.000000,0.000000
1375,0.772780,0.772780,0.000000,0.000000,0.000000,0.000000
1376,0.807685,0.807685,0.000000,0.000000,0.000000,0.000000
1377,0.802336,0.802336,0.000000,0.000000,0.000000,0.000000
1378,0.847769,0.847769,0.000000,0.000000,0.000000,0.000000
1379,0.791742,0.791742,0.000000,0.000000,0.000000,0.000000
1380,0.800000,0.800000,0.000000,0.000000,0.000000,2.987320
1381,0.773592,0.773592,0.000000,0.000000,0.000000,0.000000
1382,0.750620,0.750620,0.000000,0.000000,0.000000,0.000000
1383,0.774886,0.774886,0.000000,0.000000,0.000000,0.000000
1384,0.803821,0.803821,0.000000,0.000000,0.000000,0.000000
1385,0.807828,0.807828,0.000000,0.000000,0.000000,0.000000
1386,0.777459,0.777459,0.000000,0.000000,0.000000,0.000000
1387,0.781965,0.781965,0.000000,0.000000,0.000000,0.000000
1388,0.735705,0.735705,0.000000,0.000000,0.000000,0.000000
1389,0.782969,0.782969,0.000000,0.000000,0.000000,0.000000
1390,0.816008,0.816008,0.000000,0.000000,0.000000,3.028892
1391,0.764951,0.764951,0.000000,0.000000,0.000000,0.000000
1392,0.733077,0.733077,0.000000,0.000000,0.000000,0.000000
1393,0.735237,0.735237,0.000000,0.000000,0.000000,0.000000
1394,0.808987,0.808987,0.000000,0.000000,0.000000,0.000000
1395,0.803106,0.803106,0.000000,0.000000,0.000000,0.000000
1396,0.783174,0.783174,0.000000,0.000000,0.000000,0.000000
1397,0.743932,0.743932,0.000000,0.000000,0.000000,0.000000
1398,0.757977,0.757977,0.000000,0.000000,0.000000,0.000000
1399,0.790122,0.790122,0.000000,0.000000,0.000000,0.000000
1400,0.823558,0.823558,0.000000,0.000000,0.000000,3.012941
1401,0.725344,0.725344,0.000000,0.000000,0.000000,0.000000
1402,0.733982,0.733982,0.000000,0.000000,0.000000,0.000000
1403,0.755151,0.755151,0.000000,0.000000,0.000000,0.000000
1404,0.787197,0.787197,0.000000,0.000000,0.000000,0.000000
1405,0.789444,0.789444,0.000000,0.000000,0.000000,0.000000
1406,0.814057,0.814057,0.000000,0.000000,0.000000,0.000000
1407,0.724599,0.724599,0.000000,0.000000,0.000000,0.000000
1408,0.777155,0.777155,0.000000,0.000000,0.000000,0.000000
1409,0.765754,0.765754,0.000000,0.000000,0.000000,0.000000
1410,0.771334,0.771334,0.000000,0.000000,0.000000,3.003713
1411,0.803387,0.803387,0.000000,0.000000,0.000000,0.000000
1412,0.823450,0.823450,0.000000,0.000000,0.000000,0.000000
1413,0.703613,0.703613,0.000000,0.000000,0.000000,0.000000
1414,0.789296,0.789296,0.000000,0.000000,0.000000,0.000000
1415,0.802773,0.802773,0.000000,0.000000,0.000000,0.000000
1416,0.788952,0.788952,0.000000,0.000000,0.000000,0.000000
1417,0.754997,0.754997,0.000000,0.000000,0.000000,0.000000
1418,0.800666,0.800666,0.000000,0.000000,0.000000,0.000000
1419,0.750888,0.750888,0.000000,0.000000,0.000000,0.000000
1420,0.731028,0.731028,0.000000,0.000000,0.000000,3.035232
1421,0.749058,0.749058,0.000000,0.000000,0.000000,0.000000
1422,0.765835,0.765835,0.000000,0.000000,0.000000,0.000000
1423,0.808504,0.808504,0.000000,0.000000,0.000000,0.000000
1424,0.731190,0.731190,0.000000,0.000000,0.000000,0.000000
1425,0.726549,0.726549,0.000000,0.000000,0.000000,0.000000
1426,0.733838,0.733838,0.000000,0.000000,0.000000,0.000000
1427,0.787469,0.787469,0.000000,0.000000,0.000000,0.000000
1428,0.712410,0.712410,0.000000,0.000000,0.000000,0.000000
1429,0.801664,0.801664,0.000000,0.000000,0.000000,0.000000
1430,0.783888,0.783888,0.000000,0.000000,0.000000,3.009358
1431,0.704415,0.704415,0.000000,0.000000,0.000000,0.000000
1432,0.753038,0.753038,0.000000,0.000000,0.000000,0.000000
1433,0.740382,0.740382,0.000000,0.000000,0.000000,0.000000
1434,0.753318,0.753318,0.000000,0.000000,0.000000,0.000000
1435,0.732013,0.732013,0.000000,0.000000,0.000000,0.000000
1436,0.748074,0.748074,0.000000,0.000000,0.000000,0.000000
1437,0.759836,0.759836,0.000000,0.000000,0.000000,0.000000
1438,0.734882,0.734882,0.000000,0.000000,0.000000,0.000000
1439,0.809856,0.809856,0.000000,0.000000,0.000000,0.000000
1440,0.764522,0.764522,0.000000,0.000000,0.000000,3.053210
1441,0.765772,0.765772,0.000000,0.000000,0.000000,0.000000
1442,0.762067,0.762067,0.000000,0.000000,0.000000,0.000000
1443,0.738129,0.738129,0.000000,0.000000,0.000000,0.000000
1444,0.773088,0.773088,0.000000,0.000000,0.000000,0.000000
1445,0.757105,0.757105,0.000000,0.000000,0.000000,0.000000
1446,0.735866,0.735866,0.000000,0.000000,0.000000,0.000000
1447,0.779167,0.779167,0.000000,0.000000,0.000000,0.000000
1448,0.774969,0.774969,0.000000,0.000000,0.000000,0.000000
1449,0.778247,0.778247,0.000000,0.000000,0.000000,0.000000
1450,0.768019,0.768019,0.000000,0.000000,0.000000,3.030298
1451,0.767942,0.767942,0.000000,0.000000,0.000000,0.000000
1452,0.752522,0.752522,0.000000,0.000000,0.000000,0.000000
1453,0.689490,0.689490,0.000000,0.000000,0.000000,0.000000
1454,0.771471,0.771471,0.000000,0.000000,0.000000,0.000000
1455,0.758240,0.758240,0.000000,0.000000,0.000000,0.000000
1456,0.790373,0.790373,0.000000,0.000000,0.000000,0.000000
1457,0.759050,0.759050,0.000000,0.000000,0.000000,0.000000
1458,0.743570,0.743570,0.000000,0.000000,0.000000,0.000000
1459,0.822220,0.822220,0.000000,0.000000,0.000000,0.000000
1460,0.691036,0.691036,0.000000,0.000000,0.000000,3.072145
1461,0.777740,0.777740,0.000000,0.000000,0.000000,0.000000
1462,0.763862,0.763862,0.000000,0.000000,0.000000,0.000000
1463,0.747514,0.747514,0.000000,0.000000,0.000000,0.000000
1464,0.800026,0.800026,0.000000,0.000000,0.000000,0.000000
1465,0.722873,0.722873,0.000000,0.000000,0.000000,0.000000
1466,0.705769,0.705769,0.000000,0.000000,0.000000,0.000000
1467,0.769470,0.769470,0.000000,0.000000,0.000000,0.000000
1468,0.805417,0.805417,0.000000,0.000000,0.000000,0.000000
1469,0.743278,0.743278,0.000000,0.000000,0.000000,0.000000
1470,0.779443,0.779443,0.000000,0.000000,0.000000,3.047094
1471,0.716707,0.716707,0.000000,0.000000,0.000000,0.000000
1472,0.762663,0.762663,0.000000,0.000000,0.000000,0.000000
1473,0.774859,0.774859,0.000000,0.000000,0.000000,0.000000
1474,0.752689,0.752689,0.000000,0.000000,0.000000,0.000000
1475,0.720121,0.720121,0.000000,0.000000,0.000000,0.000000
1476,0.722803,0.722803,0.000000,0.000000,0.000000,0.000000
1477,0.744502,0.744502,0.000000,0.000000,0.000000,0.000000
1478,0.772814,0.772814,0.000000,0.000000,0.000000,0.000000
1479,0.709622,0.709622,0.000000,0.000000,0.000000,0.000000
1480,0.773601,0.773601,0.000000,0.000000,0.000000,3.016714
1481,0.760781,0.760781,0.000000,0.000000,0.000000,0.000000
1482,0.745446,0.745446,0.000000,0.000000,0.000000,0.000000
1483,0.720088,0.720088,0.000000,0.000000,0.000000,0.000000
1484,0.752755,0.752755,0.000000,0.000000,0.000000,0.000000
1485,0.720813,0.720813,0.000000,0.000000,0.000000,0.000000
1486,0.745025,0.745025,0.000000,0.000000,0.000000,0.000000
1487,0.691719,0.691719,0.000000,0.000000,0.000000,0.000000
1488,0.715659,0.715659,0.000000,0.000000,0.000000,0.000000
1489,0.737697,0.737697,0.000000,0.000000,0.000000,0.000000
1490,0.854538,0.854538,0.000000,0.000000,0.000000,3.051118
1491,0.708501,0.708501,0.000000,0.000000,0.000000,0.000000
1492,0.679160,0.679160,0.000000,0.000000,0.000000,0.000000
1493,0.756948,0.756948,0.000000,0.000000,0.000000,0.000000
1494,0.703666,0.703666,0.000000,0.000000,0.000000,0.000000
1495,0.714290,0.714290,0.000000,0.000000,0.000000,0.000000
1496,0.743517,0.743517,0.000000,0.000000,0.000000,0.000000
1497,0.687187,0.687187,0.000000,0.000000,0.000000,0.000000
1498,0.761270,0.761270,0.000000,0.000000,0.000000,0.000000
1499,0.725097,0.725097,0.000000,0.000000,0.000000,0.000000
1500,0.786339,0.786339,0.000000,0.000000,0.000000,3.057185
1501,0.752748,0.752748,0.000000,0.000000,0.000000,0.000000
1502,0.744735,0.744735,0.000000,0.000000,0.000000,0.000000
1503,0.782494,0.782494,0.000000,0.000000,0.000000,0.000000
1504,0.765817,0.765817,0.000000,0.000000,0.000000,0.000000
1505,0.766552,0.766552,0.000000,0.000000,0.000000,0.000000
1506,0.743716,0.743716,0.000000,0.000000,0.000000,0.000000
1507,0.801527,0.801527,0.000000,0.000000,0.000000,0.000000
1508,0.704402,0.704402,0.000000,0.000000,0.000000,0.000000
1509,0.767891,0.767891,0.000000,0.000000,0.000000,0.000000
1510,0.761338,0.761338,0.000000,0.000000,0.000000,3.018840
1511,0.729999,0.729999,0.000000,0.000000,0.000000,0.000000
1512,0.762565,0.762565,0.000000,0.000000,0.000000,0.000000
1513,0.735903,0.735903,0.000000,0.000000,0.000000,0.000000
1514,0.735464,0.735464,0.000000,0.000000,0.000000,0.000000
1515,0.777499,0.777499,0.000000,0.000000,0.000000,0.000000
1516,0.719572,0.719572,0.000000,0.000000,0.000000,0.000000
1517,0.712207,0.712207,0.000000,0.000000,0.000000,0.000000
1518,0.731865,0.731865,0.000000,0.000000,0.000000,0.000000
1519,0.746044,0.746044,0.000000,0.000000,0.000000,0.000000
1520,0.713398,0.713398,0.000000,0.000000,0.000000,3.083885
1521,0.658416,0.658416,0.000000,0.000000,0.000000,0.000000
1522,0.686100,0.686100,0.000000,0.000000,0.000000,0.000000
1523,0.702207,0.702207,0.000000,0.000000,0.000000,0.000000
1524,0.746436,0.746436,0.000000,0.000000,0.000000,0.000000
1525,0.722134,0.722134,0.000000,0.000000,0.000000,0.000000
1526,0.728909,0.728909,0.000000,0.000000,0.000000,0.000000
1527,0.740818,0.740818,0.000000,0.000000,0.000000,0.000000
1528,0.698142,0.698142,0.000000,0.000000,0.000000,0.000000
1529,0.758243,0.758243,0.000000,0.000000,0.000000,0.000000
1530,0.730943,0.730943,0.000000,0.000000,0.000000,3.074342
1531,0.748601,0.748601,0.000000,0.000000,0.000000,0.000000
1532,0.666581,0.666581,0.000000,0.000000,0.000000,0.000000
1533,0.802778,0.802778,0.000000,0.000000,0.000000,0.000000
1534,0.735884,0.735884,0.000000,0.000000,0.000000,0.000000
1535,0.717629,0.717629,0.000000,0.000000,0.000000,0.000000
1536,0.738720,0.738720,0.000000,0.000000,0.000000,0.000000
1537,0.720365,0.720365,0.000000,0.000000,0.000000,0.000000
1538,0.758841,0.758841,0.000000,0.000000,0.000000,0.000000
1539,0.663597,0.663597,0.000000,0.000000,0.000000,0.000000
1540,0.741378,0.741378,0.000000,0.000000,0.000000,3.084486
1541,0.707612,0.707612,0.000000,0.000000,0.000000,0.000000
1542,0.703153,0.703153,0.000000,0.000000,0.000000,0.000000
1543,0.654818,0.654818,0.000000,0.000000,0.000000,0.000000
1544,0.784396,0.784396,0.000000,0.000000,0.000000,0.000000
1545,0.709578,0.709578,0.000000,0.000000,0.000000,0.000000
1546,0.712118,0.712118,0.000000,0.000000,0.000000,0.000000
1547,0.734729,0.734729,0.000000,0.000000,0.000000,0.000000
1548,0.761957,0.761957,0.000000,0.000000,0.000000,0.000000
1549,0.732101,0.732101,0.000000,0.000000,0.000000,0.000000
1550,0.740956,0.740956,0.000000,0.000000,0.000000,3.074546
1551,0.723167,0.723167,0.000000,0.000000,0.000000,0.000000
1552,0.729157,0.729157,0.000000,0.000000,0.000000,0.000000
1553,0.657758,0.657758,0.000000,0.000000,0.000000,0.000000
1554,0.751437,0.751437,0.000000,0.000000,0.000000,0.000000
1555,0.725054,0.725054,0.000000,0.000000,0.000000,0.000000
1556,0.775086,0.775086,0.000000,0.000000,0.000000,0.000000
1557,0.659467,0.659467,0.000000,0.000000,0.000000,0.000000
1558,0.716267,0.716267,0.000000,0.000000,0.000000,0.000000
1559,0.697046,0.697046,0.000000,0.000000,0.000000,0.000000
1560,0.707980,0.707980,0.000000,0.000000,0.000000,3.089860
1561,0.727255,0.727255,0.000000,0.000000,0.000000,0.000000
1562,0.721567,0.721567,0.000000,0.000000,0.000000,0.000000
1563,0.713756,0.713756,0.000000,0.000000,0.000000,0.000000
1564,0.678064,0.678064,0.000000,0.000000,0.000000,0.000000
1565,0.719311,0.719311,0.000000,0.000000,0.000000,0.000000
1566,0.744354,0.744354,0.000000,0.000000,0.000000,0.000000
1567,0.710102,0.710102,0.000000,0.000000,0.000000,0.000000
1568,0.627846,0.627846,0.000000,0.000000,0.000000,0.000000
1569,0.723176,0.723176,0.000000,0.000000,0.000000,0.000000
1570,0.753348,0.753348,0.000000,0.000000,0.000000,3.087550
1571,0.684910,0.684910,0.000000,0.000000,0.000000,0.000000
1572,0.712113,0.712113,0.000000,0.000000,0.000000,0.000000
1573,0.684403,0.684403,0.000000,0.000000,0.000000,0.000000
1574,0.744388,0.744388,0.000000,0.000000,0.000000,0.000000
1575,0.742242,0.742242,0.000000,0.000000,0.000000,0.000000
1576,0.714928,0.714928,0.000000,0.000000,0.000000,0.000000
1577,0.729768,0.729768,0.000000,0.000000,0.000000,0.000000
1578,0.700914,0.700914,0.000000,0.000000,0.000000,0.000000
1579,0.766047,0.766047,0.000000,0.000000,0.000000,0.000000
1580,0.689916,0.689916,0.000000,0.000000,0.000000,3.064200
1581,0.669009,0.669009,0.000000,0.000000,0.000000,0.000000
1582,0.708359,0.708359,0.000000,0.000000,0.000000,0.000000
1583,0.760018,0.760018,0.000000,0.000000,0.000000,0.000000
1584,0.726294,0.726294,0.000000,0.000000,0.000000,0.000000
1585,0.754206,0.754206,0.000000,0.000000,0.000000,0.000000
1586,0.790308,0.790308,0.000000,0.000000,0.000000,0.000000
1587,0.688025,0.688025,0.000000,0.000000,0.000000,0.000000
1588,0.700925,0.700925,0.000000,0.000000,0.000000,0.000000
1589,0.740864,0.740864,0.000000,0.000000,0.000000,0.000000
1590,0.719123,0.719123,0.000000,0.000000,0.000000,3.063851
1591,0.725365,0.725365,0.000000,0.000000,0.000000,0.000000
1592,0.693914,0.693914,0.000000,0.000000,0.000000,0.000000
1593,0.735414,0.735414,0.000000,0.000000,0.000000,0.000000
1594,0.748952,0.748952,0.000000,0.000000,0.000000,0.000000
1595,0.690128,0.690128,0.000000,0.000000,0.000000,0.000000
1596,0.705968,0.705968,0.000000,0.000000,0.000000,0.000000
1597,0.719098,0.719098,0.000000,0.000000,0.000000,0.000000
1598,0.730461,0.730461,0.000000,0.000000,0.000000,0.000000
1599,0.674042,0.674042,0.000000,0.000000,0.000000,0.000000
1600,0.738596,0.738596,0.000000,0.000000,0.000000,3.130662
1601,0.679652,0.679652,0.000000,0.000000,0.000000,0.000000
1602,0.717722,0.717722,0.000000,0.000000,0.000000,0.000000
1603,0.727071,0.727071,0.000000,0.000000,0.000000,0.000000
1604,0.665791,0.665791,0.000000,0.000000,0.000000,0.000000
1605,0.687486,0.687486,0.000000,0.000000,0.000000,0.000000
1606,0.676252,0.676252,0.000000,0.000000,0.000000,0.000000
1607,0.678046,0.678046,0.000000,0.000000,0.000000,0.000000
1608,0.739610,0.739610,0.000000,0.000000,0.000000,0.000000
1609,0.759821,0.759821,0.000000,0.000000,0.000000,0.000000
1610,0.694409,0.694409,0.000000,0.000000,0.000000,3.107585
1611,0.762422,0.762422,0.000000,0.000000,0.000000,0.000000
1612,0.667869,0.667869,0.000000,0.000000,0.000000,0.000000
1613,0.756407,0.756407,0.000000,0.000000,0.000000,0.000000
1614,0.708732,0.708732,0.000000,0.000000,0.000000,0.000000
1615,0.653550,0.653550,0.000000,0.000000,0.000000,0.000000
1616,0.709641,0.709641,0.000000,0.000000,0.000000,0.000000
1617,0.697395,0.697395,0.000000,0.000000,0.000000,0.000000
1618,0.726328,0.726328,0.000000,0.000000,0.000000,0.000000
1619,0.688838,0.688838,0.000000,0.000000,0.000000,0.000000
1620,0.726989,0.726989,0.000000,0.000000,0.000000,3.082854
1621,0.761365,0.761365,0.000000,0.000000,0.000000,0.000000
1622,0.694589,0.694589,0.000000,0.000000,0.000000,0.000000
1623,0.660726,0.660726,0.000000,0.000000,0.000000,0.000000
1624,0.694563,0.694563,0.000000,0.000000,0.000000,0.000000
1625,0.726835,0.726835,0.000000,0.000000,0.000000,0.000000
1626,0.731634,0.731634,0.000000,0.000000,0.000000,0.000000
1627,0.731945,0.731945,0.000000,0.000000,0.000000,0.000000
1628,0.696697,0.696697,0.000000,0.000000,0.000000,0.000000
1629,0.698271,0.698271,0.000000,0.000000,0.000000,0.000000
1630,0.671581,0.671581,0.000000,0.000000,0.000000,3.104159
1631,0.701351,0.701351,0.000000,0.000000,0.000000,0.000000
1632,0.684251,0.684251,0.000000,0.000000,0.000000,0.000000
1633,0.705962,0.705962,0.000000,0.000000,0.000000,0.000000
1634,0.726999,0.726999,0.000000,0.000000,0.000000,0.000000
1635,0.700456,0.700456,0.000000,0.000000,0.000000,0.000000
1636,0.708759,0.708759,0.000000,0.000000,0.000000,0.000000
1637,0.722326,0.722326,0.000000,0.000000,0.000000,0.000000
1638,0.686469,0.686469,0.000000,0.000000,0.000000,0.000000
1639,0.679492,0.679492,0.000000,0.000000,0.000000,0.000000
1640,0.710139,0.710139,0.000000,0.000000,0.000000,3.118674
1641,0.706192,0.706192,0.000000,0.000000,0.000000,0.000000
1642,0.711072,0.711072,0.000000,0.000000,0.000000,0.000000
1643,0.705523,0.705523,0.000000,0.000000,0.000000,0.000000
1644,0.686005,0.686005,0.000000,0.000000,0.000000,0.000000
1645,0.711588,0.711588,0.000000,0.000000,0.000000,0.000000
1646,0.736816,0.736816,0.000000,0.000000,0.000000,0.000000
1647,0.665243,0.665243,0.000000,0.000000,0.000000,0.000000
1648,0.708804,0.708804,0.000000,0.000000,0.000000,0.000000
1649,0.725531,0.725531,0.000000,0.000000,0.000000,0.000000
1650,0.642467,0.642467,0.000000,0.000000,0.000000,3.112951
1651,0.722746,0.722746,0.000000,0.000000,0.000000,0.000000
1652,0.736347,0.736347,0.000000,0.000000,0.000000,0.000000
1653,0.700012,0.700012,0.000000,0.000000,0.000000,0.000000
1654,0.733636,0.733636,0.000000,0.000000,0.000000,0.000000
1655,0.690615,0.690615,0.000000,0.000000,0.000000,0.000000
1656,0.737280,0.737280,0.000000,0.000000,0.000000,0.000000
1657,0.670164,0.670164,0.000000,0.000000,0.000000,0.000000
1658,0.697447,0.697447,0.000000,0.000000,0.000000,0.000000
1659,0.719033,0.719033,0.000000,0.000000,0.000000,0.000000
1660,0.713848,0.713848,0.000000,0.000000,0.000000,3.103242
1661,0.693061,0.693061,0.000000,0.000000,0.000000,0.000000
1662,0.687935,0.687935,0.000000,0.000000,0.000000,0.000000
1663,0.693718,0.693718,0.000000,0.000000,0.000000,0.000000
1664,0.742829,0.742829,0.000000,0.000000,0.000000,0.000000
1665,0.723489,0.723489,0.000000,0.000000,0.000000,0.000000
1666,0.691164,0.691164,0.000000,0.000000,0.000000,0.000000
1667,0.703759,0.703759,0.000000,0.000000,0.000000,0.000000
1668,0.693878,0.693878,0.000000,0.000000,0.000000,0.000000
1669,0.681639,0.681639,0.000000,0.000000,0.000000,0.000000
1670,0.705446,0.705446,0.000000,0.000000,0.000000,3.176164
1671,0.658928,0.658928,0.000000,0.000000,0.000000,0.000000
1672,0.678840,0.678840,0.000000,0.000000,0.000000,0.000000
1673,0.720571,0.720571,0.000000,0.000000,0.000000,0.000000
1674,0.721846,0.721846,0.000000,0.000000,0.000000,0.000000
1675,0.763421,0.763421,0.000000,0.000000,0.000000,0.000000
1676,0.680053,0.680053,0.000000,0.000000,0.000000,0.000000
1677,0.724346,0.724346,0.000000,0.000000,0.000000,0.000000
1678,0.702250,0.702250,0.000000,0.000000,0.000000,0.000000
1679,0.734219,0.734219,0.000000,0.000000,0.000000,0.000000
1680,0.708261,0.708261,0.000000,0.000000,0.000000,3.144422
1681,0.699169,0.699169,0.000000,0.000000,0.000000,0.000000
1682,0.681442,0.681442,0.000000,0.000000,0.000000,0.000000
1683,0.687928,0.687928,0.000000,0.000000,0.000000,0.000000
1684,0.686351,0.686351,0.000000,0.000000,0.000000,0.000000
1685,0.662319,0.662319,0.000000,0.000000,0.000000,0.000000
1686,0.686433,0.686433,0.000000,0.000000,0.000000,0.000000
1687,0.694009,0.694009,0.000000,0.000000,0.000000,0.000000
1688,0.680733,0.680733,0.000000,0.000000,0.000000,0.000000
1689,0.627492,0.627492,0.000000,0.000000,0.000000,0.000000
1690,0.691898,0.691898,0.000000,0.000000,0.000000,3.131098
1691,0.691228,0.691228,0.000000,0.000000,0.000000,0.000000
1692,0.650093,0.650093,0.000000,0.000000,0.000000,0.000000
1693,0.645161,0.645161,0.000000,0.000000,0.000000,0.000000
1694,0.658176,0.658176,0.000000,0.000000,0.000000,0.000000
1695,0.710317,0.710317,0.000000,0.000000,0.000000,0.000000
1696,0.647610,0.647610,0.000000,0.000000,0.000000,0.000000
1697,0.680635,0.680635,0.000000,0.000000,0.000000,0.000000
1698,0.730250,0.730250,0.000000,0.000000,0.000000,0.000000
1699,0.652347,0.652347,0.000000,0.000000,0.000000,0.000000
1700,0.649036,0.649036,0.000000,0.000000,0.000000,3.128476
1701,0.654197,0.654197,0.000000,0.000000,0.000000,0.000000
1702,0.694402,0.694402,0.000000,0.000000,0.000000,0.000000
1703,0.689674,0.689674,0.000000,0.000000,0.000000,0.000000
1704,0.734718,0.734718,0.000000,0.000000,0.000000,0.000000
1705,0.707215,0.707215,0.000000,0.000000,0.000000,0.000000
1706,0.716121,0.716121,0.000000,0.000000,0.000000,0.000000
1707,0.719993,0.719993,0.000000,0.000000,0.000000,0.000000
1708,0.724849,0.724849,0.000000,0.000000,0.000000,0.000000
1709,0.718833,0.718833,0.000000,0.000000,0.000000,0.000000
1710,0.628370,0.628370,0.000000,0.000000,0.000000,3.135500
1711,0.656393,0.656393,0.000000,0.000000,0.000000,0.000000
1712,0.675764,0.675764,0.000000,0.000000,0.000000,0.000000
1713,0.742778,0.742778,0.000000,0.000000,0.000000,0.000000
1714,0.708860,0.708860,0.000000,0.000000,0.000000,0.000000
1715,0.623537,0.623537,0.000000,0.000000,0.000000,0.000000
1716,0.722951,0.722951,0.000000,0.000000,0.000000,0.000000
1717,0.680204,0.680204,0.000000,0.000000,0.000000,0.000000
1718,0.700614,0.700614,0.000000,0.000000,0.000000,0.000000
1719,0.676799,0.676799,0.000000,0.000000,0.000000,0.000000
1720,0.665953,0.665953,0.000000,0.000000,0.000000,3.128370
1721,0.654484,0.654484,0.000000,0.000000,0.000000,0.000000
1722,0.649623,0.649623,0.000000,0.000000,0.000000,0.000000
1723,0.684540,0.684540,0.000000,0.000000,0.000000,0.000000
1724,0.707478,0.707478,0.000000,0.000000,0.000000,0.000000
1725,0.714626,0.714626,0.000000,0.000000,0.000000,0.000000
1726,0.689561,0.689561,0.000000,0.000000,0.000000,0.000000
1727,0.674662,0.674662,0.000000,0.000000,0.000000,0.000000
1728,0.661018,0.661018,0.000000,0.000000,0.000000,0.000000
1729,0.672987,0.672987,0.000000,0.000000,0.000000,0.000000
1730,0.640428,0.640428,0.000000,0.000000,0.000000,3.140926
1731,0.660205,0.660205,0.000000,0.000000,0.000000,0.000000
1732,0.695451,0.695451,0.000000,0.000000,0.000000,0.000000
1733,0.667669,0.667669,0.000000,0.000000,0.000000,0.000000
1734,0.649251,0.649251,0.000000,0.000000,0.000000,0.000000
1735,0.706611,0.706611,0.000000,0.000000,0.000000,0.000000
1736,0.708790,0.708790,0.000000,0.000000,0.000000,0.000000
1737,0.722767,0.722767,0.000000,0.000000,0.000000,0.000000
1738,0.646860,0.646860,0.000000,0.000000,0.000000,0.000000
1739,0.729305,0.729305,0.000000,0.000000,0.000000,0.000000
1740,0.675845,0.675845,0.000000,0.000000,0.000000,3.153494
1741,0.678244,0.678244,0.000000,0.000000,0.000000,0.000000
1742,0.670197,0.670197,0.000000,0.000000,0.000000,0.000000
1743,0.714616,0.714616,0.000000,0.000000,0.000000,0.000000
1744,0.705324,0.705324,0.000000,0.000000,0.000000,0.000000
1745,0.723743,0.723743,0.000000,0.000000,0.000000,0.000000
1746,0.662597,0.662597,0.000000,0.000000,0.000000,0.000000
1747,0.672988,0.672988,0.000000,0.000000,0.000000,0.000000
1748,0.618712,0.618712,0.000000,0.000000,0.000000,0.000000
1749,0.667112,0.667112,0.000000,0.000000,0.000000,0.000000
1750,0.684328,0.684328,0.000000,0.000000,0.000000,3.159544
1751,0.693583,0.693583,0.000000,0.000000,0.000000,0.000000
1752,0.689498,0.689498,0.000000,0.000000,0.000000,0.000000
1753,0.660557,0.660557,0.000000,0.000000,0.000000,0.000000
1754,0.662326,0.662326,0.000000,0.000000,0.000000,0.000000
1755,0.648976,0.648976,0.000000,0.000000,0.000000,0.000000
1756,0.685638,0.685638,0.000000,0.000000,0.000000,0.000000
1757,0.685355,0.685355,0.000000,0.000000,0.000000,0.000000
1758,0.662202,0.662202,0.000000,0.000000,0.000000,0.000000
1759,0.730056,0.730056,0.000000,0.000000,0.000000,0.000000
1760,0.698998,0.698998,0.000000,0.000000,0.000000,3.177818
1761,0.691883,0.691883,0.000000,0.000000,0.000000,0.000000
1762,0.709835,0.709835,0.000000,0.000000,0.000000,0.000000
1763,0.733112,0.733112,0.000000,0.000000,0.000000,0.000000
1764,0.673921,0.673921,0.000000,0.000000,0.000000,0.000000
1765,0.718692,0.718692,0.000000,0.000000,0.000000,0.000000
1766,0.702782,0.702782,0.000000,0.000000,0.000000,0.000000
1767,0.685040,0.685040,0.000000,0.000000,0.000000,0.000000
1768,0.660917,0.660917,0.000000,0.000000,0.000000,0.000000
1769,0.662608,0.662608,0.000000,0.000000,0.000000,0.000000
1770,0.685729,0.685729,0.000000,0.000000,0.000000,3.150698
1771,0.702279,0.702279,0.000000,0.000000,0.000000,0.000000
1772,0.706089,0.706089,0.000000,0.000000,0.000000,0.000000
1773,0.679690,0.679690,0.000000,0.000000,0.000000,0.000000
1774,0.678199,0.678199,0.000000,0.000000,0.000000,0.000000
1775,0.658315,0.658315,0.000000,0.000000,0.000000,0.000000
1776,0.736134,0.736134,0.000000,0.000000,0.000000,0.000000
1777,0.689397,0.689397,0.000000,0.000000,0.000000,0.000000
1778,0.719534,0.719534,0.000000,0.000000,0.000000,0.000000
1779,0.697956,0.697956,0.000000,0.000000,0.000000,0.000000
1780,0.663905,0.663905,0.000000,0.000000,0.000000,3.182690
1781,0.629207,0.629207,0.000000,0.000000,0.000000,0.000000
1782,0.688201,0.688201,0.000000,0.000000,0.000000,0.000000
1783,0.625797,0.625797,0.000000,0.000000,0.000000,0.000000
1784,0.693680,0.693680,0.000000,0.000000,0.000000,0.000000
1785,0.644576,0.644576,0.000000,0.000000,0.000000,0.000000
1786,0.652771,0.652771,0.000000,0.000000,0.000000,0.000000
1787,0.732453,0.732453,0.000000,0.000000,0.000000,0.000000
1788,0.642204,0.642204,0.000000,0.000000,0.000000,0.000000
1789,0.710756,0.710756,0.000000,0.000000,0.000000,0.000000
1790,0.649128,0.649128,0.000000,0.000000,0.000000,3.184994
1791,0.669640,0.669640,0.000000,0.000000,0.000000,0.000000
1792,0.728778,0.728778,0.000000,0.000000,0.000000,0.000000
1793,0.696755,0.696755,0.000000,0.000000,0.000000,0.000000
1794,0.672597,0.672597,0.000000,0.000000,0.000000,0.000000
1795,0.730353,0.730353,0.000000,0.000000,0.000000,0.000000
1796,0.649643,0.649643,0.000000,0.000000,0.000000,0.000000
1797,0.700316,0.700316,0.000000,0.000000,0.000000,0.000000
1798,0.670126,0.670126,0.000000,0.000000,0.000000,0.000000
1799,0.685521,0.685521,0.000000,0.000000,0.000000,0.000000
1800,0.670369,0.670369,0.000000,0.000000,0.000000,3.168594
1801,0.637465,0.637465,0.000000,0.000000,0.000000,0.000000
1802,0.668493,0.668493,0.000000,0.000000,0.000000,0.000000
1803,0.685691,0.685691,0.000000,0.000000,0.000000,0.000000
1804,0.686656,0.686656,0.000000,0.000000,0.000000,0.000000
1805,0.657890,0.657890,0.000000,0.000000,0.000000,0.000000
1806,0.597360,0.597360,0.000000,0.000000,0.000000,0.000000
1807,0.667817,0.667817,0.000000,0.000000,0.000000,0.000000
1808,0.695667,0.695667,0.000000,0.000000,0.000000,0.000000
1809,0.672912,0.672912,0.000000,0.000000,0.000000,0.000000
1810,0.709327,0.709327,0.000000,0.000000,0.000000,3.138209
1811,0.646448,0.646448,0.000000,0.000000,0.000000,0.000000
1812,0.673321,0.673321,0.000000,0.000000,0.000000,0.000000
1813,0.695609,0.695609,0.000000,0.000000,0.000000,0.000000
1814,0.613126,0.613126,0.000000,0.000000,0.000000,0.000000
1815,0.660853,0.660853,0.000000,0.000000,0.000000,0.000000
1816,0.637502,0.637502,0.000000,0.000000,0.000000,0.000000
1817,0.674418,0.674418,0.000000,0.000000,0.000000,0.000000
1818,0.658512,0.658512,0.000000,0.000000,0.000000,0.000000
1819,0.637804,0.637804,0.000000,0.000000,0.000000,0.000000
1820,0.669186,0.669186,0.000000,0.000000,0.000000,3.187185
1821,0.652625,0.652625,0.000000,0.000000,0.000000,0.000000
1822,0.606530,0.606530,0.000000,0.000000,0.000000,0.000000
1823,0.637774,0.637774,0.000000,0.000000,0.000000,0.000000
1824,0.690874,0.690874,0.000000,0.000000,0.000000,0.000000
1825,0.668341,0.668341,0.000000,0.000000,0.000000,0.000000
1826,0.625017,0.625017,0.000000,0.000000,0.000000,0.000000
1827,0.619242,0.619242,0.000000,0.000000,0.000000,0.000000
1828,0.714297,0.714297,0.000000,0.000000,0.000000,0.000000
1829,0.650581,0.650581,0.000000,0.000000,0.000000,0.000000
1830,0.630681,0.630681,0.000000,0.000000,0.000000,3.194545
1831,0.632269,0.632269,0.000000,0.000000,0.000000,0.000000
1832,0.621600,0.621600,0.000000,0.000000,0.000000,0.000000
1833,0.668156,0.668156,0.000000,0.000000,0.000000,0.000000
1834,0.666983,0.666983,0.000000,0.000000,0.000000,0.000000
1835,0.688219,0.688219,0.000000,0.000000,0.000000,0.000000
1836,0.645112,0.645112,0.000000,0.000000,0.000000,0.000000
1837,0.638129,0.638129,0.000000,0.000000,0.000000,0.000000
1838,0.679403,0.679403,0.000000,0.000000,0.000000,0.000000
1839,0.635240,0.635240,0.000000,0.000000,0.000000,0.000000
1840,0.693530,0.693530,0.000000,0.000000,0.000000,3.171843
1841,0.728925,0.728925,0.000000,0.000000,0.000000,0.000000
1842,0.663958,0.663958,0.000000,0.000000,0.000000,0.000000
1843,0.635423,0.635423,0.000000,0.000000,0.000000,0.000000
1844,0.669372,0.669372,0.000000,0.000000,0.000000,0.000000
1845,0.623985,0.623985,0.000000,0.000000,0.000000,0.000000
1846,0.627734,0.627734,0.000000,0.000000,0.000000,0.000000
1847,0.683171,0.683171,0.000000,0.000000,0.000000,0.000000
1848,0.655329,0.655329,0.000000,0.000000,0.000000,0.000000
1849,0.677789,0.677789,0.000000,0.000000,0.000000,0.000000
1850,0.648052,0.648052,0.000000,0.000000,0.000000,3.222788
1851,0.680615,0.680615,0.000000,0.000000,0.000000,0.000000
1852,0.683035,0.683035,0.000000,0.000000,0.000000,0.000000
1853,0.638278,0.638278,0.000000,0.000000,0.000000,0.000000
1854,0.652976,0.652976,0.000000,0.000000,0.000000,0.000000
1855,0.655368,0.655368,0.000000,0.000000,0.000000,0.000000
1856,0.634256,0.634256,0.000000,0.000000,0.000000,0.000000
1857,0.633247,0.633247,0.000000,0.000000,0.000000,0.000000
1858,0.714536,0.714536,0.000000,0.000000,0.000000,0.000000
1859,0.692448,0.692448,0.000000,0.000000,0.000000,0.000000
1860,0.634363,0.634363,0.000000,0.000000,0.000000,3.180298
1861,0.629267,0.629267,0.000000,0.000000,0.000000,0.000000
1862,0.703856,0.703856,0.000000,0.000000,0.000000,0.000000
1863,0.695874,0.695874,0.000000,0.000000,0.000000,0.000000
1864,0.675748,0.675748,0.000000,0.000000,0.000000,0.000000
1865,0.666115,0.666115,0.000000,0.000000,0.000000,0.000000
1866,0.647087,0.647087,0.000000,0.000000,0.000000,0.000000
1867,0.660428,0.660428,0.000000,0.000000,0.000000,0.000000
1868,0.688630,0.688630,0.000000,0.000000,0.000000,0.000000
1869,0.640892,0.640892,0.000000,0.000000,0.000000,0.000000
1870,0.621496,0.621496,0.000000,0.000000,0.000000,3.200071
1871,0.601819,0.601819,0.000000,0.000000,0.000000,0.000000
1872,0.674253,0.674253,0.000000,0.000000,0.000000,0.000000
1873,0.625081,0.625081,0.000000,0.000000,0.000000,0.000000
1874,0.657650,0.657650,0.000000,0.000000,0.000000,0.000000
1875,0.674864,0.674864,0.000000,0.000000,0.000000,0.000000
1876,0.699765,0.699765,0.000000,0.000000,0.000000,0.000000
1877,0.639269,0.639269,0.000000,0.000000,0.000000,0.000000
1878,0.666160,0.666160,0.000000,0.000000,0.000000,0.000000
1879,0.677034,0.677034,0.000000,0.000000,0.000000,0.000000
1880,0.658020,0.658020,0.000000,0.000000,0.000000,3.224315
1881,0.649204,0.649204,0.000000,0.000000,0.000000,0.000000
1882,0.688514,0.688514,0.000000,0.000000,0.000000,0.000000
1883,0.657926,0.657926,0.000000,0.000000,0.000000,0.000000
1884,0.658537,0.658537,0.000000,0.000000,0.000000,0.000000
1885,0.660916,0.660916,0.000000,0.000000,0.000000,0.000000
1886,0.706609,0.706609,0.000000,0.000000,0.000000,0.000000
1887,0.624992,0.624992,0.000000,0.000000,0.000000,0.000000
1888,0.645251,0.645251,0.000000,0.000000,0.000000,0.000000
1889,0.694983,0.694983,0.000000,0.000000,0.000000,0.000000
1890,0.661820,0.661820,0.000000,0.000000,0.000000,3.235915
1891,0.678271,0.678271,0.000000,0.000000,0.000000,0.000000
1892,0.628437,0.628437,0.000000,0.000000,0.000000,0.000000
1893,0.658702,0.658702,0.000000,0.000000,0.000000,0.000000
1894,0.648767,0.648767,0.000000,0.000000,0.000000,0.000000
1895,0.676952,0.676952,0.000000,0.000000,0.000000,0.000000
1896,0.632581,0.632581,0.000000,0.000000,0.000000,0.000000
1897,0.609442,0.609442,0.000000,0.000000,0.000000,0.000000
1898,0.621120,0.621120,0.000000,0.000000,0.000000,0.000000
1899,0.606189,0.606189,0.000000,0.000000,0.000000,0.000000
1900,0.622731,0.622731,0.000000,0.000000,0.000000,3.200823
1901,0.656615,0.656615,0.000000,0.000000,0.000000,0.000000
1902,0.619866,0.619866,0.000000,0.000000,0.000000,0.000000
1903,0.663800,0.663800,0.000000,0.000000,0.000000,0.000000
1904,0.672712,0.672712,0.000000,0.000000,0.000000,0.000000
1905,0.624802,0.624802,0.000000,0.000000,0.000000,0.000000
1906,0.641262,0.641262,0.000000,0.000000,0.000000,0.000000
1907,0.638436,0.638436,0.000000,0.000000,0.000000,0.000000
1908,0.697028,0.697028,0.000000,0.000000,0.000000,0.000000
1909,0.618130,0.618130,0.000000,0.000000,0.000000,0.000000
1910,0.664208,0.664208,0.000000,0.000000,0.000000,3.233436
1911,0.620976,0.620976,0.000000,0.000000,0.000000,0.000000
1912,0.635040,0.635040,0.000000,0.000000,0.000000,0.000000
1913,0.615767,0.615767,0.000000,0.000000,0.000000,0.000000
1914,0.600434,0.600434,0.000000,0.000000,0.000000,0.000000
1915,0.597412,0.597412,0.000000,0.000000,0.000000,0.000000
1916,0.616435,0.616435,0.000000,0.000000,0.000000,0.000000
1917,0.584388,0.584388,0.000000,0.000000,0.000000,0.000000
1918,0.639900,0.639900,0.000000,0.000000,0.000000,0.000000
1919,0.613378,0.613378,0.000000,0.000000,0.000000,0.000000
1920,0.660479,0.660479,0.000000,0.000000,0.000000,3.191067
1921,0.601850,0.601850,0.000000,0.000000,0.000000,0.000000
1922,0.641773,0.641773,0.000000,0.000000,0.000000,0.000000
1923,0.637558,0.637558,0.000000,0.000000,0.000000,0.000000
1924,0.624485,0.624485,0.000000,0.000000,0.000000,0.000000
1925,0.620306,0.620306,0.000000,0.000000,0.000000,0.000000
1926,0.590777,0.590777,0.000000,0.000000,0.000000,0.000000
1927,0.641184,0.641184,0.000000,0.000000,0.000000,0.000000
1928,0.602543,0.602543,0.000000,0.000000,0.000000,0.000000
1929,0.651043,0.651043,0.000000,0.000000,0.000000,0.000000
1930,0.624148,0.624148,0.000000,0.000000,0.000000,3.230888
1931,0.656005,0.656005,0.000000,0.000000,0.000000,0.000000
1932,0.651196,0.651196,0.000000,0.000000,0.000000,0.000000
1933,0.668709,0.668709,0.000000,0.000000,0.000000,0.000000
1934,0.617491,0.617491,0.000000,0.000000,0.000000,0.000000
1935,0.643782,0.643782,0.000000,0.000000,0.000000,0.000000
1936,0.610907,0.610907,0.000000,0.000000,0.000000,0.000000
1937,0.640338,0.640338,0.000000,0.000000,0.000000,0.000000
1938,0.627282,0.627282,0.000000,0.000000,0.000000,0.000000
1939,0.604612,0.604612,0.000000,0.000000,0.000000,0.000000
1940,0.647165,0.647165,0.000000,0.000000,0.000000,3.216098
1941,0.612575,0.612575,0.000000,0.000000,0.000000,0.000000
1942,0.641069,0.641069,0.000000,0.000000,0.000000,0.000000
1943,0.622425,0.622425,0.000000,0.000000,0.000000,0.000000
1944,0.620836,0.620836,0.000000,0.000000,0.000000,0.000000
1945,0.650859,0.650859,0.000000,0.000000,0.000000,0.000000
1946,0.643569,0.643569,0.000000,0.000000,0.000000,0.000000
1947,0.639732,0.639732,0.000000,0.000000,0.000000,0.000000
1948,0.649412,0.649412,0.000000,0.000000,0.000000,0.000000
1949,0.614079,0.614079,0.000000,0.000000,0.000000,0.000000
1950,0.647617,0.647617,0.000000,0.000000,0.000000,3.227081
1951,0.633658,0.633658,0.000000,0.000000,0.000000,0.000000
1952,0.627717,0.627717,0.000000,0.000000,0.000000,0.000000
1953,0.619247,0.619247,0.000000,0.000000,0.000000,0.000000
1954,0.624952,0.624952,0.000000,0.000000,0.000000,0.000000
1955,0.648943,0.648943,0.000000,0.000000,0.000000,0.000000
1956,0.659065,0.659065,0.000000,0.000000,0.000000,0.000000
1957,0.623278,0.623278,0.000000,0.000000,0.000000,0.000000
1958,0.597816,0.597816,0.000000,0.000000,0.000000,0.000000
1959,0.652820,0.652820,0.000000,0.000000,0.000000,0.000000
1960,0.618603,0.618603,0.000000,0.000000,0.000000,3.217442
1961,0.603287,0.603287,0.000000,0.000000,0.000000,0.000000
1962,0.611595,0.611595,0.000000,0.000000,0.000000,0.000000
1963,0.645164,0.645164,0.000000,0.000000,0.000000,0.000000
1964,0.627639,0.627639,0.000000,0.000000,0.000000,0.000000
1965,0.642395,0.642395,0.000000,0.000000,0.000000,0.000000
1966,0.624359,0.624359,0.000000,0.000000,0.000000,0.000000
1967,0.644220,0.644220,0.000000,0.000000,0.000000,0.000000
1968,0.641533,0.641533,0.000000,0.000000,0.000000,0.000000
1969,0.650556,0.650556,0.000000,0.000000,0.000000,0.000000
1970,0.657464,0.657464,0.000000,0.000000,0.000000,3.231414
1971,0.642303,0.642303,0.000000,0.000000,0.000000,0.000000
1972,0.654298,0.654298,0.000000,0.000000,0.000000,0.000000
1973,0.660173,0.660173,0.000000,0.000000,0.000000,0.000000
1974,0.645033,0.645033,0.000000,0.000000,0.000000,0.000000
1975,0.675928,0.675928,0.000000,0.000000,0.000000,0.000000
1976,0.634315,0.634315,0.000000,0.000000,0.000000,0.000000
1977,0.624500,0.624500,0.000000,0.000000,0.000000,0.000000
1978,0.604778,0.604778,0.000000,0.000000,0.000000,0.000000
1979,0.606538,0.606538,0.000000,0.000000,0.000000,0.000000
1980,0.601949,0.601949,0.000000,0.000000,0.000000,3.254861
1981,0.594528,0.594528,0.000000,0.000000,0.000000,0.000000
1982,0.629018,0.629018,0.000000,0.000000,0.000000,0.000000
1983,0.630840,0.630840,0.000000,0.000000,0.000000,0.000000
1984,0.579186,0.579186,0.000000,0.000000,0.000000,0.000000
1985,0.641235,0.641235,0.000000,0.000000,0.000000,0.000000
1986,0.635575,0.635575,0.000000,0.000000,0.000000,0.000000
1987,0.649045,0.649045,0.000000,0.000000,0.000000,0.000000
1988,0.584214,0.584214,0.000000,0.000000,0.000000,0.000000
1989,0.647244,0.647244,0.000000,0.000000,0.000000,0.000000
1990,0.650862,0.650862,0.000000,0.000000,0.000000,3.272672
1991,0.647610,0.647610,0.000000,0.000000,0.000000,0.000000
1992,0.591163,0.591163,0.000000,0.000000,0.000000,0.000000
1993,0.627652,0.627652,0.000000,0.000000,0.000000,0.000000
1994,0.607286,0.607286,0.000000,0.000000,0.000000,0.000000
1995,0.668785,0.668785,0.000000,0.000000,0.000000,0.000000
1996,0.624472,0.624472,0.000000,0.000000,0.000000,0.000000
1997,0.605867,0.605867,0.000000,0.000000,0.000000,0.000000
1998,0.638541,0.638541,0.000000,0.000000,0.000000,0.000000
1999,0.572490,0.572490,0.000000,0.000000,0.000000,0.000000
2000,0.649704,0.649704,0.000000,0.000000,0.000000,3.292567
2001,0.618408,0.618408,0.000000,0.000000,0.000000,0.000000
2002,0.647175,0.647175,0.000000,0.000000,0.000000,0.000000
2003,0.642595,0.642595,0.000000,0.000000,0.000000,0.000000
2004,0.643675,0.643675,0.000000,0.000000,0.000000,0.000000
2005,0.613175,0.613175,0.000000,0.000000,0.000000,0.000000
2006,0.632103,0.632103,0.000000,0.000000,0.000000,0.000000
2007,0.641998,0.641998,0.000000,0.000000,0.000000,0.000000
2008,0.610471,0.610471,0.000000,0.000000,0.000000,0.000000
2009,0.661552,0.661552,0.000000,0.000000,0.000000,0.000000
2010,0.665852,0.665852,0.000000,0.000000,0.000000,3.272455
2011,0.659851,0.659851,0.000000,0.000000,0.000000,0.000000
2012,0.629804,0.629804,0.000000,0.000000,0.000000,0.000000
2013,0.613514,0.613514,0.000000,0.000000,0.000000,0.000000
2014,0.659134,0.659134,0.000000,0.000000,0.000000,0.000000
2015,0.592605,0.592605,0.000000,0.000000,0.000000,0.000000
2016,0.634567,0.634567,0.000000,0.000000,0.000000,0.000000
2017,0.587363,0.587363,0.000000,0.000000,0.000000,0.000000
2018,0.632806,0.632806,0.000000,0.000000,0.000000,0.000000
2019,0.631119,0.631119,0.000000,0.000000,0.000000,0.000000
2020,0.625881,0.625881,0.000000,0.000000,0.000000,3.300540
2021,0.618013,0.618013,0.000000,0.000000,0.000000,0.000000
2022,0.627115,0.627115,0.000000,0.000000,0.000000,0.000000
2023,0.567516,0.567516,0.000000,0.000000,0.000000,0.000000
2024,0.606987,0.606987,0.000000,0.000000,0.000000,0.000000
2025,0.630562,0.630562,0.000000,0.000000,0.000000,0.000000
2026,0.641270,0.641270,0.000000,0.000000,0.000000,0.000000
2027,0.674509,0.674509,0.000000,0.000000,0.000000,0.000000
2028,0.616823,0.616823,0.000000,0.000000,0.000000,0.000000
2029,0.670873,0.670873,0.000000,0.000000,0.000000,0.000000
2030,0.634261,0.634261,0.000000,0.000000,0.000000,3.259310
2031,0.658519,0.658519,0.000000,0.000000,0.000000,0.000000
2032,0.612009,0.612009,0.000000,0.000000,0.000000,0.000000
2033,0.644874,0.644874,0.000000,0.000000,0.000000,0.000000
2034,0.638650,0.638650,0.000000,0.000000,0.000000,0.000000
2035,0.638608,0.638608,0.000000,0.000000,0.000000,0.000000
2036,0.623472,0.623472,0.000000,0.000000,0.000000,0.000000
2037,0.638349,0.638349,0.000000,0.000000,0.000000,0.000000
2038,0.658324,0.658324,0.000000,0.000000,0.000000,0.000000
2039,0.664724,0.664724,0.000000,0.000000,0.000000,0.000000
2040,0.643147,0.643147,0.000000,0.000000,0.000000,3.284391
2041,0.622061,0.622061,0.000000,0.000000,0.000000,0.000000
2042,0.666704,0.666704,0.000000,0.000000,0.000000,0.000000
2043,0.595192,0.595192,0.000000,0.000000,0.000000,0.000000
2044,0.576581,0.576581,0.000000,0.000000,0.000000,0.000000
2045,0.637721,0.637721,0.000000,0.000000,0.000000,0.000000
2046,0.567191,0.567191,0.000000,0.000000,0.000000,0.000000
2047,0.654060,0.654060,0.000000,0.000000,0.000000,0.000000
2048,0.597704,0.597704,0.000000,0.000000,0.000000,0.000000
2049,0.583593,0.583593,0.000000,0.000000,0.000000,0.000000
2050,0.582525,0.582525,0.000000,0.000000,0.000000,3.316594
2051,0.608077,0.608077,0.000000,0.000000,0.000000,0.000000
2052,0.638224,0.638224,0.000000,0.000000,0.000000,0.000000
2053,0.622693,0.622693,0.000000,0.000000,0.000000,0.000000
2054,0.648562,0.648562,0.000000,0.000000,0.000000,0.000000
2055,0.576291,0.576291,0.000000,0.000000,0.000000,0.000000
2056,0.608575,0.608575,0.000000,0.000000,0.000000,0.000000
2057,0.619091,0.619091,0.000000,0.000000,0.000000,0.000000
2058,0.580766,0.580766,0.000000,0.000000,0.000000,0.000000
2059,0.643132,0.643132,0.000000,0.000000,0.000000,0.000000
2060,0.607922,0.607922,0.000000,0.000000,0.000000,3.321497
2061,0.601008,0.601008,0.000000,0.000000,0.000000,0.000000
2062,0.679376,0.679376,0.000000,0.000000,0.000000,0.000000
2063,0.658657,0.658657,0.000000,0.000000,0.000000,0.000000
2064,0.613830,0.613830,0.000000,0.000000,0.000000,0.000000
2065,0.582216,0.582216,0.000000,0.000000,0.000000,0.000000
2066,0.620172,0.620172,0.000000,0.000000,0.000000,0.000000
2067,0.596905,0.596905,0.000000,0.000000,0.000000,0.000000
2068,0.642242,0.642242,0.000000,0.000000,0.000000,0.000000
2069,0.612463,0.612463,0.000000,0.000000,0.000000,0.000000
2070,0.615348,0.615348,0.000000,0.000000,0.000000,3.348266
2071,0.662207,0.662207,0.000000,0.000000,0.000000,0.000000
2072,0.627041,0.627041,0.000000,0.000000,0.000000,0.000000
2073,0.640216,0.640216,0.000000,0.000000,0.000000,0.000000
2074,0.614078,0.614078,0.000000,0.000000,0.000000,0.000000
2075,0.657994,0.657994,0.000000,0.000000,0.000000,0.000000
2076,0.563183,0.563183,0.000000,0.000000,0.000000,0.000000
2077,0.622214,0.622214,0.000000,0.000000,0.000000,0.000000
2078,0.649756,0.649756,0.000000,0.000000,0.000000,0.000000
2079,0.616800,0.616800,0.000000,0.000000,0.000000,0.000000
2080,0.642660,0.642660,0.000000,0.000000,0.000000,3.310080
2081,0.605907,0.605907,0.000000,0.000000,0.000000,0.000000
2082,0.607282,0.607282,0.000000,0.000000,0.000000,0.000000
2083,0.620498,0.620498,0.000000,0.000000,0.000000,0.000000
2084,0.624365,0.624365,0.000000,0.000000,0.000000,0.000000
2085,0.609409,0.609409,0.000000,0.000000,0.000000,0.000000
2086,0.638402,0.638402,0.000000,0.000000,0.000000,0.000000
2087,0.612593,0.612593,0.000000,0.000000,0.000000,0.000000
2088,0.598004,0.598004,0.000000,0.000000,0.000000,0.000000
2089,0.625393,0.625393,0.000000,0.000000,0.000000,0.000000
2090,0.606534,0.606534,0.000000,0.000000,0.000000,3.327565
2091,0.626124,0.626124,0.000000,0.000000,0.000000,0.000000
2092,0.593823,0.593823,0.000000,0.000000,0.000000,0.000000
2093,0.615773,0.615773,0.000000,0.000000,0.000000,0.000000
2094,0.615599,0.615599,0.000000,0.000000,0.000000,0.000000
2095,0.596534,0.596534,0.000000,0.000000,0.000000,0.000000
2096,0.606820,0.606820,0.000000,0.000000,0.000000,0.000000
2097,0.589364,0.589364,0.000000,0.000000,0.000000,0.000000
2098,0.575949,0.575949,0.000000,0.000000,0.000000,0.000000
2099,0.600210,0.600210,0.000000,0.000000,0.000000,0.000000
2100,0.610630,0.610630,0.000000,0.000000,0.000000,3.280969
2101,0.603037,0.603037,0.000000,0.000000,0.000000,0.000000
2102,0.619462,0.619462,0.000000,0.000000,0.000000,0.000000
2103,0.618836,0.618836,0.000000,0.000000,0.000000,0.000000
2104,0.603581,0.603581,0.000000,0.000000,0.000000,0.000000
2105,0.577956,0.577956,0.000000,0.000000,0.000000,0.000000
2106,0.641294,0.641294,0.000000,0.000000,0.000000,0.000000
2107,0.617476,0.617476,0.000000,0.000000,0.000000,0.000000
2108,0.569993,0.569993,0.000000,0.000000,0.000000,0.000000
2109,0.586614,0.586614,0.000000,0.000000,0.000000,0.000000
2110,0.606911,0.606911,0.000000,0.000000,0.000000,3.297966
2111,0.631529,0.631529,0.000000,0.000000,0.000000,0.000000
2112,0.603848,0.603848,0.000000,0.000000,0.000000,0.000000
2113,0.629369,0.629369,0.000000,0.000000,0.000000,0.000000
2114,0.635723,0.635723,0.000000,0.000000,0.000000,0.000000
2115,0.594283,0.594283,0.000000,0.000000,0.000000,0.000000
2116,0.626846,0.626846,0.000000,0.000000,0.000000,0.000000
2117,0.570734,0.570734,0.000000,0.000000,0.000000,0.000000
2118,0.608137,0.608137,0.000000,0.000000,0.000000,0.000000
2119,0.589952,0.589952,0.000000,0.000000,0.000000,0.000000
2120,0.633431,0.633431,0.000000,0.000000,0.000000,3.306251
2121,0.625294,0.625294,0.000000,0.000000,0.000000,0.000000
2122,0.626298,0.626298,0.000000,0.000000,0.000000,0.000000
2123,0.613873,0.613873,0.000000,0.000000,0.000000,0.000000
2124,0.561613,0.561613,0.000000,0.000000,0.000000,0.000000
2125,0.574609,0.574609,0.000000,0.000000,0.000000,0.000000
2126,0.636186,0.636186,0.000000,0.000000,0.000000,0.000000
2127,0.584521,0.584521,0.000000,0.000000,0.000000,0.000000
2128,0.617338,0.617338,0.000000,0.000000,0.000000,0.000000
2129,0.583944,0.583944,0.000000,0.000000,0.000000,0.000000
2130,0.598911,0.598911,0.000000,0.000000,0.000000,3.327704
2131,0.605053,0.605053,0.000000,0.000000,0.000000,0.000000
2132,0.629567,0.629567,0.000000,0.000000,0.000000,0.000000
2133,0.570705,0.570705,0.000000,0.000000,0.000000,0.000000
2134,0.603839,0.603839,0.000000,0.000000,0.000000,0.000000
2135,0.571502,0.571502,0.000000,0.000000,0.000000,0.000000
2136,0.603167,0.603167,0.000000,0.000000,0.000000,0.000000
2137,0.649323,0.649323,0.000000,0.000000,0.000000,0.000000
2138,0.614856,0.614856,0.000000,0.000000,0.000000,0.000000
2139,0.591665,0.591665,0.000000,0.000000,0.000000,0.000000
2140,0.563561,0.563561,0.000000,0.000000,0.000000,3.355791
2141,0.590027,0.590027,0.000000,0.000000,0.000000,0.000000
2142,0.563644,0.563644,0.000000,0.000000,0.000000,0.000000
2143,0.647808,0.647808,0.000000,0.000000,0.000000,0.000000
2144,0.599168,0.599168,0.000000,0.000000,0.000000,0.000000
2145,0.600490,0.600490,0.000000,0.000000,0.000000,0.000000
2146,0.579143,0.579143,0.000000,0.000000,0.000000,0.000000
2147,0.621390,0.621390,0.000000,0.000000,0.000000,0.000000
2148,0.566842,0.566842,0.000000,0.000000,0.000000,0.000000
2149,0.618155,0.618155,0.000000,0.000000,0.000000,0.000000
2150,0.657197,0.657197,0.000000,0.000000,0.000000,3.312195
2151,0.623534,0.623534,0.000000,0.000000,0.000000,0.000000
2152,0.667661,0.667661,0.000000,0.000000,0.000000,0.000000
2153,0.553983,0.553983,0.000000,0.000000,0.000000,0.000000
2154,0.604659,0.604659,0.000000,0.000000,0.000000,0.000000
2155,0.645341,0.645341,0.000000,0.000000,0.000000,0.000000
2156,0.554492,0.554492,0.000000,0.000000,0.000000,0.000000
2157,0.568879,0.568879,0.000000,0.000000,0.000000,0.000000
2158,0.598933,0.598933,0.000000,0.000000,0.000000,0.000000
2159,0.600156,0.600156,0.000000,0.000000,0.000000,0.000000
2160,0.610661,0.610661,0.000000,0.000000,0.000000,3.321692
2161,0.600194,0.600194,0.000000,0.000000,0.000000,0.000000
2162,0.606680,0.606680,0.000000,0.000000,0.000000,0.000000
2163,0.598761,0.598761,0.000000,0.000000,0.000000,0.000000
2164,0.617551,0.617551,0.000000,0.000000,0.000000,0.000000
2165,0.604296,0.604296,0.000000,0.000000,0.000000,0.000000
2166,0.556848,0.556848,0.000000,0.000000,0.000000,0.000000
2167,0.617901,0.617901,0.000000,0.000000,0.000000,0.000000
2168,0.614206,0.614206,0.000000,0.000000,0.000000,0.000000
2169,0.591391,0.591391,0.000000,0.000000,0.000000,0.000000
2170,0.590037,0.590037,0.000000,0.000000,0.000000,3.358113
2171,0.613182,0.613182,0.000000,0.000000,0.000000,0.000000
2172,0.559415,0.559415,0.000000,0.000000,0.000000,0.000000
2173,0.654193,0.654193,0.000000,0.000000,0.000000,0.000000
2174,0.568831,0.568831,0.000000,0.000000,0.000000,0.000000
2175,0.640791,0.640791,0.000000,0.000000,0.000000,0.000000
2176,0.634361,0.634361,0.000000,0.000000,0.000000,0.000000
2177,0.592428,0.592428,0.000000,0.000000,0.000000,0.000000
2178,0.622260,0.622260,0.000000,0.000000,0.000000,0.000000
2179,0.601285,0.601285,0.000000,0.000000,0.000000,0.000000
2180,0.591191,0.591191,0.000000,0.000000,0.000000,3.302454
2181,0.573814,0.573814,0.000000,0.000000,0.000000,0.000000
2182,0.605991,0.605991,0.000000,0.000000,0.000000,0.000000
2183,0.618310,0.618310,0.000000,0.000000,0.000000,0.000000
2184,0.567102,0.567102,0.000000,0.000000,0.000000,0.000000
2185,0.616269,0.616269,0.000000,0.000000,0.000000,0.000000
2186,0.630310,0.630310,0.000000,0.000000,0.000000,0.000000
2187,0.598314,0.598314,0.000000,0.000000,0.000000,0.000000
2188,0.620495,0.620495,0.000000,0.000000,0.000000,0.000000
2189,0.590045,0.590045,0.000000,0.000000,0.000000,0.000000
2190,0.563900,0.563900,0.000000,0.000000,0.000000,3.349329
2191,0.565966,0.565966,0.000000,0.000000,0.000000,0.000000
2192,0.613921,0.613921,0.000000,0.000000,0.000000,0.000000
2193,0.609993,0.609993,0.000000,0.000000,0.000000,0.000000
2194,0.563299,0.563299,0.000000,0.000000,0.000000,0.000000
2195,0.613706,0.613706,0.000000,0.000000,0.000000,0.000000
2196,0.585018,0.585018,0.000000,0.000000,0.000000,0.000000
2197,0.615694,0.615694,0.000000,0.000000,0.000000,0.000000
2198,0.581168,0.581168,0.000000,0.000000,0.000000,0.000000
2199,0.576214,0.576214,0.000000,0.000000,0.000000,0.000000
2200,0.559343,0.559343,0.000000,0.000000,0.000000,3.402622
2201,0.570521,0.570521,0.000000,0.000000,0.000000,0.000000
2202,0.573168,0.573168,0.000000,0.000000,0.000000,0.000000
2203,0.602672,0.602672,0.000000,0.000000,0.000000,0.000000
2204,0.610382,0.610382,0.000000,0.000000,0.000000,0.000000
2205,0.589036,0.589036,0.000000,0.000000,0.000000,0.000000
2206,0.598580,0.598580,0.000000,0.000000,0.000000,0.000000
2207,0.554180,0.554180,0.000000,0.000000,0.000000,0.000000
2208,0.577365,0.577365,0.000000,0.000000,0.000000,0.000000
2209,0.631018,0.631018,0.000000,0.000000,0.000000,0.000000
2210,0.618351,0.618351,0.000000,0.000000,0.000000,3.405889
2211,0.601426,0.601426,0.000000,0.000000,0.000000,0.000000
2212,0.615253,0.615253,0.000000,0.000000,0.000000,0.000000
2213,0.556869,0.556869,0.000000,0.000000,0.000000,0.000000
2214,0.661389,0.661389,0.000000,0.000000,0.000000,0.000000
2215,0.588929,0.588929,0.000000,0.000000,0.000000,0.000000
2216,0.602734,0.602734,0.000000,0.000000,0.000000,0.000000
2217,0.611696,0.611696,0.000000,0.000000,0.000000,0.000000
2218,0.514743,0.514743,0.000000,0.000000,0.000000,0.000000
2219,0.579862,0.579862,0.000000,0.000000,0.000000,0.000000
2220,0.545840,0.545840,0.000000,0.000000,0.000000,3.382988
2221,0.594822,0.594822,0.000000,0.000000,0.000000,0.000000
2222,0.609811,0.609811,0.000000,0.000000,0.000000,0.000000
2223,0.571983,0.571983,0.000000,0.000000,0.000000,0.000000
2224,0.596764,0.596764,0.000000,0.000000,0.000000,0.000000
2225,0.584223,0.584223,0.000000,0.000000,0.000000,0.000000
2226,0.605371,0.605371,0.000000,0.000000,0.000000,0.000000
2227,0.575750,0.575750,0.000000,0.000000,0.000000,0.000000
2228,0.572938,0.572938,0.000000,0.000000,0.000000,0.000000
2229,0.579978,0.579978,0.000000,0.000000,0.000000,0.000000
2230,0.571207,0.571207,0.000000,0.000000,0.000000,3.328598
2231,0.615652,0.615652,0.000000,0.000000,0.000000,0.000000
2232,0.605045,0.605045,0.000000,0.000000,0.000000,0.000000
2233,0.622182,0.622182,0.000000,0.000000,0.000000,0.000000
2234,0.584114,0.584114,0.000000,0.000000,0.000000,0.000000
2235,0.574455,0.574455,0.000000,0.000000,0.000000,0.000000
2236,0.542417,0.542417,0.000000,0.000000,0.000000,0.000000
2237,0.586112,0.586112,0.000000,0.000000,0.000000,0.000000
2238,0.585199,0.585199,0.000000,0.000000,0.000000,0.000000
2239,0.632563,0.632563,0.000000,0.000000,0.000000,0.000000
2240,0.615322,0.615322,0.000000,0.000000,0.000000,3.401684
2241,0.539305,0.539305,0.000000,0.000000,0.000000,0.000000
2242,0.574948,0.574948,0.000000,0.000000,0.000000,0.000000
2243,0.607924,0.607924,0.000000,0.000000,0.000000,0.000000
2244,0.572496,0.572496,0.000000,0.000000,0.000000,0.000000
2245,0.554187,0.554187,0.000000,0.000000,0.000000,0.000000
2246,0.577149,0.577149,0.000000,0.000000,0.000000,0.000000
2247,0.589930,0.589930,0.000000,0.000000,0.000000,0.000000
2248,0.573444,0.573444,0.000000,0.000000,0.000000,0.000000
2249,0.601551,0.601551,0.000000,0.000000,0.000000,0.000000
2250,0.573473,0.573473,0.000000,0.000000,0.000000,3.370695
2251,0.565572,0.565572,0.000000,0.000000,0.000000,0.000000
2252,0.565782,0.565782,0.000000,0.000000,0.000000,0.000000
2253,0.588210,0.588210,0.000000,0.000000,0.000000,0.000000
2254,0.557797,0.557797,0.000000,0.000000,0.000000,0.000000
2255,0.570139,0.570139,0.000000,0.000000,0.000000,0.000000
2256,0.542713,0.542713,0.000000,0.000000,0.000000,0.000000
2257,0.594995,0.594995,0.000000,0.000000,0.000000,0.000000
2258,0.553773,0.553773,0.000000,0.000000,0.000000,0.000000
2259,0.570416,0.570416,0.000000,0.000000,0.000000,0.000000
2260,0.587107,0.587107,0.000000,0.000000,0.000000,3.372283
2261,0.536865,0.536865,0.000000,0.000000,0.000000,0.000000
2262,0.563087,0.563087,0.000000,0.000000,0.000000,0.000000
2263,0.614148,0.614148,0.000000,0.000000,0.000000,0.000000
2264,0.560556,0.560556,0.000000,0.000000,0.000000,0.000000
2265,0.618710,0.618710,0.000000,0.000000,0.000000,0.000000
2266,0.541850,0.541850,0.000000,0.000000,0.000000,0.000000
2267,0.553603,0.553603,0.000000,0.000000,0.000000,0.000000
2268,0.578966,0.578966,0.000000,0.000000,0.000000,0.000000
2269,0.611503,0.611503,0.000000,0.000000,0.000000,0.000000
2270,0.612557,0.612557,0.000000,0.000000,0.000000,3.387136
2271,0.607632,0.607632,0.000000,0.000000,0.000000,0.000000
2272,0.596778,0.596778,0.000000,0.000000,0.000000,0.000000
2273,0.530641,0.530641,0.000000,0.000000,0.000000,0.000000
2274,0.594242,0.594242,0.000000,0.000000,0.000000,0.000000
2275,0.605622,0.605622,0.000000,0.000000,0.000000,0.000000
2276,0.548344,0.548344,0.000000,0.000000,0.000000,0.000000
2277,0.569364,0.569364,0.000000,0.000000,0.000000,0.000000
2278,0.599357,0.599357,0.000000,0.000000,0.000000,0.000000
2279,0.558244,0.558244,0.000000,0.000000,0.000000,0.000000
2280,0.584826,0.584826,0.000000,0.000000,0.000000,3.367304
2281,0.589684,0.589684,0.000000,0.000000,0.000000,0.000000
2282,0.620812,0.620812,0.000000,0.000000,0.000000,0.000000
2283,0.556924,0.556924,0.000000,0.000000,0.000000,0.000000
2284,0.580758,0.580758,0.000000,0.000000,0.000000,0.000000
2285,0.541650,0.541650,0.000000,0.000000,0.000000,0.000000
2286,0.610213,0.610213,0.000000,0.000000,0.000000,0.000000
2287,0.585707,0.585707,0.000000,0.000000,0.000000,0.000000
2288,0.564982,0.564982,0.000000,0.000000,0.000000,0.000000
2289,0.548767,0.548767,0.000000,0.000000,0.000000,0.000000
2290,0.548022,0.548022,0.000000,0.000000,0.000000,3.409711
2291,0.577490,0.577490,0.000000,0.000000,0.000000,0.000000
2292,0.530307,0.530307,0.000000,0.000000,0.000000,0.000000
2293,0.569760,0.569760,0.000000,0.000000,0.000000,0.000000
2294,0.526762,0.526762,0.000000,0.000000,0.000000,0.000000
2295,0.575492,0.575492,0.000000,0.000000,0.000000,0.000000
2296,0.569788,0.569788,0.000000,0.000000,0.000000,0.000000
2297,0.584571,0.584571,0.000000,0.000000,0.000000,0.000000
2298,0.573545,0.573545,0.000000,0.000000,0.000000,0.000000
2299,0.601406,0.601406,0.000000,0.000000,0.000000,0.000000
2300,0.561325,0.561325,0.000000,0.000000,0.000000,3.344261
2301,0.581399,0.581399,0.000000,0.000000,0.000000,0.000000
2302,0.582922,0.582922,0.000000,0.000000,0.000000,0.000000
2303,0.515827,0.515827,0.000000,0.000000,0.000000,0.000000
2304,0.606828,0.606828,0.000000,0.000000,0.000000,0.000000
2305,0.604243,0.604243,0.000000,0.000000,0.000000,0.000000
2306,0.584819,0.584819,0.000000,0.000000,0.000000,0.000000
2307,0.568455,0.568455,0.000000,0.000000,0.000000,0.000000
2308,0.578567,0.578567,0.000000,0.000000,0.000000,0.000000
2309,0.598718,0.598718,0.000000,0.000000,0.000000,0.000000
2310,0.563524,0.563524,0.000000,0.000000,0.000000,3.390029
2311,0.571648,0.571648,0.000000,0.000000,0.000000,0.000000
2312,0.570504,0.570504,0.000000,0.000000,0.000000,0.000000
2313,0.572833,0.572833,0.000000,0.000000,0.000000,0.000000
2314,0.590821,0.590821,0.000000,0.000000,0.000000,0.000000
2315,0.572239,0.572239,0.000000,0.000000,0.000000,0.000000
2316,0.541763,0.541763,0.000000,0.000000,0.000000,0.000000
2317,0.560084,0.560084,0.000000,0.000000,0.000000,0.000000
2318,0.526853,0.526853,0.000000,0.000000,0.000000,0.000000
2319,0.578869,0.578869,0.000000,0.000000,0.000000,0.000000
2320,0.563639,0.563639,0.000000,0.000000,0.000000,3.365883
2321,0.531224,0.531224,0.000000,0.000000,0.000000,0.000000
2322,0.549739,0.549739,0.000000,0.000000,0.000000,0.000000
2323,0.530851,0.530851,0.000000,0.000000,0.000000,0.000000
2324,0.562769,0.562769,0.000000,0.000000,0.000000,0.000000
2325,0.580210,0.580210,0.000000,0.000000,0.000000,0.000000
2326,0.574964,0.574964,0.000000,0.000000,0.000000,0.000000
2327,0.553570,0.553570,0.000000,0.000000,0.000000,0.000000
2328,0.569406,0.569406,0.000000,0.000000,0.000000,0.000000
2329,0.588603,0.588603,0.000000,0.000000,0.000000,0.000000
2330,0.608275,0.608275,0.000000,0.000000,0.000000,3.404207
2331,0.563064,0.563064,0.000000,0.000000,0.000000,0.000000
2332,0.585876,0.585876,0.000000,0.000000,0.000000,0.000000
2333,0.571960,0.571960,0.000000,0.000000,0.000000,0.000000
2334,0.597969,0.597969,0.000000,0.000000,0.000000,0.000000
2335,0.573209,0.573209,0.000000,0.000000,0.000000,0.000000
2336,0.575320,0.575320,0.000000,0.000000,0.000000,0.000000
2337,0.546842,0.546842,0.000000,0.000000,0.000000,0.000000
2338,0.599513,0.599513,0.000000,0.000000,0.000000,0.000000
2339,0.545056,0.545056,0.000000,0.000000,0.000000,0.000000
2340,0.550401,0.550401,0.000000,0.000000,0.000000,3.403186
2341,0.578857,0.578857,0.000000,0.000000,0.000000,0.000000
2342,0.581004,0.581004,0.000000,0.000000,0.000000,0.000000
2343,0.539528,0.539528,0.000000,0.000000,0.000000,0.000000
2344,0.571165,0.571165,0.000000,0.000000,0.000000,0.000000
2345,0.577737,0.577737,0.000000,0.000000,0.000000,0.000000
2346,0.610330,0.610330,0.000000,0.000000,0.000000,0.000000
2347,0.614548,0.614548,0.000000,0.000000,0.000000,0.000000
2348,0.618821,0.618821,0.000000,0.000000,0.000000,0.000000
2349,0.621248,0.621248,0.000000,0.000000,0.000000,0.000000
2350,0.574820,0.574820,0.000000,0.000000,0.000000,3.458869
2351,0.573112,0.573112,0.000000,0.000000,0.000000,0.000000
2352,0.589634,0.589634,0.000000,0.000000,0.000000,0.000000
2353,0.584393,0.584393,0.000000,0.000000,0.000000,0.000000
2354,0.546975,0.546975,0.000000,0.000000,0.000000,0.000000
2355,0.576535,0.576535,0.000000,0.000000,0.000000,0.000000
2356,0.571328,0.571328,0.000000,0.000000,0.000000,0.000000
2357,0.549643,0.549643,0.000000,0.000000,0.000000,0.000000
2358,0.611023,0.611023,0.000000,0.000000,0.000000,0.000000
2359,0.538752,0.538752,0.000000,0.000000,0.000000,0.000000
2360,0.570568,0.570568,0.000000,0.000000,0.000000,3.422999
2361,0.567395,0.567395,0.000000,0.000000,0.000000,0.000000
2362,0.544972,0.544972,0.000000,0.000000,0.000000,0.000000
2363,0.573395,0.573395,0.000000,0.000000,0.000000,0.000000
2364,0.534871,0.534871,0.000000,0.000000,0.000000,0.000000
2365,0.555763,0.555763,0.000000,0.000000,0.000000,0.000000
2366,0.542995,0.542995,0.000000,0.000000,0.000000,0.000000
2367,0.601513,0.601513,0.000000,0.000000,0.000000,0.000000
2368,0.598059,0.598059,0.000000,0.000000,0.000000,0.000000
2369,0.518184,0.518184,0.000000,0.000000,0.000000,0.000000
2370,0.570078,0.570078,0.000000,0.000000,0.000000,3.405801
2371,0.554082,0.554082,0.000000,0.000000,0.000000,0.000000
2372,0.540883,0.540883,0.000000,0.000000,0.000000,0.000000
2373,0.585515,0.585515,0.000000,0.000000,0.000000,0.000000
2374,0.550623,0.550623,0.000000,0.000000,0.000000,0.000000
2375,0.527654,0.527654,0.000000,0.000000,0.000000,0.000000
2376,0.585374,0.585374,0.000000,0.000000,0.000000,0.000000
2377,0.564293,0.564293,0.000000,0.000000,0.000000,0.000000
2378,0.543280,0.543280,0.000000,0.000000,0.000000,0.000000
2379,0.549799,0.549799,0.000000,0.000000,0.000000,0.000000
2380,0.556344,0.556344,0.000000,0.000000,0.000000,3.418294
2381,0.589220,0.589220,0.000000,0.000000,0.000000,0.000000
2382,0.530039,0.530039,0.000000,0.000000,0.000000,0.000000
2383,0.576170,0.576170,0.000000,0.000000,0.000000,0.000000
2384,0.512732,0.512732,0.000000,0.000000,0.000000,0.000000
2385,0.545366,0.545366,0.000000,0.000000,0.000000,0.000000
2386,0.560978,0.560978,0.000000,0.000000,0.000000,0.000000
2387,0.566047,0.566047,0.000000,0.000000,0.000000,0.000000
2388,0.578683,0.578683,0.000000,0.000000,0.000000,0.000000
2389,0.555920,0.555920,0.000000,0.000000,0.000000,0.000000
2390,0.562076,0.562076,0.000000,0.000000,0.000000,3.386810
2391,0.542976,0.542976,0.000000,0.000000,0.000000,0.000000
2392,0.541651,0.541651,0.000000,0.000000,0.000000,0.000000
2393,0.517928,0.517928,0.000000,0.000000,0.000000,0.000000
2394,0.567356,0.567356,0.000000,0.000000,0.000000,0.000000
2395,0.601433,0.601433,0.000000,0.000000,0.000000,0.000000
2396,0.558585,0.558585,0.000000,0.000000,0.000000,0.000000
2397,0.566362,0.566362,0.000000,0.000000,0.000000,0.000000
2398,0.549073,0.549073,0.000000,0.000000,0.000000,0.000000
2399,0.568166,0.568166,0.000000,0.000000,0.000000,0.000000
2400,0.580166,0.580166,0.000000,0.000000,0.000000,3.430180
2401,0.568228,0.568228,0.000000,0.000000,0.000000,0.000000
2402,0.562133,0.562133,0.000000,0.000000,0.000000,0.000000
2403,0.571864,0.571864,0.000000,0.000000,0.000000,0.000000
2404,0.549868,0.549868,0.000000,0.000000,0.000000,0.000000
2405,0.584628,0.584628,0.000000,0.000000,0.000000,0.000000
2406,0.533996,0.533996,0.000000,0.000000,0.000000,0.000000
2407,0.540132,0.540132,0.000000,0.000000,0.000000,0.000000
2408,0.541023,0.541023,0.000000,0.000000,0.000000,0.000000
2409,0.560816,0.560816,0.000000,0.000000,0.000000,0.000000
2410,0.561217,0.561217,0.000000,0.000000,0.000000,3.447382
2411,0.583637,0.583637,0.000000,0.000000,0.000000,0.000000
2412,0.556613,0.556613,0.000000,0.000000,0.000000,0.000000
2413,0.567459,0.567459,0.000000,0.000000,0.000000,0.000000
2414,0.575196,0.575196,0.000000,0.000000,0.000000,0.000000
2415,0.582542,0.582542,0.000000,0.000000,0.000000,0.000000
2416,0.549846,0.549846,0.000000,0.000000,0.000000,0.000000
2417,0.541126,0.541126,0.000000,0.000000,0.000000,0.000000
2418,0.529516,0.529516,0.000000,0.000000,0.000000,0.000000
2419,0.556323,0.556323,0.000000,0.000000,0.000000,0.000000
2420,0.545628,0.545628,0.000000,0.000000,0.000000,3.495719
2421,0.545685,0.545685,0.000000,0.000000,0.000000,0.000000
2422,0.585254,0.585254,0.000000,0.000000,0.000000,0.000000
2423,0.526900,0.526900,0.000000,0.000000,0.000000,0.000000
2424,0.577558,0.577558,0.000000,0.000000,0.000000,0.000000
2425,0.517620,0.517620,0.000000,0.000000,0.000000,0.000000
2426,0.553753,0.553753,0.000000,0.000000,0.000000,0.000000
2427,0.512187,0.512187,0.000000,0.000000,0.000000,0.000000
2428,0.532101,0.532101,0.000000,0.000000,0.000000,0.000000
2429,0.545797,0.545797,0.000000,0.000000,0.000000,0.000000
2430,0.573068,0.573068,0.000000,0.000000,0.000000,3.440053
2431,0.571413,0.571413,0.000000,0.000000,0.000000,0.000000
2432,0.519286,0.519286,0.000000,0.000000,0.000000,0.000000
2433,0.599450,0.599450,0.000000,0.000000,0.000000,0.000000
2434,0.566894,0.566894,0.000000,0.000000,0.000000,0.000000
2435,0.579226,0.579226,0.000000,0.000000,0.000000,0.000000
2436,0.591832,0.591832,0.000000,0.000000,0.000000,0.000000
2437,0.581670,0.581670,0.000000,0.000000,0.000000,0.000000
2438,0.538725,0.538725,0.000000,0.000000,0.000000,0.000000
2439,0.608430,0.608430,0.000000,0.000000,0.000000,0.000000
2440,0.549295,0.549295,0.000000,0.000000,0.000000,3.475986
2441,0.537058,0.537058,0.000000,0.000000,0.000000,0.000000
2442,0.621098,0.621098,0.000000,0.000000,0.000000,0.000000
2443,0.572356,0.572356,0.000000,0.000000,0.000000,0.000000
2444,0.612510,0.612510,0.000000,0.000000,0.000000,0.000000
2445,0.538108,0.538108,0.000000,0.000000,0.000000,0.000000
2446,0.523319,0.523319,0.000000,0.000000,0.000000,0.000000
2447,0.527592,0.527592,0.000000,0.000000,0.000000,0.000000
2448,0.569772,0.569772,0.000000,0.000000,0.000000,0.000000
2449,0.542183,0.542183,0.000000,0.000000,0.000000,0.000000
2450,0.563470,0.563470,0.000000,0.000000,0.000000,3.437218
2451,0.537455,0.537455,0.000000,0.000000,0.000000,0.000000
2452,0.532032,0.532032,0.000000,0.000000,0.000000,0.000000
2453,0.549994,0.549994,0.000000,0.000000,0.000000,0.000000
2454,0.554283,0.554283,0.000000,0.000000,0.000000,0.000000
2455,0.542178,0.542178,0.000000,0.000000,0.000000,0.000000
2456,0.568800,0.568800,0.000000,0.000000,0.000000,0.000000
2457,0.539275,0.539275,0.000000,0.000000,0.000000,0.000000
2458,0.565083,0.565083,0.000000,0.000000,0.000000,0.000000
2459,0.548115,0.548115,0.000000,0.000000,0.000000,0.000000
2460,0.535134,0.535134,0.000000,0.000000,0.000000,3.511605
2461,0.594249,0.594249,0.000000,0.000000,0.000000,0.000000
2462,0.562317,0.562317,0.000000,0.000000,0.000000,0.000000
2463,0.615179,0.615179,0.000000,0.000000,0.000000,0.000000
2464,0.547530,0.547530,0.000000,0.000000,0.000000,0.000000
2465,0.494845,0.494845,0.000000,0.000000,0.000000,0.000000
2466,0.516964,0.516964,0.000000,0.000000,0.000000,0.000000
2467,0.573244,0.573244,0.000000,0.000000,0.000000,0.000000
2468,0.520265,0.520265,0.000000,0.000000,0.000000,0.000000
2469,0.538587,0.538587,0.000000,0.000000,0.000000,0.000000
2470,0.588067,0.588067,0.000000,0.000000,0.000000,3.505699
2471,0.567962,0.567962,0.000000,0.000000,0.000000,0.000000
2472,0.525645,0.525645,0.000000,0.000000,0.000000,0.000000
2473,0.556347,0.556347,0.000000,0.000000,0.000000,0.000000
2474,0.549736,0.549736,0.000000,0.000000,0.000000,0.000000
2475,0.514233,0.514233,0.000000,0.000000,0.000000,0.000000
2476,0.544621,0.544621,0.000000,0.000000,0.000000,0.000000
2477,0.559347,0.559347,0.000000,0.000000,0.000000,0.000000
2478,0.504992,0.504992,0.000000,0.000000,0.000000,0.000000
2479,0.527873,0.527873,0.000000,0.000000,0.000000,0.000000
2480,0.535452,0.535452,0.000000,0.000000,0.000000,3.477357
2481,0.542833,0.542833,0.000000,0.000000,0.000000,0.000000
2482,0.568856,0.568856,0.000000,0.000000,0.000000,0.000000
2483,0.563936,0.563936,0.000000,0.000000,0.000000,0.000000
2484,0.542507,0.542507,0.000000,0.000000,0.000000,0.000000
2485,0.520830,0.520830,0.000000,0.000000,0.000000,0.000000
2486,0.528304,0.528304,0.000000,0.000000,0.000000,0.000000
2487,0.513583,0.513583,0.000000,0.000000,0.000000,0.000000
2488,0.547524,0.547524,0.000000,0.000000,0.000000,0.000000
2489,0.553503,0.553503,0.000000,0.000000,0.000000,0.000000
2490,0.548127,0.548127,0.000000,0.000000,0.000000,3.434204
2491,0.552550,0.552550,0.000000,0.000000,0.000000,0.000000
2492,0.513750,0.513750,0.000000,0.000000,0.000000,0.000000
2493,0.539031,0.539031,0.000000,0.000000,0.000000,0.000000
2494,0.559257,0.559257,0.000000,0.000000,0.000000,0.000000
2495,0.511554,0.511554,0.000000,0.000000,0.000000,0.000000
2496,0.547508,0.547508,0.000000,0.000000,0.000000,0.000000
2497,0.518134,0.518134,0.000000,0.000000,0.000000,0.000000
2498,0.545746,0.545746,0.000000,0.000000,0.000000,0.000000
2499,0.502306,0.502306,0.000000,0.000000,0.000000,0.000000
2500,0.562188,0.562188,0.000000,0.000000,0.000000,3.501043
2501,0.595075,0.595075,0.000000,0.000000,0.000000,0.000000
2502,0.603097,0.603097,0.000000,0.000000,0.000000,0.000000
2503,0.550702,0.550702,0.000000,0.000000,0.000000,0.000000
2504,0.557472,0.557472,0.000000,0.000000,0.000000,0.000000
2505,0.536694,0.536694,0.000000,0.000000,0.000000,0.000000
2506,0.543252,0.543252,0.000000,0.000000,0.000000,0.000000
2507,0.498055,0.498055,0.000000,0.000000,0.000000,0.000000
2508,0.546395,0.546395,0.000000,0.000000,0.000000,0.000000
2509,0.545592,0.545592,0.000000,0.000000,0.000000,0.000000
2510,0.542272,0.542272,0.000000,0.000000,0.000000,3.478542
2511,0.552445,0.552445,0.000000,0.000000,0.000000,0.000000
2512,0.568788,0.568788,0.000000,0.000000,0.000000,0.000000
2513,0.497683,0.497683,0.000000,0.000000,0.000000,0.000000
2514,0.536017,0.536017,0.000000,0.000000,0.000000,0.000000
2515,0.532109,0.532109,0.000000,0.000000,0.000000,0.000000
2516,0.521742,0.521742,0.000000,0.000000,0.000000,0.000000
2517,0.513523,0.513523,0.000000,0.000000,0.000000,0.000000
2518,0.566937,0.566937,0.000000,0.000000,0.000000,0.000000
2519,0.519934,0.519934,0.000000,0.000000,0.000000,0.000000
2520,0.520641,0.520641,0.000000,0.000000,0.000000,3.474478
2521,0.525004,0.525004,0.000000,0.000000,0.000000,0.000000
2522,0.542346,0.542346,0.000000,0.000000,0.000000,0.000000
2523,0.521459,0.521459,0.000000,0.000000,0.000000,0.000000
2524,0.532344,0.532344,0.000000,0.000000,0.000000,0.000000
2525,0.499291,0.499291,0.000000,0.000000,0.000000,0.000000
2526,0.520088,0.520088,0.000000,0.000000,0.000000,0.000000
2527,0.568230,0.568230,0.000000,0.000000,0.000000,0.000000
2528,0.583628,0.583628,0.000000,0.000000,0.000000,0.000000
2529,0.540715,0.540715,0.000000,0.000000,0.000000,0.000000
2530,0.566078,0.566078,0.000000,0.000000,0.000000,3.492440
2531,0.548858,0.548858,0.000000,0.000000,0.000000,0.000000
2532,0.597220,0.597220,0.000000,0.000000,0.000000,0.000000
2533,0.586706,0.586706,0.000000,0.000000,0.000000,0.000000
2534,0.514406,0.514406,0.000000,0.000000,0.000000,0.000000
2535,0.500284,0.500284,0.000000,0.000000,0.000000,0.000000
2536,0.567240,0.567240,0.000000,0.000000,0.000000,0.000000
2537,0.503164,0.503164,0.000000,0.000000,0.000000,0.000000
2538,0.536029,0.536029,0.000000,0.000000,0.000000,0.000000
2539,0.516392,0.516392,0.000000,0.000000,0.000000,0.000000
2540,0.525773,0.525773,0.000000,0.000000,0.000000,3.512715
2541,0.554436,0.554436,0.000000,0.000000,0.000000,0.000000
2542,0.568490,0.568490,0.000000,0.000000,0.000000,0.000000
2543,0.561988,0.561988,0.000000,0.000000,0.000000,0.000000
2544,0.553642,0.553642,0.000000,0.000000,0.000000,0.000000
2545,0.563905,0.563905,0.000000,0.000000,0.000000,0.000000
2546,0.548507,0.548507,0.000000,0.000000,0.000000,0.000000
2547,0.517445,0.517445,0.000000,0.000000,0.000000,0.000000
2548,0.563609,0.563609,0.000000,0.000000,0.000000,0.000000
2549,0.518540,0.518540,0.000000,0.000000,0.000000,0.000000
2550,0.579672,0.579672,0.000000,0.000000,0.000000,3.481799
2551,0.596002,0.596002,0.000000,0.000000,0.000000,0.000000
2552,0.564377,0.564377,0.000000,0.000000,0.000000,0.000000
2553,0.549677,0.549677,0.000000,0.000000,0.000000,0.000000
2554,0.580006,0.580006,0.000000,0.000000,0.000000,0.000000
2555,0.504399,0.504399,0.000000,0.000000,0.000000,0.000000
2556,0.551239,0.551239,0.000000,0.000000,0.000000,0.000000
2557,0.550814,0.550814,0.000000,0.000000,0.000000,0.000000
2558,0.542184,0.542184,0.000000,0.000000,0.000000,0.000000
2559,0.557801,0.557801,0.000000,0.000000,0.000000,0.000000
2560,0.525383,0.525383,0.000000,0.000000,0.000000,3.503381
2561,0.549009,0.549009,0.000000,0.000000,0.000000,0.000000
2562,0.565232,0.565232,0.000000,0.000000,0.000000,0.000000
2563,0.576630,0.576630,0.000000,0.000000,0.000000,0.000000
2564,0.501304,0.501304,0.000000,0.000000,0.000000,0.000000
2565,0.517120,0.517120,0.000000,0.000000,0.000000,0.000000
2566,0.516368,0.516368,0.000000,0.000000,0.000000,0.000000
2567,0.531314,0.531314,0.000000,0.000000,0.000000,0.000000
2568,0.512072,0.512072,0.000000,0.000000,0.000000,0.000000
2569,0.581341,0.581341,0.000000,0.000000,0.000000,0.000000
2570,0.549184,0.549184,0.000000,0.000000,0.000000,3.469044
2571,0.547685,0.547685,0.000000,0.000000,0.000000,0.000000
2572,0.504451,0.504451,0.000000,0.000000,0.000000,0.000000
2573,0.541350,0.541350,0.000000,0.000000,0.000000,0.000000
2574,0.523613,0.523613,0.000000,0.000000,0.000000,0.000000
2575,0.562226,0.562226,0.000000,0.000000,0.000000,0.000000
2576,0.540800,0.540800,0.000000,0.000000,0.000000,0.000000
2577,0.527901,0.527901,0.000000,0.000000,0.000000,0.000000
2578,0.535862,0.535862,0.000000,0.000000,0.000000,0.000000
2579,0.534574,0.534574,0.000000,0.000000,0.000000,0.000000
2580,0.524751,0.524751,0.000000,0.000000,0.000000,3.508699
2581,0.511300,0.511300,0.000000,0.000000,0.000000,0.000000
2582,0.561945,0.561945,0.000000,0.000000,0.000000,0.000000
2583,0.514741,0.514741,0.000000,0.000000,0.000000,0.000000
2584,0.555410,0.555410,0.000000,0.000000,0.000000,0.000000
2585,0.528791,0.528791,0.000000,0.000000,0.000000,0.000000
2586,0.489262,0.489262,0.000000,0.000000,0.000000,0.000000
2587,0.504572,0.504572,0.000000,0.000000,0.000000,0.000000
2588,0.550900,0.550900,0.000000,0.000000,0.000000,0.000000
2589,0.530284,0.530284,0.000000,0.000000,0.000000,0.000000
2590,0.545873,0.545873,0.000000,0.000000,0.000000,3.549342
2591,0.507673,0.507673,0.000000,0.000000,0.000000,0.000000
2592,0.517303,0.517303,0.000000,0.000000,0.000000,0.000000
2593,0.540545,0.540545,0.000000,0.000000,0.000000,0.000000
2594,0.519843,0.519843,0.000000,0.000000,0.000000,0.000000
2595,0.529452,0.529452,0.000000,0.000000,0.000000,0.000000
2596,0.510362,0.510362,0.000000,0.000000,0.000000,0.000000
2597,0.514683,0.514683,0.000000,0.000000,0.000000,0.000000
2598,0.501399,0.501399,0.000000,0.000000,0.000000,0.000000
2599,0.490675,0.490675,0.000000,0.000000,0.000000,0.000000
2600,0.583411,0.583411,0.000000,0.000000,0.000000,3.504638
2601,0.527303,0.527303,0.000000,0.000000,0.000000,0.000000
2602,0.537826,0.537826,0.000000,0.000000,0.000000,0.000000
2603,0.492288,0.492288,0.000000,0.000000,0.000000,0.000000
2604,0.523404,0.523404,0.000000,0.000000,0.000000,0.000000
2605,0.548337,0.548337,0.000000,0.000000,0.000000,0.000000
2606,0.535182,0.535182,0.000000,0.000000,0.000000,0.000000
2607,0.568233,0.568233,0.000000,0.000000,0.000000,0.000000
2608,0.550334,0.550334,0.000000,0.000000,0.000000,0.000000
2609,0.536566,0.536566,0.000000,0.000000,0.000000,0.000000
2610,0.578389,0.578389,0.000000,0.000000,0.000000,3.453782
2611,0.522895,0.522895,0.000000,0.000000,0.000000,0.000000
2612,0.546515,0.546515,0.000000,0.000000,0.000000,0.000000
2613,0.547138,0.547138,0.000000,0.000000,0.000000,0.000000
2614,0.558479,0.558479,0.000000,0.000000,0.000000,0.000000
2615,0.545413,0.545413,0.000000,0.000000,0.000000,0.000000
2616,0.505220,0.505220,0.000000,0.000000,0.000000,0.000000
2617,0.541490,0.541490,0.000000,0.000000,0.000000,0.000000
2618,0.533642,0.533642,0.000000,0.000000,0.000000,0.000000
2619,0.532126,0.532126,0.000000,0.000000,0.000000,0.000000
2620,0.543421,0.543421,0.000000,0.000000,0.000000,3.473455
2621,0.547728,0.547728,0.000000,0.000000,0.000000,0.000000
2622,0.501909,0.501909,0.000000,0.000000,0.000000,0.000000
2623,0.510210,0.510210,0.000000,0.000000,0.000000,0.000000
2624,0.533566,0.533566,0.000000,0.000000,0.000000,0.000000
2625,0.541379,0.541379,0.000000,0.000000,0.000000,0.000000
2626,0.549123,0.549123,0.000000,0.000000,0.000000,0.000000
2627,0.526490,0.526490,0.000000,0.000000,0.000000,0.000000
2628,0.522543,0.522543,0.000000,0.000000,0.000000,0.000000
2629,0.505154,0.505154,0.000000,0.000000,0.000000,0.000000
2630,0.528964,0.528964,0.000000,0.000000,0.000000,3.524330
2631,0.530839,0.530839,0.000000,0.000000,0.000000,0.000000
2632,0.522274,0.522274,0.000000,0.000000,0.000000,0.000000
2633,0.552963,0.552963,0.000000,0.000000,0.000000,0.000000
2634,0.571652,0.571652,0.000000,0.000000,0.000000,0.000000
2635,0.560825,0.560825,0.000000,0.000000,0.000000,0.000000
2636,0.522905,0.522905,0.000000,0.000000,0.000000,0.000000
2637,0.549253,0.549253,0.000000,0.000000,0.000000,0.000000
2638,0.536708,0.536708,0.000000,0.000000,0.000000,0.000000
2639,0.537540,0.537540,0.000000,0.000000,0.000000,0.000000
2640,0.560768,0.560768,0.000000,0.000000,0.000000,3.517619
2641,0.539452,0.539452,0.000000,0.000000,0.000000,0.000000
2642,0.495418,0.495418,0.000000,0.000000,0.000000,0.000000
2643,0.516042,0.516042,0.000000,0.000000,0.000000,0.000000
2644,0.533717,0.533717,0.000000,0.000000,0.000000,0.000000
2645,0.516618,0.516618,0.000000,0.000000,0.000000,0.000000
2646,0.516773,0.516773,0.000000,0.000000,0.000000,0.000000
2647,0.495712,0.495712,0.000000,0.000000,0.000000,0.000000
2648,0.491886,0.491886,0.000000,0.000000,0.000000,0.000000
2649,0.541289,0.541289,0.000000,0.000000,0.000000,0.000000
2650,0.570898,0.570898,0.000000,0.000000,0.000000,3.562602
2651,0.538458,0.538458,0.000000,0.000000,0.000000,0.000000
2652,0.515923,0.515923,0.000000,0.000000,0.000000,0.000000
2653,0.549192,0.549192,0.000000,0.000000,0.000000,0.000000
2654,0.520915,0.520915,0.000000,0.000000,0.000000,0.000000
2655,0.565473,0.565473,0.000000,0.000000,0.000000,0.000000
2656,0.569389,0.569389,0.000000,0.000000,0.000000,0.000000
2657,0.527583,0.527583,0.000000,0.000000,0.000000,0.000000
2658,0.518885,0.518885,0.000000,0.000000,0.000000,0.000000
2659,0.532763,0.532763,0.000000,0.000000,0.000000,0.000000
2660,0.489592,0.489592,0.000000,0.000000,0.000000,3.546317
2661,0.514751,0.514751,0.000000,0.000000,0.000000,0.000000
2662,0.514845,0.514845,0.000000,0.000000,0.000000,0.000000
2663,0.539932,0.539932,0.000000,0.000000,0.000000,0.000000
2664,0.475771,0.475771,0.000000,0.000000,0.000000,0.000000
2665,0.524658,0.524658,0.000000,0.000000,0.000000,0.000000
2666,0.539616,0.539616,0.000000,0.000000,0.000000,0.000000
2667,0.525806,0.525806,0.000000,0.000000,0.000000,0.000000
2668,0.561581,0.561581,0.000000,0.000000,0.000000,0.000000
2669,0.513423,0.513423,0.000000,0.000000,0.000000,0.000000
2670,0.510242,0.510242,0.000000,0.000000,0.000000,3.611698
2671,0.527624,0.527624,0.000000,0.000000,0.000000,0.000000
2672,0.532626,0.532626,0.000000,0.000000,0.000000,0.000000
2673,0.530379,0.530379,0.000000,0.000000,0.000000,0.000000
2674,0.545174,0.545174,0.000000,0.000000,0.000000,0.000000
2675,0.520878,0.520878,0.000000,0.000000,0.000000,0.000000
2676,0.519788,0.519788,0.000000,0.000000,0.000000,0.000000
2677,0.566308,0.566308,0.000000,0.000000,0.000000,0.000000
2678,0.548814,0.548814,0.000000,0.000000,0.000000,0.000000
2679,0.544543,0.544543,0.000000,0.000000,0.000000,0.000000
2680,0.514262,0.514262,0.000000,0.000000,0.000000,3.597333
2681,0.526301,0.526301,0.000000,0.000000,0.000000,0.000000
2682,0.500204,0.500204,0.000000,0.000000,0.000000,0.000000
2683,0.555947,0.555947,0.000000,0.000000,0.000000,0.000000
2684,0.525144,0.525144,0.000000,0.000000,0.000000,0.000000
2685,0.522238,0.522238,0.000000,0.000000,0.000000,0.000000
2686,0.493650,0.493650,0.000000,0.000000,0.000000,0.000000
2687,0.517451,0.517451,0.000000,0.000000,0.000000,0.000000
2688,0.550355,0.550355,0.000000,0.000000,0.000000,0.000000
2689,0.482026,0.482026,0.000000,0.000000,0.000000,0.000000
2690,0.472005,0.472005,0.000000,0.000000,0.000000,3.544244
2691,0.504578,0.504578,0.000000,0.000000,0.000000,0.000000
2692,0.484512,0.484512,0.000000,0.000000,0.000000,0.000000
2693,0.527020,0.527020,0.000000,0.000000,0.000000,0.000000
2694,0.512310,0.512310,0.000000,0.000000,0.000000,0.000000
2695,0.500966,0.500966,0.000000,0.000000,0.000000,0.000000
2696,0.506926,0.506926,0.000000,0.000000,0.000000,0.000000
2697,0.525867,0.525867,0.000000,0.000000,0.000000,0.000000
2698,0.491257,0.491257,0.000000,0.000000,0.000000,0.000000
2699,0.506994,0.506994,0.000000,0.000000,0.000000,0.000000
2700,0.540200,0.540200,0.000000,0.000000,0.000000,3.593808
2701,0.507217,0.507217,0.000000,0.000000,0.000000,0.000000
2702,0.567117,0.567117,0.000000,0.000000,0.000000,0.000000
2703,0.525006,0.525006,0.000000,0.000000,0.000000,0.000000
2704,0.537943,0.537943,0.000000,0.000000,0.000000,0.000000
2705,0.526920,0.526920,0.000000,0.000000,0.000000,0.000000
2706,0.472097,0.472097,0.000000,0.000000,0.000000,0.000000
2707,0.528011,0.528011,0.000000,0.000000,0.000000,0.000000
2708,0.545603,0.545603,0.000000,0.000000,0.000000,0.000000
2709,0.498877,0.498877,0.000000,0.000000,0.000000,0.000000
2710,0.513311,0.513311,0.000000,0.000000,0.000000,3.607958
2711,0.507719,0.507719,0.000000,0.000000,0.000000,0.000000
2712,0.489734,0.489734,0.000000,0.000000,0.000000,0.000000
2713,0.504407,0.504407,0.000000,0.000000,0.000000,0.000000
2714,0.485082,0.485082,0.000000,0.000000,0.000000,0.000000
2715,0.527323,0.527323,0.000000,0.000000,0.000000,0.000000
2716,0.518529,0.518529,0.000000,0.000000,0.000000,0.000000
2717,0.496404,0.496404,0.000000,0.000000,0.000000,0.000000
2718,0.526007,0.526007,0.000000,0.000000,0.000000,0.000000
2719,0.532661,0.532661,0.000000,0.000000,0.000000,0.000000
2720,0.500606,0.500606,0.000000,0.000000,0.000000,3.653387
2721,0.479779,0.479779,0.000000,0.000000,0.000000,0.000000
2722,0.514738,0.514738,0.000000,0.000000,0.000000,0.000000
2723,0.510743,0.510743,0.000000,0.000000,0.000000,0.000000
2724,0.501708,0.501708,0.000000,0.000000,0.000000,0.000000
2725,0.489929,0.489929,0.000000,0.000000,0.000000,0.000000
2726,0.518114,0.518114,0.000000,0.000000,0.000000,0.000000
2727,0.512301,0.512301,0.000000,0.000000,0.000000,0.000000
2728,0.533388,0.533388,0.000000,0.000000,0.000000,0.000000
2729,0.496449,0.496449,0.000000,0.000000,0.000000,0.000000
2730,0.494649,0.494649,0.000000,0.000000,0.000000,3.524310
2731,0.552002,0.552002,0.000000,0.000000,0.000000,0.000000
2732,0.513456,0.513456,0.000000,0.000000,0.000000,0.000000
2733,0.487096,0.487096,0.000000,0.000000,0.000000,0.000000
2734,0.499045,0.499045,0.000000,0.000000,0.000000,0.000000
2735,0.479635,0.479635,0.000000,0.000000,0.000000,0.000000
2736,0.516735,0.516735,0.000000,0.000000,0.000000,0.000000
2737,0.497892,0.497892,0.000000,0.000000,0.000000,0.000000
2738,0.507666,0.507666,0.000000,0.000000,0.000000,0.000000
2739,0.523422,0.523422,0.000000,0.000000,0.000000,0.000000
2740,0.495712,0.495712,0.000000,0.000000,0.000000,3.568449
2741,0.499895,0.499895,0.000000,0.000000,0.000000,0.000000
2742,0.507453,0.507453,0.000000,0.000000,0.000000,0.000000
2743,0.485034,0.485034,0.000000,0.000000,0.000000,0.000000
2744,0.536393,0.536393,0.000000,0.000000,0.000000,0.000000
2745,0.502043,0.502043,0.000000,0.000000,0.000000,0.000000
2746,0.510530,0.510530,0.000000,0.000000,0.000000,0.000000
2747,0.490217,0.490217,0.000000,0.000000,0.000000,0.000000
2748,0.477875,0.477875,0.000000,0.000000,0.000000,0.000000
2749,0.521579,0.521579,0.000000,0.000000,0.000000,0.000000
2750,0.542283,0.542283,0.000000,0.000000,0.000000,3.586888
2751,0.480973,0.480973,0.000000,0.000000,0.000000,0.000000
2752,0.513384,0.513384,0.000000,0.000000,0.000000,0.000000
2753,0.473002,0.473002,0.000000,0.000000,0.000000,0.000000
2754,0.510793,0.510793,0.000000,0.000000,0.000000,0.000000
2755,0.535134,0.535134,0.000000,0.000000,0.000000,0.000000
2756,0.519492,0.519492,0.000000,0.000000,0.000000,0.000000
2757,0.518819,0.518819,0.000000,0.000000,0.000000,0.000000
2758,0.517881,0.517881,0.000000,0.000000,0.000000,0.000000
2759,0.511920,0.511920,0.000000,0.000000,0.000000,0.000000
2760,0.467840,0.467840,0.000000,0.000000,0.000000,3.608601
2761,0.515633,0.515633,0.000000,0.000000,0.000000,0.000000
2762,0.501935,0.501935,0.000000,0.000000,0.000000,0.000000
2763,0.510991,0.510991,0.000000,0.000000,0.000000,0.000000
2764,0.544907,0.544907,0.000000,0.000000,0.000000,0.000000
2765,0.490668,0.490668,0.000000,0.000000,0.000000,0.000000
2766,0.512821,0.512821,0.000000,0.000000,0.000000,0.000000
2767,0.557512,0.557512,0.000000,0.000000,0.000000,0.000000
2768,0.497048,0.497048,0.000000,0.000000,0.000000,0.000000
2769,0.465380,0.465380,0.000000,0.000000,0.000000,0.000000
2770,0.472655,0.472655,0.000000,0.000000,0.000000,3.606415
2771,0.542415,0.542415,0.000000,0.000000,0.000000,0.000000
2772,0.469951,0.469951,0.000000,0.000000,0.000000,0.000000
2773,0.489034,0.489034,0.000000,0.000000,0.000000,0.000000
2774,0.502050,0.502050,0.000000,0.000000,0.000000,0.000000
2775,0.531776,0.531776,0.000000,0.000000,0.000000,0.000000
2776,0.530190,0.530190,0.000000,0.000000,0.000000,0.000000
2777,0.521709,0.521709,0.000000,0.000000,0.000000,0.000000
2778,0.497689,0.497689,0.000000,0.000000,0.000000,0.000000
2779,0.505113,0.505113,0.000000,0.000000,0.000000,0.000000
2780,0.539554,0.539554,0.000000,0.000000,0.000000,3.587187
2781,0.492008,0.492008,0.000000,0.000000,0.000000,0.000000
2782,0.516416,0.516416,0.000000,0.000000,0.000000,0.000000
2783,0.498283,0.498283,0.000000,0.000000,0.000000,0.000000
2784,0.500324,0.500324,0.000000,0.000000,0.000000,0.000000
2785,0.468022,0.468022,0.000000,0.000000,0.000000,0.000000
2786,0.549693,0.549693,0.000000,0.000000,0.000000,0.000000
2787,0.497690,0.497690,0.000000,0.000000,0.000000,0.000000
2788,0.529992,0.529992,0.000000,0.000000,0.000000,0.000000
2789,0.502033,0.502033,0.000000,0.000000,0.000000,0.000000
2790,0.492396,0.492396,0.000000,0.000000,0.000000,3.631329
2791,0.486558,0.486558,0.000000,0.000000,0.000000,0.000000
2792,0.501782,0.501782,0.000000,0.000000,0.000000,0.000000
2793,0.476513,0.476513,0.000000,0.000000,0.000000,0.000000
2794,0.506986,0.506986,0.000000,0.000000,0.000000,0.000000
2795,0.504792,0.504792,0.000000,0.000000,0.000000,0.000000
2796,0.482823,0.482823,0.000000,0.000000,0.000000,0.000000
2797,0.514159,0.514159,0.000000,0.000000,0.000000,0.000000
2798,0.502799,0.502799,0.000000,0.000000,0.000000,0.000000
2799,0.503876,0.503876,0.000000,0.000000,0.000000,0.000000
2800,0.482881,0.482881,0.000000,0.000000,0.000000,3.636538
2801,0.499068,0.499068,0.000000,0.000000,0.000000,0.000000
2802,0.505620,0.505620,0.000000,0.000000,0.000000,0.000000
2803,0.494655,0.494655,0.000000,0.000000,0.000000,0.000000
2804,0.486613,0.486613,0.000000,0.000000,0.000000,0.000000
2805,0.486114,0.486114,0.000000,0.000000,0.000000,0.000000
2806,0.517798,0.517798,0.000000,0.000000,0.000000,0.000000
2807,0.543669,0.543669,0.000000,0.000000,0.000000,0.000000
2808,0.517196,0.517196,0.000000,0.000000,0.000000,0.000000
2809,0.495465,0.495465,0.000000,0.000000,0.000000,0.000000
2810,0.488142,0.488142,0.000000,0.000000,0.000000,3.608992
2811,0.488320,0.488320,0.000000,0.000000,0.000000,0.000000
2812,0.496446,0.496446,0.000000,0.000000,0.000000,0.000000
2813,0.525010,0.525010,0.000000,0.000000,0.000000,0.000000
2814,0.483941,0.483941,0.000000,0.000000,0.000000,0.000000
2815,0.478411,0.478411,0.000000,0.000000,0.000000,0.000000
2816,0.480321,0.480321,0.000000,0.000000,0.000000,0.000000
2817,0.496656,0.496656,0.000000,0.000000,0.000000,0.000000
2818,0.488327,0.488327,0.000000,0.000000,0.000000,0.000000
2819,0.475188,0.475188,0.000000,0.000000,0.000000,0.000000
2820,0.506385,0.506385,0.000000,0.000000,0.000000,3.651600
2821,0.470746,0.470746,0.000000,0.000000,0.000000,0.000000
2822,0.484961,0.484961,0.000000,0.000000,0.000000,0.000000
2823,0.478539,0.478539,0.000000,0.000000,0.000000,0.000000
2824,0.510006,0.510006,0.000000,0.000000,0.000000,0.000000
2825,0.511346,0.511346,0.000000,0.000000,0.000000,0.000000
2826,0.517175,0.517175,0.000000,0.000000,0.000000,0.000000
2827,0.531608,0.531608,0.000000,0.000000,0.000000,0.000000
2828,0.476480,0.476480,0.000000,0.000000,0.000000,0.000000
2829,0.489626,0.489626,0.000000,0.000000,0.000000,0.000000
2830,0.490584,0.490584,0.000000,0.000000,0.000000,3.593924
2831,0.474195,0.474195,0.000000,0.000000,0.000000,0.000000
2832,0.499499,0.499499,0.000000,0.000000,0.000000,0.000000
2833,0.510071,0.510071,0.000000,0.000000,0.000000,0.000000
2834,0.520850,0.520850,0.000000,0.000000,0.000000,0.000000
2835,0.490693,0.490693,0.000000,0.000000,0.000000,0.000000
2836,0.495195,0.495195,0.000000,0.000000,0.000000,0.000000
2837,0.482036,0.482036,0.000000,0.000000,0.000000,0.000000
2838,0.459631,0.459631,0.000000,0.000000,0.000000,0.000000
2839,0.477291,0.477291,0.000000,0.000000,0.000000,0.000000
2840,0.498286,0.498286,0.000000,0.000000,0.000000,3.641904
2841,0.491595,0.491595,0.000000,0.000000,0.000000,0.000000
2842,0.486560,0.486560,0.000000,0.000000,0.000000,0.000000
2843,0.501346,0.501346,0.000000,0.000000,0.000000,0.000000
2844,0.499181,0.499181,0.000000,0.000000,0.000000,0.000000
2845,0.495787,0.495787,0.000000,0.000000,0.000000,0.000000
2846,0.502698,0.502698,0.000000,0.000000,0.000000,0.000000
2847,0.515074,0.515074,0.000000,0.000000,0.000000,0.000000
2848,0.519480,0.519480,0.000000,0.000000,0.000000,0.000000
2849,0.524179,0.524179,0.000000,0.000000,0.000000,0.000000
2850,0.530632,0.530632,0.000000,0.000000,0.000000,3.636438
2851,0.498338,0.498338,0.000000,0.000000,0.000000,0.000000
2852,0.486747,0.486747,0.000000,0.000000,0.000000,0.000000
2853,0.506424,0.506424,0.000000,0.000000,0.000000,0.000000
2854,0.485765,0.485765,0.000000,0.000000,0.000000,0.000000
2855,0.505429,0.505429,0.000000,0.000000,0.000000,0.000000
2856,0.501250,0.501250,0.000000,0.000000,0.000000,0.000000
2857,0.498021,0.498021,0.000000,0.000000,0.000000,0.000000
2858,0.445716,0.445716,0.000000,0.000000,0.000000,0.000000
2859,0.513928,0.513928,0.000000,0.000000,0.000000,0.000000
2860,0.526760,0.526760,0.000000,0.000000,0.000000,3.676876
2861,0.479027,0.479027,0.000000,0.000000,0.000000,0.000000
2862,0.489999,0.489999,0.000000,0.000000,0.000000,0.000000
2863,0.524742,0.524742,0.000000,0.000000,0.000000,0.000000
2864,0.509558,0.509558,0.000000,0.000000,0.000000,0.000000
2865,0.527792,0.527792,0.000000,0.000000,0.000000,0.000000
2866,0.460728,0.460728,0.000000,0.000000,0.000000,0.000000
2867,0.498369,0.498369,0.000000,0.000000,0.000000,0.000000
2868,0.510941,0.510941,0.000000,0.000000,0.000000,0.000000
2869,0.500036,0.500036,0.000000,0.000000,0.000000,0.000000
2870,0.497242,0.497242,0.000000,0.000000,0.000000,3.637775
2871,0.485081,0.485081,0.000000,0.000000,0.000000,0.000000
2872,0.494762,0.494762,0.000000,0.000000,0.000000,0.000000
2873,0.532755,0.532755,0.000000,0.000000,0.000000,0.000000
2874,0.493112,0.493112,0.000000,0.000000,0.000000,0.000000
2875,0.468817,0.468817,0.000000,0.000000,0.000000,0.000000
2876,0.481207,0.481207,0.000000,0.000000,0.000000,0.000000
2877,0.470728,0.470728,0.000000,0.000000,0.000000,0.000000
2878,0.558996,0.558996,0.000000,0.000000,0.000000,0.000000
2879,0.497372,0.497372,0.000000,0.000000,0.000000,0.000000
2880,0.462130,0.462130,0.000000,0.000000,0.000000,3.606971
2881,0.476932,0.476932,0.000000,0.000000,0.000000,0.000000
2882,0.491085,0.491085,0.000000,0.000000,0.000000,0.000000
2883,0.494914,0.494914,0.000000,0.000000,0.000000,0.000000
2884,0.496291,0.496291,0.000000,0.000000,0.000000,0.000000
2885,0.492106,0.492106,0.000000,0.000000,0.000000,0.000000
2886,0.471348,0.471348,0.000000,0.000000,0.000000,0.000000
2887,0.552633,0.552633,0.000000,0.000000,0.000000,0.000000
2888,0.517421,0.517421,0.000000,0.000000,0.000000,0.000000
2889,0.474756,0.474756,0.000000,0.000000,0.000000,0.000000
2890,0.529833,0.529833,0.000000,0.000000,0.000000,3.645722
2891,0.497051,0.497051,0.000000,0.000000,0.000000,0.000000
2892,0.463772,0.463772,0.000000,0.000000,0.000000,0.000000
2893,0.456616,0.456616,0.000000,0.000000,0.000000,0.000000
2894,0.440723,0.440723,0.000000,0.000000,0.000000,0.000000
2895,0.497074,0.497074,0.000000,0.000000,0.000000,0.000000
2896,0.483645,0.483645,0.000000,0.000000,0.000000,0.000000
2897,0.526305,0.526305,0.000000,0.000000,0.000000,0.000000
2898,0.485981,0.485981,0.000000,0.000000,0.000000,0.000000
2899,0.468053,0.468053,0.000000,0.000000,0.000000,0.000000
2900,0.500042,0.500042,0.000000,0.000000,0.000000,3.639771
2901,0.482347,0.482347,0.000000,0.000000,0.000000,0.000000
2902,0.504410,0.504410,0.000000,0.000000,0.000000,0.000000
2903,0.493873,0.493873,0.000000,0.000000,0.000000,0.000000
2904,0.490088,0.490088,0.000000,0.000000,0.000000,0.000000
2905,0.500386,0.500386,0.000000,0.000000,0.000000,0.000000
2906,0.505094,0.505094,0.000000,0.000000,0.000000,0.000000
2907,0.500651,0.500651,0.000000,0.000000,0.000000,0.000000
2908,0.506507,0.506507,0.000000,0.000000,0.000000,0.000000
2909,0.476387,0.476387,0.000000,0.000000,0.000000,0.000000
2910,0.479784,0.479784,0.000000,0.000000,0.000000,3.619161
2911,0.502557,0.502557,0.000000,0.000000,0.000000,0.000000
2912,0.497048,0.497048,0.000000,0.000000,0.000000,0.000000
2913,0.513387,0.513387,0.000000,0.000000,0.000000,0.000000
2914,0.519074,0.519074,0.000000,0.000000,0.000000,0.000000
2915,0.473839,0.473839,0.000000,0.000000,0.000000,0.000000
2916,0.471394,0.471394,0.000000,0.000000,0.000000,0.000000
2917,0.494692,0.494692,0.000000,0.000000,0.000000,0.000000
2918,0.474857,0.474857,0.000000,0.000000,0.000000,0.000000
2919,0.475828,0.475828,0.000000,0.000000,0.000000,0.000000
2920,0.491861,0.491861,0.000000,0.000000,0.000000,3.680158
2921,0.472588,0.472588,0.000000,0.000000,0.000000,0.000000
2922,0.517467,0.517467,0.000000,0.000000,0.000000,0.000000
2923,0.489878,0.489878,0.000000,0.000000,0.000000,0.000000
2924,0.487700,0.487700,0.000000,0.000000,0.000000,0.000000
2925,0.503642,0.503642,0.000000,0.000000,0.000000,0.000000
2926,0.497361,0.497361,0.000000,0.000000,0.000000,0.000000
2927,0.511591,0.511591,0.000000,0.000000,0.000000,0.000000
2928,0.476084,0.476084,0.000000,0.000000,0.000000,0.000000
2929,0.484258,0.484258,0.000000,0.000000,0.000000,0.000000
2930,0.486505,0.486505,0.000000,0.000000,0.000000,3.728726
2931,0.471186,0.471186,0.000000,0.000000,0.000000,0.000000
2932,0.539869,0.539869,0.000000,0.000000,0.000000,0.000000
2933,0.482717,0.482717,0.000000,0.000000,0.000000,0.000000
2934,0.450979,0.450979,0.000000,0.000000,0.000000,0.000000
2935,0.497338,0.497338,0.000000,0.000000,0.000000,0.000000
2936,0.519227,0.519227,0.000000,0.000000,0.000000,0.000000
2937,0.462162,0.462162,0.000000,0.000000,0.000000,0.000000
2938,0.486375,0.486375,0.000000,0.000000,0.000000,0.000000
2939,0.451611,0.451611,0.000000,0.000000,0.000000,0.000000
2940,0.513101,0.513101,0.000000,0.000000,0.000000,3.680868
2941,0.487887,0.487887,0.000000,0.000000,0.000000,0.000000
2942,0.469779,0.469779,0.000000,0.000000,0.000000,0.000000
2943,0.474544,0.474544,0.000000,0.000000,0.000000,0.000000
2944,0.467094,0.467094,0.000000,0.000000,0.000000,0.000000
2945,0.496635,0.496635,0.000000,0.000000,0.000000,0.000000
2946,0.491765,0.491765,0.000000,0.000000,0.000000,0.000000
2947,0.450884,0.450884,0.000000,0.000000,0.000000,0.000000
2948,0.516091,0.516091,0.000000,0.000000,0.000000,0.000000
2949,0.464654,0.464654,0.000000,0.000000,0.000000,0.000000
2950,0.473293,0.473293,0.000000,0.000000,0.000000,3.657752
2951,0.473240,0.473240,0.000000,0.000000,0.000000,0.000000
2952,0.463754,0.463754,0.000000,0.000000,0.000000,0.000000
2953,0.457645,0.457645,0.000000,0.000000,0.000000,0.000000
2954,0.490253,0.490253,0.000000,0.000000,0.000000,0.000000
2955,0.463914,0.463914,0.000000,0.000000,0.000000,0.000000
2956,0.443342,0.443342,0.000000,0.000000,0.000000,0.000000
2957,0.482100,0.482100,0.000000,0.000000,0.000000,0.000000
2958,0.467753,0.467753,0.000000,0.000000,0.000000,0.000000
2959,0.505982,0.505982,0.000000,0.000000,0.000000,0.000000
2960,0.465771,0.465771,0.000000,0.000000,0.000000,3.665468
2961,0.463852,0.463852,0.000000,0.000000,0.000000,0.000000
2962,0.471526,0.471526,0.000000,0.000000,0.000000,0.000000
2963,0.466915,0.466915,0.000000,0.000000,0.000000,0.000000
2964,0.495168,0.495168,0.000000,0.000000,0.000000,0.000000
2965,0.510471,0.510471,0.000000,0.000000,0.000000,0.000000
2966,0.483053,0.483053,0.000000,0.000000,0.000000,0.000000
2967,0.499386,0.499386,0.000000,0.000000,0.000000,0.000000
2968,0.490135,0.490135,0.000000,0.000000,0.000000,0.000000
2969,0.465878,0.465878,0.000000,0.000000,0.000000,0.000000
2970,0.452149,0.452149,0.000000,0.000000,0.000000,3.652475
2971,0.453561,0.453561,0.000000,0.000000,0.000000,0.000000
2972,0.500602,0.500602,0.000000,0.000000,0.000000,0.000000
2973,0.498294,0.498294,0.000000,0.000000,0.000000,0.000000
2974,0.481063,0.481063,0.000000,0.000000,0.000000,0.000000
2975,0.480611,0.480611,0.000000,0.000000,0.000000,0.000000
2976,0.494826,0.494826,0.000000,0.000000,0.000000,0.000000
2977,0.490300,0.490300,0.000000,0.000000,0.000000,0.000000
2978,0.508867,0.508867,0.000000,0.000000,0.000000,0.000000
2979,0.465821,0.465821,0.000000,0.000000,0.000000,0.000000
2980,0.466079,0.466079,0.000000,0.000000,0.000000,3.686034
2981,0.484176,0.484176,0.000000,0.000000,0.000000,0.000000
2982,0.490507,0.490507,0.000000,0.000000,0.000000,0.000000
2983,0.478188,0.478188,0.000000,0.000000,0.000000,0.000000
2984,0.477395,0.477395,0.000000,0.000000,0.000000,0.000000
2985,0.469430,0.469430,0.000000,0.000000,0.000000,0.000000
2986,0.468225,0.468225,0.000000,0.000000,0.000000,0.000000
2987,0.455535,0.455535,0.000000,0.000000,0.000000,0.000000
2988,0.465338,0.465338,0.000000,0.000000,0.000000,0.000000
2989,0.491080,0.491080,0.000000,0.000000,0.000000,0.000000
2990,0.494624,0.494624,0.000000,0.000000,0.000000,3.669668
2991,0.445174,0.445174,0.000000,0.000000,0.000000,0.000000
2992,0.461985,0.461985,0.000000,0.000000,0.000000,0.000000
2993,0.491044,0.491044,0.000000,0.000000,0.000000,0.000000
2994,0.514634,0.514634,0.000000,0.000000,0.000000,0.000000
2995,0.459929,0.459929,0.000000,0.000000,0.000000,0.000000
2996,0.487710,0.487710,0.000000,0.000000,0.000000,0.000000
2997,0.476675,0.476675,0.000000,0.000000,0.000000,0.000000
2998,0.477418,0.477418,0.000000,0.000000,0.000000,0.000000
2999,0.502072,0.502072,0.000000,0.000000,0.000000,0.000000
3000,0.499463,0.499463,0.000000,0.000000,0.000000,3.699155
3001,0.498719,0.498719,0.000000,0.000000,0.000000,0.000000
3002,0.502501,0.502501,0.000000,0.000000,0.000000,0.000000
3003,0.477751,0.477751,0.000000,0.000000,0.000000,0.000000
3004,0.457482,0.457482,0.000000,0.000000,0.000000,0.000000
3005,0.521559,0.521559,0.000000,0.000000,0.000000,0.000000
3006,0.471835,0.471835,0.000000,0.000000,0.000000,0.000000
3007,0.484141,0.484141,0.000000,0.000000,0.000000,0.000000
3008,0.502500,0.502500,0.000000,0.000000,0.000000,0.000000
3009,0.487881,0.487881,0.000000,0.000000,0.000000,0.000000
3010,0.470694,0.470694,0.000000,0.000000,0.000000,3.730202
3011,0.477716,0.477716,0.000000,0.000000,0.000000,0.000000
3012,0.462522,0.462522,0.000000,0.000000,0.000000,0.000000
3013,0.476276,0.476276,0.000000,0.000000,0.000000,0.000000
3014,0.461516,0.461516,0.000000,0.000000,0.000000,0.000000
3015,0.441294,0.441294,0.000000,0.000000,0.000000,0.000000
3016,0.490611,0.490611,0.000000,0.000000,0.000000,0.000000
3017,0.441730,0.441730,0.000000,0.000000,0.000000,0.000000
3018,0.474364,0.474364,0.000000,0.000000,0.000000,0.000000
3019,0.467466,0.467466,0.000000,0.000000,0.000000,0.000000
3020,0.457883,0.457883,0.000000,0.000000,0.000000,3.724293
3021,0.494605,0.494605,0.000000,0.000000,0.000000,0.000000
3022,0.486722,0.486722,0.000000,0.000000,0.000000,0.000000
3023,0.496297,0.496297,0.000000,0.000000,0.000000,0.000000
3024,0.458833,0.458833,0.000000,0.000000,0.000000,0.000000
3025,0.494156,0.494156,0.000000,0.000000,0.000000,0.000000
3026,0.500432,0.500432,0.000000,0.000000,0.000000,0.000000
3027,0.437034,0.437034,0.000000,0.000000,0.000000,0.000000
3028,0.442270,0.442270,0.000000,0.000000,0.000000,0.000000
3029,0.443383,0.443383,0.000000,0.000000,0.000000,0.000000
3030,0.489500,0.489500,0.000000,0.000000,0.000000,3.688755
3031,0.452519,0.452519,0.000000,0.000000,0.000000,0.000000
3032,0.464941,0.464941,0.000000,0.000000,0.000000,0.000000
3033,0.472158,0.472158,0.000000,0.000000,0.000000,0.000000
3034,0.460050,0.460050,0.000000,0.000000,0.000000,0.000000
3035,0.481296,0.481296,0.000000,0.000000,0.000000,0.000000
3036,0.459633,0.459633,0.000000,0.000000,0.000000,0.000000
3037,0.490541,0.490541,0.000000,0.000000,0.000000,0.000000
3038,0.479148,0.479148,0.000000,0.000000,0.000000,0.000000
3039,0.453324,0.453324,0.000000,0.000000,0.000000,0.000000
3040,0.506327,0.506327,0.000000,0.000000,0.000000,3.654461
3041,0.465128,0.465128,0.000000,0.000000,0.000000,0.000000
3042,0.428861,0.428861,0.000000,0.000000,0.000000,0.000000
3043,0.464055,0.464055,0.000000,0.000000,0.000000,0.000000
3044,0.488323,0.488323,0.000000,0.000000,0.000000,0.000000
3045,0.457651,0.457651,0.000000,0.000000,0.000000,0.000000
3046,0.476468,0.476468,0.000000,0.000000,0.000000,0.000000
3047,0.501550,0.501550,0.000000,0.000000,0.000000,0.000000
3048,0.481160,0.481160,0.000000,0.000000,0.000000,0.000000
3049,0.489153,0.489153,0.000000,0.000000,0.000000,0.000000
3050,0.491910,0.491910,0.000000,0.000000,0.000000,3.701570
3051,0.485663,0.485663,0.000000,0.000000,0.000000,0.000000
3052,0.490066,0.490066,0.000000,0.000000,0.000000,0.000000
3053,0.513009,0.513009,0.000000,0.000000,0.000000,0.000000
3054,0.482287,0.482287,0.000000,0.000000,0.000000,0.000000
3055,0.446955,0.446955,0.000000,0.000000,0.000000,0.000000
3056,0.467060,0.467060,0.000000,0.000000,0.000000,0.000000
3057,0.483433,0.483433,0.000000,0.000000,0.000000,0.000000
3058,0.466389,0.466389,0.000000,0.000000,0.000000,0.000000
3059,0.473753,0.473753,0.000000,0.000000,0.000000,0.000000
3060,0.484324,0.484324,0.000000,0.000000,0.000000,3.707499
3061,0.484321,0.484321,0.000000,0.000000,0.000000,0.000000
3062,0.450882,0.450882,0.000000,0.000000,0.000000,0.000000
3063,0.467421,0.467421,0.000000,0.000000,0.000000,0.000000
3064,0.497672,0.497672,0.000000,0.000000,0.000000,0.000000
3065,0.487238,0.487238,0.000000,0.000000,0.000000,0.000000
3066,0.461195,0.461195,0.000000,0.000000,0.000000,0.000000
3067,0.512909,0.512909,0.000000,0.000000,0.000000,0.000000
3068,0.500823,0.500823,0.000000,0.000000,0.000000,0.000000
3069,0.472576,0.472576,0.000000,0.000000,0.000000,0.000000
3070,0.492924,0.492924,0.000000,0.000000,0.000000,3.708573
3071,0.456454,0.456454,0.000000,0.000000,0.000000,0.000000
3072,0.460939,0.460939,0.000000,0.000000,0.000000,0.000000
3073,0.469188,0.469188,0.000000,0.000000,0.000000,0.000000
3074,0.484701,0.484701,0.000000,0.000000,0.000000,0.000000
3075,0.474754,0.474754,0.000000,0.000000,0.000000,0.000000
3076,0.484194,0.484194,0.000000,0.000000,0.000000,0.000000
3077,0.417925,0.417925,0.000000,0.000000,0.000000,0.000000
3078,0.485887,0.485887,0.000000,0.000000,0.000000,0.000000
3079,0.472397,0.472397,0.000000,0.000000,0.000000,0.000000
3080,0.478338,0.478338,0.000000,0.000000,0.000000,3.734660
3081,0.464091,0.464091,0.000000,0.000000,0.000000,0.000000
3082,0.447292,0.447292,0.000000,0.000000,0.000000,0.000000
3083,0.476724,0.476724,0.000000,0.000000,0.000000,0.000000
3084,0.461810,0.461810,0.000000,0.000000,0.000000,0.000000
3085,0.464302,0.464302,0.000000,0.000000,0.000000,0.000000
3086,0.470303,0.470303,0.000000,0.000000,0.000000,0.000000
3087,0.494686,0.494686,0.000000,0.000000,0.000000,0.000000
3088,0.470557,0.470557,0.000000,0.000000,0.000000,0.000000
3089,0.435239,0.435239,0.000000,0.000000,0.000000,0.000000
3090,0.475699,0.475699,0.000000,0.000000,0.000000,3.771904
3091,0.481621,0.481621,0.000000,0.000000,0.000000,0.000000
3092,0.484264,0.484264,0.000000,0.000000,0.000000,0.000000
3093,0.478585,0.478585,0.000000,0.000000,0.000000,0.000000
3094,0.447483,0.447483,0.000000,0.000000,0.000000,0.000000
3095,0.461662,0.461662,0.000000,0.000000,0.000000,0.000000
3096,0.451544,0.451544,0.000000,0.000000,0.000000,0.000000
3097,0.482940,0.482940,0.000000,0.000000,0.000000,0.000000
3098,0.477081,0.477081,0.000000,0.000000,0.000000,0.000000
3099,0.466824,0.466824,0.000000,0.000000,0.000000,0.000000
3100,0.483730,0.483730,0.000000,0.000000,0.000000,3.775802
3101,0.493789,0.493789,0.000000,0.000000,0.000000,0.000000
3102,0.468124,0.468124,0.000000,0.000000,0.000000,0.000000
3103,0.462627,0.462627,0.000000,0.000000,0.000000,0.000000
3104,0.475947,0.475947,0.000000,0.000000,0.000000,0.000000
3105,0.448326,0.448326,0.000000,0.000000,0.000000,0.000000
3106,0.482387,0.482387,0.000000,0.000000,0.000000,0.000000
3107,0.446165,0.446165,0.000000,0.000000,0.000000,0.000000
3108,0.476465,0.476465,0.000000,0.000000,0.000000,0.000000
3109,0.443949,0.443949,0.000000,0.000000,0.000000,0.000000
3110,0.462092,0.462092,0.000000,0.000000,0.000000,3.725219
3111,0.448862,0.448862,0.000000,0.000000,0.000000,0.000000
3112,0.458316,0.458316,0.000000,0.000000,0.000000,0.000000
3113,0.436685,0.436685,0.000000,0.000000,0.000000,0.000000
3114,0.450855,0.450855,0.000000,0.000000,0.000000,0.000000
3115,0.459036,0.459036,0.000000,0.000000,0.000000,0.000000
3116,0.447140,0.447140,0.000000,0.000000,0.000000,0.000000
3117,0.494939,0.494939,0.000000,0.000000,0.000000,0.000000
3118,0.444254,0.444254,0.000000,0.000000,0.000000,0.000000
3119,0.489237,0.489237,0.000000,0.000000,0.000000,0.000000
3120,0.446323,0.446323,0.000000,0.000000,0.000000,3.761361
3121,0.473169,0.473169,0.000000,0.000000,0.000000,0.000000
3122,0.449990,0.449990,0.000000,0.000000,0.000000,0.000000
3123,0.478058,0.478058,0.000000,0.000000,0.000000,0.000000
3124,0.444181,0.444181,0.000000,0.000000,0.000000,0.000000
3125,0.469805,0.469805,0.000000,0.000000,0.000000,0.000000
3126,0.458343,0.458343,0.000000,0.000000,0.000000,0.000000
3127,0.436633,0.436633,0.000000,0.000000,0.000000,0.000000
3128,0.456995,0.456995,0.000000,0.000000,0.000000,0.000000
3129,0.463128,0.463128,0.000000,0.000000,0.000000,0.000000
3130,0.486347,0.486347,0.000000,0.000000,0.000000,3.773445
3131,0.465274,0.465274,0.000000,0.000000,0.000000,0.000000
3132,0.514506,0.514506,0.000000,0.000000,0.000000,0.000000
3133,0.494124,0.494124,0.000000,0.000000,0.000000,0.000000
3134,0.454503,0.454503,0.000000,0.000000,0.000000,0.000000
3135,0.474682,0.474682,0.000000,0.000000,0.000000,0.000000
3136,0.449710,0.449710,0.000000,0.000000,0.000000,0.000000
3137,0.462544,0.462544,0.000000,0.000000,0.000000,0.000000
3138,0.491980,0.491980,0.000000,0.000000,0.000000,0.000000
3139,0.478990,0.478990,0.000000,0.000000,0.000000,0.000000
3140,0.487073,0.487073,0.000000,0.000000,0.000000,3.722787
3141,0.450850,0.450850,0.000000,0.000000,0.000000,0.000000
3142,0.426095,0.426095,0.000000,0.000000,0.000000,0.000000
3143,0.440333,0.440333,0.000000,0.000000,0.000000,0.000000
3144,0.443269,0.443269,0.000000,0.000000,0.000000,0.000000
3145,0.480896,0.480896,0.000000,0.000000,0.000000,0.000000
3146,0.447752,0.447752,0.000000,0.000000,0.000000,0.000000
3147,0.501110,0.501110,0.000000,0.000000,0.000000,0.000000
3148,0.491156,0.491156,0.000000,0.000000,0.000000,0.000000
3149,0.448266,0.448266,0.000000,0.000000,0.000000,0.000000
3150,0.484558,0.484558,0.000000,0.000000,0.000000,3.742181
3151,0.445381,0.445381,0.000000,0.000000,0.000000,0.000000
3152,0.474656,0.474656,0.000000,0.000000,0.000000,0.000000
3153,0.490901,0.490901,0.000000,0.000000,0.000000,0.000000
3154,0.474922,0.474922,0.000000,0.000000,0.000000,0.000000
3155,0.500522,0.500522,0.000000,0.000000,0.000000,0.000000
3156,0.471568,0.471568,0.000000,0.000000,0.000000,0.000000
3157,0.463473,0.463473,0.000000,0.000000,0.000000,0.000000
3158,0.476538,0.476538,0.000000,0.000000,0.000000,0.000000
3159,0.466159,0.466159,0.000000,0.000000,0.000000,0.000000
3160,0.441743,0.441743,0.000000,0.000000,0.000000,3.781766
3161,0.493542,0.493542,0.000000,0.000000,0.000000,0.000000
3162,0.436864,0.436864,0.000000,0.000000,0.000000,0.000000
3163,0.460255,0.460255,0.000000,0.000000,0.000000,0.000000
3164,0.486869,0.486869,0.000000,0.000000,0.000000,0.000000
3165,0.451574,0.451574,0.000000,0.000000,0.000000,0.000000
3166,0.424404,0.424404,0.000000,0.000000,0.000000,0.000000
3167,0.437062,0.437062,0.000000,0.000000,0.000000,0.000000
3168,0.464927,0.464927,0.000000,0.000000,0.000000,0.000000
3169,0.437195,0.437195,0.000000,0.000000,0.000000,0.000000
3170,0.457714,0.457714,0.000000,0.000000,0.000000,3.746309
3171,0.447966,0.447966,0.000000,0.000000,0.000000,0.000000
3172,0.436296,0.436296,0.000000,0.000000,0.000000,0.000000
3173,0.480132,0.480132,0.000000,0.000000,0.000000,0.000000
3174,0.458301,0.458301,0.000000,0.000000,0.000000,0.000000
3175,0.471807,0.471807,0.000000,0.000000,0.000000,0.000000
3176,0.435461,0.435461,0.000000,0.000000,0.000000,0.000000
3177,0.452383,0.452383,0.000000,0.000000,0.000000,0.000000
3178,0.523412,0.523412,0.000000,0.000000,0.000000,0.000000
3179,0.457082,0.457082,0.000000,0.000000,0.000000,0.000000
3180,0.468355,0.468355,0.000000,0.000000,0.000000,3.785866
3181,0.429211,0.429211,0.000000,0.000000,0.000000,0.000000
3182,0.455855,0.455855,0.000000,0.000000,0.000000,0.000000
3183,0.468774,0.468774,0.000000,0.000000,0.000000,0.000000
3184,0.481524,0.481524,0.000000,0.000000,0.000000,0.000000
3185,0.433393,0.433393,0.000000,0.000000,0.000000,0.000000
3186,0.467179,0.467179,0.000000,0.000000,0.000000,0.000000
3187,0.479712,0.479712,0.000000,0.000000,0.000000,0.000000
3188,0.430077,0.430077,0.000000,0.000000,0.000000,0.000000
3189,0.505752,0.505752,0.000000,0.000000,0.000000,0.000000
3190,0.480308,0.480308,0.000000,0.000000,0.000000,3.735958
3191,0.463916,0.463916,0.000000,0.000000,0.000000,0.000000
3192,0.447976,0.447976,0.000000,0.000000,0.000000,0.000000
3193,0.459225,0.459225,0.000000,0.000000,0.000000,0.000000
3194,0.485276,0.485276,0.000000,0.000000,0.000000,0.000000
3195,0.452144,0.452144,0.000000,0.000000,0.000000,0.000000
3196,0.455008,0.455008,0.000000,0.000000,0.000000,0.000000
3197,0.484102,0.484102,0.000000,0.000000,0.000000,0.000000
3198,0.424438,0.424438,0.000000,0.000000,0.000000,0.000000
3199,0.457552,0.457552,0.000000,0.000000,0.000000,0.000000
3200,0.431974,0.431974,0.000000,0.000000,0.000000,3.805690
3201,0.452657,0.452657,0.000000,0.000000,0.000000,0.000000
3202,0.454559,0.454559,0.000000,0.000000,0.000000,0.000000
3203,0.457762,0.457762,0.000000,0.000000,0.000000,0.000000
3204,0.456338,0.456338,0.000000,0.000000,0.000000,0.000000
3205,0.464987,0.464987,0.000000,0.000000,0.000000,0.000000
3206,0.454286,0.454286,0.000000,0.000000,0.000000,0.000000
3207,0.481687,0.481687,0.000000,0.000000,0.000000,0.000000
3208,0.463554,0.463554,0.000000,0.000000,0.000000,0.000000
3209,0.457515,0.457515,0.000000,0.000000,0.000000,0.000000
3210,0.448186,0.448186,0.000000,0.000000,0.000000,3.783812
3211,0.465016,0.465016,0.000000,0.000000,0.000000,0.000000
3212,0.468164,0.468164,0.000000,0.000000,0.000000,0.000000
3213,0.451829,0.451829,0.000000,0.000000,0.000000,0.000000
3214,0.470042,0.470042,0.000000,0.000000,0.000000,0.000000
3215,0.447503,0.447503,0.000000,0.000000,0.000000,0.000000
3216,0.445979,0.445979,0.000000,0.000000,0.000000,0.000000
3217,0.459633,0.459633,0.000000,0.000000,0.000000,0.000000
3218,0.430627,0.430627,0.000000,0.000000,0.000000,0.000000
3219,0.471837,0.471837,0.000000,0.000000,0.000000,0.000000
3220,0.519766,0.519766,0.000000,0.000000,0.000000,3.789011
3221,0.481450,0.481450,0.000000,0.000000,0.000000,0.000000
3222,0.454771,0.454771,0.000000,0.000000,0.000000,0.000000
3223,0.467278,0.467278,0.000000,0.000000,0.000000,0.000000
3224,0.453956,0.453956,0.000000,0.000000,0.000000,0.000000
3225,0.459980,0.459980,0.000000,0.000000,0.000000,0.000000
3226,0.482408,0.482408,0.000000,0.000000,0.000000,0.000000
3227,0.461986,0.461986,0.000000,0.000000,0.000000,0.000000
3228,0.432760,0.432760,0.000000,0.000000,0.000000,0.000000
3229,0.445592,0.445592,0.000000,0.000000,0.000000,0.000000
3230,0.445900,0.445900,0.000000,0.000000,0.000000,3.820881
3231,0.429734,0.429734,0.000000,0.000000,0.000000,0.000000
3232,0.441060,0.441060,0.000000,0.000000,0.000000,0.000000
3233,0.445610,0.445610,0.000000,0.000000,0.000000,0.000000
3234,0.428673,0.428673,0.000000,0.000000,0.000000,0.000000
3235,0.449815,0.449815,0.000000,0.000000,0.000000,0.000000
3236,0.434762,0.434762,0.000000,0.000000,0.000000,0.000000
3237,0.451937,0.451937,0.000000,0.000000,0.000000,0.000000
3238,0.442375,0.442375,0.000000,0.000000,0.000000,0.000000
3239,0.444313,0.444313,0.000000,0.000000,0.000000,0.000000
3240,0.459152,0.459152,0.000000,0.000000,0.000000,3.842422
3241,0.477383,0.477383,0.000000,0.000000,0.000000,0.000000
3242,0.473766,0.473766,0.000000,0.000000,0.000000,0.000000
3243,0.447853,0.447853,0.000000,0.000000,0.000000,0.000000
3244,0.505096,0.505096,0.000000,0.000000,0.000000,0.000000
3245,0.471043,0.471043,0.000000,0.000000,0.000000,0.000000
3246,0.458103,0.458103,0.000000,0.000000,0.000000,0.000000
3247,0.488208,0.488208,0.000000,0.000000,0.000000,0.000000
3248,0.432044,0.432044,0.000000,0.000000,0.000000,0.000000
3249,0.468491,0.468491,0.000000,0.000000,0.000000,0.000000
3250,0.438114,0.438114,0.000000,0.000000,0.000000,3.777333
3251,0.467731,0.467731,0.000000,0.000000,0.000000,0.000000
3252,0.447108,0.447108,0.000000,0.000000,0.000000,0.000000
3253,0.436737,0.436737,0.000000,0.000000,0.000000,0.000000
3254,0.491891,0.491891,0.000000,0.000000,0.000000,0.000000
3255,0.444693,0.444693,0.000000,0.000000,0.000000,0.000000
3256,0.456475,0.456475,0.000000,0.000000,0.000000,0.000000
3257,0.450643,0.450643,0.000000,0.000000,0.000000,0.000000
3258,0.468026,0.468026,0.000000,0.000000,0.000000,0.000000
3259,0.470149,0.470149,0.000000,0.000000,0.000000,0.000000
3260,0.459226,0.459226,0.000000,0.000000,0.000000,3.826622
3261,0.463701,0.463701,0.000000,0.000000,0.000000,0.000000
3262,0.427868,0.427868,0.000000,0.000000,0.000000,0.000000
3263,0.431735,0.431735,0.000000,0.000000,0.000000,0.000000
3264,0.474274,0.474274,0.000000,0.000000,0.000000,0.000000
3265,0.435947,0.435947,0.000000,0.000000,0.000000,0.000000
3266,0.442600,0.442600,0.000000,0.000000,0.000000,0.000000
3267,0.469205,0.469205,0.000000,0.000000,0.000000,0.000000
3268,0.452964,0.452964,0.000000,0.000000,0.000000,0.000000
3269,0.451508,0.451508,0.000000,0.000000,0.000000,0.000000
3270,0.479230,0.479230,0.000000,0.000000,0.000000,3.789263
3271,0.468905,0.468905,0.000000,0.000000,0.000000,0.000000
3272,0.461160,0.461160,0.000000,0.000000,0.000000,0.000000
3273,0.462312,0.462312,0.000000,0.000000,0.000000,0.000000
3274,0.433132,0.433132,0.000000,0.000000,0.000000,0.000000
3275,0.444965,0.444965,0.000000,0.000000,0.000000,0.000000
3276,0.465892,0.465892,0.000000,0.000000,0.000000,0.000000
3277,0.434741,0.434741,0.000000,0.000000,0.000000,0.000000
3278,0.471635,0.471635,0.000000,0.000000,0.000000,0.000000
3279,0.460055,0.460055,0.000000,0.000000,0.000000,0.000000
3280,0.446675,0.446675,0.000000,0.000000,0.000000,3.779239
3281,0.448520,0.448520,0.000000,0.000000,0.000000,0.000000
3282,0.477723,0.477723,0.000000,0.000000,0.000000,0.000000
3283,0.429194,0.429194,0.000000,0.000000,0.000000,0.000000
3284,0.407253,0.407253,0.000000,0.000000,0.000000,0.000000
3285,0.452569,0.452569,0.000000,0.000000,0.000000,0.000000
3286,0.458152,0.458152,0.000000,0.000000,0.000000,0.000000
3287,0.459357,0.459357,0.000000,0.000000,0.000000,0.000000
3288,0.448680,0.448680,0.000000,0.000000,0.000000,0.000000
3289,0.494671,0.494671,0.000000,0.000000,0.000000,0.000000
3290,0.445786,0.445786,0.000000,0.000000,0.000000,3.804532
3291,0.455104,0.455104,0.000000,0.000000,0.000000,0.000000
3292,0.459422,0.459422,0.000000,0.000000,0.000000,0.000000
3293,0.427474,0.427474,0.000000,0.000000,0.000000,0.000000
3294,0.441201,0.441201,0.000000,0.000000,0.000000,0.000000
3295,0.462196,0.462196,0.000000,0.000000,0.000000,0.000000
3296,0.446912,0.446912,0.000000,0.000000,0.000000,0.000000
3297,0.443931,0.443931,0.000000,0.000000,0.000000,0.000000
3298,0.449401,0.449401,0.000000,0.000000,0.000000,0.000000
3299,0.443079,0.443079,0.000000,0.000000,0.000000,0.000000
3300,0.471938,0.471938,0.000000,0.000000,0.000000,3.847559
3301,0.445490,0.445490,0.000000,0.000000,0.000000,0.000000
3302,0.435914,0.435914,0.000000,0.000000,0.000000,0.000000
3303,0.416989,0.416989,0.000000,0.000000,0.000000,0.000000
3304,0.424860,0.424860,0.000000,0.000000,0.000000,0.000000
3305,0.445093,0.445093,0.000000,0.000000,0.000000,0.000000
3306,0.490321,0.490321,0.000000,0.000000,0.000000,0.000000
3307,0.466291,0.466291,0.000000,0.000000,0.000000,0.000000
3308,0.436798,0.436798,0.000000,0.000000,0.000000,0.000000
3309,0.442721,0.442721,0.000000,0.000000,0.000000,0.000000
3310,0.464190,0.464190,0.000000,0.000000,0.000000,3.864605
3311,0.438042,0.438042,0.000000,0.000000,0.000000,0.000000
3312,0.422288,0.422288,0.000000,0.000000,0.000000,0.000000
3313,0.448908,0.448908,0.000000,0.000000,0.000000,0.000000
3314,0.453006,0.453006,0.000000,0.000000,0.000000,0.000000
3315,0.424844,0.424844,0.000000,0.000000,0.000000,0.000000
3316,0.436086,0.436086,0.000000,0.000000,0.000000,0.000000
3317,0.441830,0.441830,0.000000,0.000000,0.000000,0.000000
3318,0.445993,0.445993,0.000000,0.000000,0.000000,0.000000
3319,0.455861,0.455861,0.000000,0.000000,0.000000,0.000000
3320,0.434930,0.434930,0.000000,0.000000,0.000000,3.781216
3321,0.413915,0.413915,0.000000,0.000000,0.000000,0.000000
3322,0.440958,0.440958,0.000000,0.000000,0.000000,0.000000
3323,0.443309,0.443309,0.000000,0.000000,0.000000,0.000000
3324,0.438448,0.438448,0.000000,0.000000,0.000000,0.000000
3325,0.474845,0.474845,0.000000,0.000000,0.000000,0.000000
3326,0.443864,0.443864,0.000000,0.000000,0.000000,0.000000
3327,0.466925,0.466925,0.000000,0.000000,0.000000,0.000000
3328,0.428461,0.428461,0.000000,0.000000,0.000000,0.000000
3329,0.461701,0.461701,0.000000,0.000000,0.000000,0.000000
3330,0.418975,0.418975,0.000000,0.000000,0.000000,3.850840
3331,0.458512,0.458512,0.000000,0.000000,0.000000,0.000000
3332,0.434625,0.434625,0.000000,0.000000,0.000000,0.000000
3333,0.425571,0.425571,0.000000,0.000000,0.000000,0.000000
3334,0.417669,0.417669,0.000000,0.000000,0.000000,0.000000
3335,0.443056,0.443056,0.000000,0.000000,0.000000,0.000000
3336,0.439594,0.439594,0.000000,0.000000,0.000000,0.000000
3337,0.429634,0.429634,0.000000,0.000000,0.000000,0.000000
3338,0.439131,0.439131,0.000000,0.000000,0.000000,0.000000
3339,0.460234,0.460234,0.000000,0.000000,0.000000,0.000000
3340,0.446806,0.446806,0.000000,0.000000,0.000000,3.811533
3341,0.423037,0.423037,0.000000,0.000000,0.000000,0.000000
3342,0.484586,0.484586,0.000000,0.000000,0.000000,0.000000
3343,0.403236,0.403236,0.000000,0.000000,0.000000,0.000000
3344,0.445127,0.445127,0.000000,0.000000,0.000000,0.000000
3345,0.403856,0.403856,0.000000,0.000000,0.000000,0.000000
3346,0.449087,0.449087,0.000000,0.000000,0.000000,0.000000
3347,0.438051,0.438051,0.000000,0.000000,0.000000,0.000000
3348,0.453499,0.453499,0.000000,0.000000,0.000000,0.000000
3349,0.447690,0.447690,0.000000,0.000000,0.000000,0.000000
3350,0.447382,0.447382,0.000000,0.000000,0.000000,3.892863
3351,0.408347,0.408347,0.000000,0.000000,0.000000,0.000000
3352,0.413933,0.413933,0.000000,0.000000,0.000000,0.000000
3353,0.424167,0.424167,0.000000,0.000000,0.000000,0.000000
3354,0.442136,0.442136,0.000000,0.000000,0.000000,0.000000
3355,0.457227,0.457227,0.000000,0.000000,0.000000,0.000000
3356,0.442439,0.442439,0.000000,0.000000,0.000000,0.000000
3357,0.454541,0.454541,0.000000,0.000000,0.000000,0.000000
3358,0.443245,0.443245,0.000000,0.000000,0.000000,0.000000
3359,0.451081,0.451081,0.000000,0.000000,0.000000,0.000000
3360,0.422626,0.422626,0.000000,0.000000,0.000000,3.851011
3361,0.430911,0.430911,0.000000,0.000000,0.000000,0.000000
3362,0.432896,0.432896,0.000000,0.000000,0.000000,0.000000
3363,0.435434,0.435434,0.000000,0.000000,0.000000,0.000000
3364,0.448924,0.448924,0.000000,0.000000,0.000000,0.000000
3365,0.429339,0.429339,0.000000,0.000000,0.000000,0.000000
3366,0.472182,0.472182,0.000000,0.000000,0.000000,0.000000
3367,0.437883,0.437883,0.000000,0.000000,0.000000,0.000000
3368,0.431548,0.431548,0.000000,0.000000,0.000000,0.000000
3369,0.467643,0.467643,0.000000,0.000000,0.000000,0.000000
3370,0.446106,0.446106,0.000000,0.000000,0.000000,3.835101
3371,0.430688,0.430688,0.000000,0.000000,0.000000,0.000000
3372,0.464013,0.464013,0.000000,0.000000,0.000000,0.000000
3373,0.447652,0.447652,0.000000,0.000000,0.000000,0.000000
3374,0.447331,0.447331,0.000000,0.000000,0.000000,0.000000
3375,0.437719,0.437719,0.000000,0.000000,0.000000,0.000000
3376,0.438909,0.438909,0.000000,0.000000,0.000000,0.000000
3377,0.410811,0.410811,0.000000,0.000000,0.000000,0.000000
3378,0.439758,0.439758,0.000000,0.000000,0.000000,0.000000
3379,0.451795,0.451795,0.000000,0.000000,0.000000,0.000000
3380,0.415419,0.415419,0.000000,0.000000,0.000000,3.848525
3381,0.429649,0.429649,0.000000,0.000000,0.000000,0.000000
3382,0.442231,0.442231,0.000000,0.000000,0.000000,0.000000
3383,0.432678,0.432678,0.000000,0.000000,0.000000,0.000000
3384,0.411428,0.411428,0.000000,0.000000,0.000000,0.000000
3385,0.445945,0.445945,0.000000,0.000000,0.000000,0.000000
3386,0.470777,0.470777,0.000000,0.000000,0.000000,0.000000
3387,0.422309,0.422309,0.000000,0.000000,0.000000,0.000000
3388,0.434957,0.434957,0.000000,0.000000,0.000000,0.000000
3389,0.462799,0.462799,0.000000,0.000000,0.000000,0.000000
3390,0.454302,0.454302,0.000000,0.000000,0.000000,3.849864
3391,0.424250,0.424250,0.000000,0.000000,0.000000,0.000000
3392,0.435159,0.435159,0.000000,0.000000,0.000000,0.000000
3393,0.431495,0.431495,0.000000,0.000000,0.000000,0.000000
3394,0.452857,0.452857,0.000000,0.000000,0.000000,0.000000
3395,0.457416,0.457416,0.000000,0.000000,0.000000,0.000000
3396,0.451994,0.451994,0.000000,0.000000,0.000000,0.000000
3397,0.444948,0.444948,0.000000,0.000000,0.000000,0.000000
3398,0.421898,0.421898,0.000000,0.000000,0.000000,0.000000
3399,0.449937,0.449937,0.000000,0.000000,0.000000,0.000000
3400,0.445003,0.445003,0.000000,0.000000,0.000000,3.818982
3401,0.434217,0.434217,0.000000,0.000000,0.000000,0.000000
3402,0.433087,0.433087,0.000000,0.000000,0.000000,0.000000
3403,0.445558,0.445558,0.000000,0.000000,0.000000,0.000000
3404,0.421411,0.421411,0.000000,0.000000,0.000000,0.000000
3405,0.413831,0.413831,0.000000,0.000000,0.000000,0.000000
3406,0.441715,0.441715,0.000000,0.000000,0.000000,0.000000
3407,0.427488,0.427488,0.000000,0.000000,0.000000,0.000000
3408,0.428978,0.428978,0.000000,0.000000,0.000000,0.000000
3409,0.456983,0.456983,0.000000,0.000000,0.000000,0.000000
3410,0.439917,0.439917,0.000000,0.000000,0.000000,3.883977
3411,0.448203,0.448203,0.000000,0.000000,0.000000,0.000000
3412,0.423449,0.423449,0.000000,0.000000,0.000000,0.000000
3413,0.439288,0.439288,0.000000,0.000000,0.000000,0.000000
3414,0.410052,0.410052,0.000000,0.000000,0.000000,0.000000
3415,0.426630,0.426630,0.000000,0.000000,0.000000,0.000000
3416,0.436112,0.436112,0.000000,0.000000,0.000000,0.000000
3417,0.420881,0.420881,0.000000,0.000000,0.000000,0.000000
3418,0.420675,0.420675,0.000000,0.000000,0.000000,0.000000
3419,0.441523,0.441523,0.000000,0.000000,0.000000,0.000000
3420,0.425328,0.425328,0.000000,0.000000,0.000000,3.868262
3421,0.419372,0.419372,0.000000,0.000000,0.000000,0.000000
3422,0.466319,0.466319,0.000000,0.000000,0.000000,0.000000
3423,0.470389,0.470389,0.000000,0.000000,0.000000,0.000000
3424,0.448218,0.448218,0.000000,0.000000,0.000000,0.000000
3425,0.443627,0.443627,0.000000,0.000000,0.000000,0.000000
3426,0.429738,0.429738,0.000000,0.000000,0.000000,0.000000
3427,0.436077,0.436077,0.000000,0.000000,0.000000,0.000000
3428,0.431360,0.431360,0.000000,0.000000,0.000000,0.000000
3429,0.440562,0.440562,0.000000,0.000000,0.000000,0.000000
3430,0.445339,0.445339,0.000000,0.000000,0.000000,3.890162
3431,0.459478,0.459478,0.000000,0.000000,0.000000,0.000000
3432,0.452195,0.452195,0.000000,0.000000,0.000000,0.000000
3433,0.429020,0.429020,0.000000,0.000000,0.000000,0.000000
3434,0.433729,0.433729,0.000000,0.000000,0.000000,0.000000
3435,0.433410,0.433410,0.000000,0.000000,0.000000,0.000000
3436,0.468342,0.468342,0.000000,0.000000,0.000000,0.000000
3437,0.421470,0.421470,0.000000,0.000000,0.000000,0.000000
3438,0.441699,0.441699,0.000000,0.000000,0.000000,0.000000
3439,0.438106,0.438106,0.000000,0.000000,0.000000,0.000000
3440,0.466775,0.466775,0.000000,0.000000,0.000000,3.908125
3441,0.434090,0.434090,0.000000,0.000000,0.000000,0.000000
3442,0.442352,0.442352,0.000000,0.000000,0.000000,0.000000
3443,0.403865,0.403865,0.000000,0.000000,0.000000,0.000000
3444,0.439442,0.439442,0.000000,0.000000,0.000000,0.000000
3445,0.418566,0.418566,0.000000,0.000000,0.000000,0.000000
3446,0.428473,0.428473,0.000000,0.000000,0.000000,0.000000
3447,0.413089,0.413089,0.000000,0.000000,0.000000,0.000000
3448,0.405515,0.405515,0.000000,0.000000,0.000000,0.000000
3449,0.413674,0.413674,0.000000,0.000000,0.000000,0.000000
3450,0.429495,0.429495,0.000000,0.000000,0.000000,3.863977
3451,0.426416,0.426416,0.000000,0.000000,0.000000,0.000000
3452,0.441151,0.441151,0.000000,0.000000,0.000000,0.000000
3453,0.454551,0.454551,0.000000,0.000000,0.000000,0.000000
3454,0.421076,0.421076,0.000000,0.000000,0.000000,0.000000
3455,0.434379,0.434379,0.000000,0.000000,0.000000,0.000000
3456,0.429040,0.429040,0.000000,0.000000,0.000000,0.000000
3457,0.411871,0.411871,0.000000,0.000000,0.000000,0.000000
3458,0.465658,0.465658,0.000000,0.000000,0.000000,0.000000
3459,0.418028,0.418028,0.000000,0.000000,0.000000,0.000000
3460,0.405457,0.405457,0.000000,0.000000,0.000000,3.869440
3461,0.421066,0.421066,0.000000,0.000000,0.000000,0.000000
3462,0.477361,0.477361,0.000000,0.000000,0.000000,0.000000
3463,0.413338,0.413338,0.000000,0.000000,0.000000,0.000000
3464,0.439549,0.439549,0.000000,0.000000,0.000000,0.000000
3465,0.435309,0.435309,0.000000,0.000000,0.000000,0.000000
3466,0.467609,0.467609,0.000000,0.000000,0.000000,0.000000
3467,0.426990,0.426990,0.000000,0.000000,0.000000,0.000000
3468,0.406859,0.406859,0.000000,0.000000,0.000000,0.000000
3469,0.440855,0.440855,0.000000,0.000000,0.000000,0.000000
3470,0.403609,0.403609,0.000000,0.000000,0.000000,3.880642
3471,0.458155,0.458155,0.000000,0.000000,0.000000,0.000000
3472,0.454854,0.454854,0.000000,0.000000,0.000000,0.000000
3473,0.434195,0.434195,0.000000,0.000000,0.000000,0.000000
3474,0.408080,0.408080,0.000000,0.000000,0.000000,0.000000
3475,0.410070,0.410070,0.000000,0.000000,0.000000,0.000000
3476,0.410089,0.410089,0.000000,0.000000,0.000000,0.000000
3477,0.432243,0.432243,0.000000,0.000000,0.000000,0.000000
3478,0.431606,0.431606,0.000000,0.000000,0.000000,0.000000
3479,0.445545,0.445545,0.000000,0.000000,0.000000,0.000000
3480,0.423909,0.423909,0.000000,0.000000,0.000000,3.893700
3481,0.429468,0.429468,0.000000,0.000000,0.000000,0.000000
3482,0.446350,0.446350,0.000000,0.000000,0.000000,0.000000
3483,0.424297,0.424297,0.000000,0.000000,0.000000,0.000000
3484,0.447934,0.447934,0.000000,0.000000,0.000000,0.000000
3485,0.412891,0.412891,0.000000,0.000000,0.000000,0.000000
3486,0.430624,0.430624,0.000000,0.000000,0.000000,0.000000
3487,0.433542,0.433542,0.000000,0.000000,0.000000,0.000000
3488,0.418194,0.418194,0.000000,0.000000,0.000000,0.000000
3489,0.435470,0.435470,0.000000,0.000000,0.000000,0.000000
3490,0.437559,0.437559,0.000000,0.000000,0.000000,3.902392
3491,0.441535,0.441535,0.000000,0.000000,0.000000,0.000000
3492,0.419206,0.419206,0.000000,0.000000,0.000000,0.000000
3493,0.423804,0.423804,0.000000,0.000000,0.000000,0.000000
3494,0.426947,0.426947,0.000000,0.000000,0.000000,0.000000
3495,0.429144,0.429144,0.000000,0.000000,0.000000,0.000000
3496,0.400721,0.400721,0.000000,0.000000,0.000000,0.000000
3497,0.408991,0.408991,0.000000,0.000000,0.000000,0.000000
3498,0.428970,0.428970,0.000000,0.000000,0.000000,0.000000
3499,0.446328,0.446328,0.000000,0.000000,0.000000,0.000000
3500,0.459161,0.459161,0.000000,0.000000,0.000000,3.890122
3501,0.439542,0.439542,0.000000,0.000000,0.000000,0.000000
3502,0.426914,0.426914,0.000000,0.000000,0.000000,0.000000
3503,0.462062,0.462062,0.000000,0.000000,0.000000,0.000000
3504,0.417583,0.417583,0.000000,0.000000,0.000000,0.000000
3505,0.421594,0.421594,0.000000,0.000000,0.000000,0.000000
3506,0.434600,0.434600,0.000000,0.000000,0.000000,0.000000
3507,0.413050,0.413050,0.000000,0.000000,0.000000,0.000000
3508,0.408384,0.408384,0.000000,0.000000,0.000000,0.000000
3509,0.406667,0.406667,0.000000,0.000000,0.000000,0.000000
3510,0.420493,0.420493,0.000000,0.000000,0.000000,3.922413
3511,0.426474,0.426474,0.000000,0.000000,0.000000,0.000000
3512,0.467236,0.467236,0.000000,0.000000,0.000000,0.000000
3513,0.428154,0.428154,0.000000,0.000000,0.000000,0.000000
3514,0.454879,0.454879,0.000000,0.000000,0.000000,0.000000
3515,0.441110,0.441110,0.000000,0.000000,0.000000,0.000000
3516,0.459602,0.459602,0.000000,0.000000,0.000000,0.000000
3517,0.439365,0.439365,0.000000,0.000000,0.000000,0.000000
3518,0.420826,0.420826,0.000000,0.000000,0.000000,0.000000
3519,0.458068,0.458068,0.000000,0.000000,0.000000,0.000000
3520,0.408971,0.408971,0.000000,0.000000,0.000000,3.912193
3521,0.442267,0.442267,0.000000,0.000000,0.000000,0.000000
3522,0.419398,0.419398,0.000000,0.000000,0.000000,0.000000
3523,0.401404,0.401404,0.000000,0.000000,0.000000,0.000000
3524,0.467842,0.467842,0.000000,0.000000,0.000000,0.000000
3525,0.413633,0.413633,0.000000,0.000000,0.000000,0.000000
3526,0.462925,0.462925,0.000000,0.000000,0.000000,0.000000
3527,0.420342,0.420342,0.000000,0.000000,0.000000,0.000000
3528,0.410833,0.410833,0.000000,0.000000,0.000000,0.000000
3529,0.457165,0.457165,0.000000,0.000000,0.000000,0.000000
3530,0.438590,0.438590,0.000000,0.000000,0.000000,3.901812
3531,0.439534,0.439534,0.000000,0.000000,0.000000,0.000000
3532,0.425552,0.425552,0.000000,0.000000,0.000000,0.000000
3533,0.429275,0.429275,0.000000,0.000000,0.000000,0.000000
3534,0.438629,0.438629,0.000000,0.000000,0.000000,0.000000
3535,0.398778,0.398778,0.000000,0.000000,0.000000,0.000000
3536,0.438186,0.438186,0.000000,0.000000,0.000000,0.000000
3537,0.426798,0.426798,0.000000,0.000000,0.000000,0.000000
3538,0.436417,0.436417,0.000000,0.000000,0.000000,0.000000
3539,0.405759,0.405759,0.000000,0.000000,0.000000,0.000000
3540,0.413765,0.413765,0.000000,0.000000,0.000000,3.913041
3541,0.383765,0.383765,0.000000,0.000000,0.000000,0.000000
3542,0.445401,0.445401,0.000000,0.000000,0.000000,0.000000
3543,0.444136,0.444136,0.000000,0.000000,0.000000,0.000000
3544,0.395065,0.395065,0.000000,0.000000,0.000000,0.000000
3545,0.406528,0.406528,0.000000,0.000000,0.000000,0.000000
3546,0.431214,0.431214,0.000000,0.000000,0.000000,0.000000
3547,0.416949,0.416949,0.000000,0.000000,0.000000,0.000000
3548,0.409173,0.409173,0.000000,0.000000,0.000000,0.000000
3549,0.441363,0.441363,0.000000,0.000000,0.000000,0.000000
3550,0.393899,0.393899,0.000000,0.000000,0.000000,3.953493
3551,0.400463,0.400463,0.000000,0.000000,0.000000,0.000000
3552,0.430086,0.430086,0.000000,0.000000,0.000000,0.000000
3553,0.446032,0.446032,0.000000,0.000000,0.000000,0.000000
3554,0.438411,0.438411,0.000000,0.000000,0.000000,0.000000
3555,0.475876,0.475876,0.000000,0.000000,0.000000,0.000000
3556,0.427820,0.427820,0.000000,0.000000,0.000000,0.000000
3557,0.404111,0.404111,0.000000,0.000000,0.000000,0.000000
3558,0.431631,0.431631,0.000000,0.000000,0.000000,0.000000
3559,0.436227,0.436227,0.000000,0.000000,0.000000,0.000000
3560,0.432378,0.432378,0.000000,0.000000,0.000000,3.932354
3561,0.449107,0.449107,0.000000,0.000000,0.000000,0.000000
3562,0.423670,0.423670,0.000000,0.000000,0.000000,0.000000
3563,0.391487,0.391487,0.000000,0.000000,0.000000,0.000000
3564,0.438214,0.438214,0.000000,0.000000,0.000000,0.000000
3565,0.441426,0.441426,0.000000,0.000000,0.000000,0.000000
3566,0.449429,0.449429,0.000000,0.000000,0.000000,0.000000
3567,0.425852,0.425852,0.000000,0.000000,0.000000,0.000000
3568,0.407104,0.407104,0.000000,0.000000,0.000000,0.000000
3569,0.453433,0.453433,0.000000,0.000000,0.000000,0.000000
3570,0.421514,0.421514,0.000000,0.000000,0.000000,3.959148
3571,0.447440,0.447440,0.000000,0.000000,0.000000,0.000000
3572,0.416810,0.416810,0.000000,0.000000,0.000000,0.000000
3573,0.418095,0.418095,0.000000,0.000000,0.000000,0.000000
3574,0.416583,0.416583,0.000000,0.000000,0.000000,0.000000
3575,0.449808,0.449808,0.000000,0.000000,0.000000,0.000000
3576,0.419750,0.419750,0.000000,0.000000,0.000000,0.000000
3577,0.427535,0.427535,0.000000,0.000000,0.000000,0.000000
3578,0.419230,0.419230,0.000000,0.000000,0.000000,0.000000
3579,0.410619,0.410619,0.000000,0.000000,0.000000,0.000000
3580,0.410205,0.410205,0.000000,0.000000,0.000000,3.928724
3581,0.452472,0.452472,0.000000,0.000000,0.000000,0.000000
3582,0.388636,0.388636,0.000000,0.000000,0.000000,0.000000
3583,0.386064,0.386064,0.000000,0.000000,0.000000,0.000000
3584,0.415587,0.415587,0.000000,0.000000,0.000000,0.000000
3585,0.414275,0.414275,0.000000,0.000000,0.000000,0.000000
3586,0.421897,0.421897,0.000000,0.000000,0.000000,0.000000
3587,0.435829,0.435829,0.000000,0.000000,0.000000,0.000000
3588,0.423142,0.423142,0.000000,0.000000,0.000000,0.000000
3589,0.439498,0.439498,0.000000,0.000000,0.000000,0.000000
3590,0.407238,0.407238,0.000000,0.000000,0.000000,3.984483
3591,0.423759,0.423759,0.000000,0.000000,0.000000,0.000000
3592,0.422266,0.422266,0.000000,0.000000,0.000000,0.000000
3593,0.423239,0.423239,0.000000,0.000000,0.000000,0.000000
3594,0.427201,0.427201,0.000000,0.000000,0.000000,0.000000
3595,0.450787,0.450787,0.000000,0.000000,0.000000,0.000000
3596,0.428808,0.428808,0.000000,0.000000,0.000000,0.000000
3597,0.402841,0.402841,0.000000,0.000000,0.000000,0.000000
3598,0.409202,0.409202,0.000000,0.000000,0.000000,0.000000
3599,0.450824,0.450824,0.000000,0.000000,0.000000,0.000000
3600,0.405025,0.405025,0.000000,0.000000,0.000000,3.963452
3601,0.430912,0.430912,0.000000,0.000000,0.000000,0.000000
3602,0.410828,0.410828,0.000000,0.000000,0.000000,0.000000
3603,0.421928,0.421928,0.000000,0.000000,0.000000,0.000000
3604,0.398455,0.398455,0.000000,0.000000,0.000000,0.000000
3605,0.418903,0.418903,0.000000,0.000000,0.000000,0.000000
3606,0.436339,0.436339,0.000000,0.000000,0.000000,0.000000
3607,0.434324,0.434324,0.000000,0.000000,0.000000,0.000000
3608,0.431755,0.431755,0.000000,0.000000,0.000000,0.000000
3609,0.407466,0.407466,0.000000,0.000000,0.000000,0.000000
3610,0.408313,0.408313,0.000000,0.000000,0.000000,4.018402
3611,0.377451,0.377451,0.000000,0.000000,0.000000,0.000000
3612,0.430693,0.430693,0.000000,0.000000,0.000000,0.000000
3613,0.396408,0.396408,0.000000,0.000000,0.000000,0.000000
3614,0.452775,0.452775,0.000000,0.000000,0.000000,0.000000
3615,0.400883,0.400883,0.000000,0.000000,0.000000,0.000000
3616,0.414175,0.414175,0.000000,0.000000,0.000000,0.000000
3617,0.409199,0.409199,0.000000,0.000000,0.000000,0.000000
3618,0.463211,0.463211,0.000000,0.000000,0.000000,0.000000
3619,0.410745,0.410745,0.000000,0.000000,0.000000,0.000000
3620,0.425697,0.425697,0.000000,0.000000,0.000000,4.002050
3621,0.422553,0.422553,0.000000,0.000000,0.000000,0.000000
3622,0.423375,0.423375,0.000000,0.000000,0.000000,0.000000
3623,0.402104,0.402104,0.000000,0.000000,0.000000,0.000000
3624,0.437070,0.437070,0.000000,0.000000,0.000000,0.000000
3625,0.412541,0.412541,0.000000,0.000000,0.000000,0.000000
3626,0.425660,0.425660,0.000000,0.000000,0.000000,0.000000
3627,0.404291,0.404291,0.000000,0.000000,0.000000,0.000000
3628,0.428956,0.428956,0.000000,0.000000,0.000000,0.000000
3629,0.424001,0.424001,0.000000,0.000000,0.000000,0.000000
3630,0.386022,0.386022,0.000000,0.000000,0.000000,4.011070
3631,0.421262,0.421262,0.000000,0.000000,0.000000,0.000000
3632,0.413863,0.413863,0.000000,0.000000,0.000000,0.000000
3633,0.431258,0.431258,0.000000,0.000000,0.000000,0.000000
3634,0.439429,0.439429,0.000000,0.000000,0.000000,0.000000
3635,0.408234,0.408234,0.000000,0.000000,0.000000,0.000000
3636,0.410142,0.410142,0.000000,0.000000,0.000000,0.000000
3637,0.420802,0.420802,0.000000,0.000000,0.000000,0.000000
3638,0.438199,0.438199,0.000000,0.000000,0.000000,0.000000
3639,0.386940,0.386940,0.000000,0.000000,0.000000,0.000000
3640,0.398392,0.398392,0.000000,0.000000,0.000000,4.016489
3641,0.419277,0.419277,0.000000,0.000000,0.000000,0.000000
3642,0.400911,0.400911,0.000000,0.000000,0.000000,0.000000
3643,0.414003,0.414003,0.000000,0.000000,0.000000,0.000000
3644,0.424208,0.424208,0.000000,0.000000,0.000000,0.000000
3645,0.449688,0.449688,0.000000,0.000000,0.000000,0.000000
3646,0.435897,0.435897,0.000000,0.000000,0.000000,0.000000
3647,0.436395,0.436395,0.000000,0.000000,0.000000,0.000000
3648,0.416478,0.416478,0.000000,0.000000,0.000000,0.000000
3649,0.443061,0.443061,0.000000,0.000000,0.000000,0.000000
3650,0.419079,0.419079,0.000000,0.000000,0.000000,3.956330
3651,0.435014,0.435014,0.000000,0.000000,0.000000,0.000000
3652,0.414126,0.414126,0.000000,0.000000,0.000000,0.000000
3653,0.417306,0.417306,0.000000,0.000000,0.000000,0.000000
3654,0.411757,0.411757,0.000000,0.000000,0.000000,0.000000
3655,0.401872,0.401872,0.000000,0.000000,0.000000,0.000000
3656,0.423320,0.423320,0.000000,0.000000,0.000000,0.000000
3657,0.400516,0.400516,0.000000,0.000000,0.000000,0.000000
3658,0.411814,0.411814,0.000000,0.000000,0.000000,0.000000
3659,0.413535,0.413535,0.000000,0.000000,0.000000,0.000000
3660,0.401474,0.401474,0.000000,0.000000,0.000000,3.972312
3661,0.422209,0.422209,0.000000,0.000000,0.000000,0.000000
3662,0.419772,0.419772,0.000000,0.000000,0.000000,0.000000
3663,0.420424,0.420424,0.000000,0.000000,0.000000,0.000000
3664,0.382548,0.382548,0.000000,0.000000,0.000000,0.000000
3665,0.403630,0.403630,0.000000,0.000000,0.000000,0.000000
3666,0.411812,0.411812,0.000000,0.000000,0.000000,0.000000
3667,0.436970,0.436970,0.000000,0.000000,0.000000,0.000000
3668,0.395028,0.395028,0.000000,0.000000,0.000000,0.000000
3669,0.409833,0.409833,0.000000,0.000000,0.000000,0.000000
3670,0.407223,0.407223,0.000000,0.000000,0.000000,3.981025
3671,0.423259,0.423259,0.000000,0.000000,0.000000,0.000000
3672,0.427390,0.427390,0.000000,0.000000,0.000000,0.000000
3673,0.404612,0.404612,0.000000,0.000000,0.000000,0.000000
3674,0.443901,0.443901,0.000000,0.000000,0.000000,0.000000
3675,0.421489,0.421489,0.000000,0.000000,0.000000,0.000000
3676,0.406144,0.406144,0.000000,0.000000,0.000000,0.000000
3677,0.448720,0.448720,0.000000,0.000000,0.000000,0.000000
3678,0.388574,0.388574,0.000000,0.000000,0.000000,0.000000
3679,0.389447,0.389447,0.000000,0.000000,0.000000,0.000000
3680,0.410058,0.410058,0.000000,0.000000,0.000000,4.007814
3681,0.408107,0.408107,0.000000,0.000000,0.000000,0.000000
3682,0.412594,0.412594,0.000000,0.000000,0.000000,0.000000
3683,0.426349,0.426349,0.000000,0.000000,0.000000,0.000000
3684,0.421078,0.421078,0.000000,0.000000,0.000000,0.000000
3685,0.404916,0.404916,0.000000,0.000000,0.000000,0.000000
3686,0.427427,0.427427,0.000000,0.000000,0.000000,0.000000
3687,0.423977,0.423977,0.000000,0.000000,0.000000,0.000000
3688,0.400254,0.400254,0.000000,0.000000,0.000000,0.000000
3689,0.431801,0.431801,0.000000,0.000000,0.000000,0.000000
3690,0.446821,0.446821,0.000000,0.000000,0.000000,4.027277
3691,0.443291,0.443291,0.000000,0.000000,0.000000,0.000000
3692,0.408343,0.408343,0.000000,0.000000,0.000000,0.000000
3693,0.448284,0.448284,0.000000,0.000000,0.000000,0.000000
3694,0.383915,0.383915,0.000000,0.000000,0.000000,0.000000
3695,0.405993,0.405993,0.000000,0.000000,0.000000,0.000000
3696,0.404545,0.404545,0.000000,0.000000,0.000000,0.000000
3697,0.409707,0.409707,0.000000,0.000000,0.000000,0.000000
3698,0.424361,0.424361,0.000000,0.000000,0.000000,0.000000
3699,0.407961,0.407961,0.000000,0.000000,0.000000,0.000000
3700,0.409125,0.409125,0.000000,0.000000,0.000000,3.983572
3701,0.402781,0.402781,0.000000,0.000000,0.000000,0.000000
3702,0.430397,0.430397,0.000000,0.000000,0.000000,0.000000
3703,0.449387,0.449387,0.000000,0.000000,0.000000,0.000000
3704,0.410425,0.410425,0.000000,0.000000,0.000000,0.000000
3705,0.430878,0.430878,0.000000,0.000000,0.000000,0.000000
3706,0.414389,0.414389,0.000000,0.000000,0.000000,0.000000
3707,0.423765,0.423765,0.000000,0.000000,0.000000,0.000000
3708,0.446825,0.446825,0.000000,0.000000,0.000000,0.000000
3709,0.417007,0.417007,0.000000,0.000000,0.000000,0.000000
3710,0.390909,0.390909,0.000000,0.000000,0.000000,3.958495
3711,0.421464,0.421464,0.000000,0.000000,0.000000,0.000000
3712,0.409018,0.409018,0.000000,0.000000,0.000000,0.000000
3713,0.404628,0.404628,0.000000,0.000000,0.000000,0.000000
3714,0.426643,0.426643,0.000000,0.000000,0.000000,0.000000
3715,0.451173,0.451173,0.000000,0.000000,0.000000,0.000000
3716,0.388941,0.388941,0.000000,0.000000,0.000000,0.000000
3717,0.423590,0.423590,0.000000,0.000000,0.000000,0.000000
3718,0.436050,0.436050,0.000000,0.000000,0.000000,0.000000
3719,0.432554,0.432554,0.000000,0.000000,0.000000,0.000000
3720,0.426547,0.426547,0.000000,0.000000,0.000000,3.987837
3721,0.391200,0.391200,0.000000,0.000000,0.000000,0.000000
3722,0.410432,0.410432,0.000000,0.000000,0.000000,0.000000
3723,0.425889,0.425889,0.000000,0.000000,0.000000,0.000000
3724,0.434581,0.434581,0.000000,0.000000,0.000000,0.000000
3725,0.405696,0.405696,0.000000,0.000000,0.000000,0.000000
3726,0.396432,0.396432,0.000000,0.000000,0.000000,0.000000
3727,0.393903,0.393903,0.000000,0.000000,0.000000,0.000000
3728,0.396128,0.396128,0.000000,0.000000,0.000000,0.000000
3729,0.456672,0.456672,0.000000,0.000000,0.000000,0.000000
3730,0.382940,0.382940,0.000000,0.000000,0.000000,4.009975
3731,0.461322,0.461322,0.000000,0.000000,0.000000,0.000000
3732,0.396951,0.396951,0.000000,0.000000,0.000000,0.000000
3733,0.438247,0.438247,0.000000,0.000000,0.000000,0.000000
3734,0.404980,0.404980,0.000000,0.000000,0.000000,0.000000
3735,0.423985,0.423985,0.000000,0.000000,0.000000,0.000000
3736,0.410157,0.410157,0.000000,0.000000,0.000000,0.000000
3737,0.425668,0.425668,0.000000,0.000000,0.000000,0.000000
3738,0.422115,0.422115,0.000000,0.000000,0.000000,0.000000
3739,0.424196,0.424196,0.000000,0.000000,0.000000,0.000000
3740,0.394690,0.394690,0.000000,0.000000,0.000000,4.021729
3741,0.408704,0.408704,0.000000,0.000000,0.000000,0.000000
3742,0.400807,0.400807,0.000000,0.000000,0.000000,0.000000
3743,0.392027,0.392027,0.000000,0.000000,0.000000,0.000000
3744,0.403671,0.403671,0.000000,0.000000,0.000000,0.000000
3745,0.377283,0.377283,0.000000,0.000000,0.000000,0.000000
3746,0.421613,0.421613,0.000000,0.000000,0.000000,0.000000
3747,0.421917,0.421917,0.000000,0.000000,0.000000,0.000000
3748,0.444909,0.444909,0.000000,0.000000,0.000000,0.000000
3749,0.408468,0.408468,0.000000,0.000000,0.000000,0.000000
3750,0.391778,0.391778,0.000000,0.000000,0.000000,4.031684
3751,0.415403,0.415403,0.000000,0.000000,0.000000,0.000000
3752,0.417706,0.417706,0.000000,0.000000,0.000000,0.000000
3753,0.397543,0.397543,0.000000,0.000000,0.000000,0.000000
3754,0.410522,0.410522,0.000000,0.000000,0.000000,0.000000
3755,0.409177,0.409177,0.000000,0.000000,0.000000,0.000000
3756,0.411513,0.411513,0.000000,0.000000,0.000000,0.000000
3757,0.432418,0.432418,0.000000,0.000000,0.000000,0.000000
3758,0.404681,0.404681,0.000000,0.000000,0.000000,0.000000
3759,0.403239,0.403239,0.000000,0.000000,0.000000,0.000000
3760,0.402115,0.402115,0.000000,0.000000,0.000000,4.031027
3761,0.437717,0.437717,0.000000,0.000000,0.000000,0.000000
3762,0.419086,0.419086,0.000000,0.000000,0.000000,0.000000
3763,0.452949,0.452949,0.000000,0.000000,0.000000,0.000000
3764,0.414366,0.414366,0.000000,0.000000,0.000000,0.000000
3765,0.419024,0.419024,0.000000,0.000000,0.000000,0.000000
3766,0.383829,0.383829,0.000000,0.000000,0.000000,0.000000
3767,0.386941,0.386941,0.000000,0.000000,0.000000,0.000000
3768,0.388265,0.388265,0.000000,0.000000,0.000000,0.000000
3769,0.395828,0.395828,0.000000,0.000000,0.000000,0.000000
3770,0.408120,0.408120,0.000000,0.000000,0.000000,4.016956
3771,0.392008,0.392008,0.000000,0.000000,0.000000,0.000000
3772,0.431140,0.431140,0.000000,0.000000,0.000000,0.000000
3773,0.429456,0.429456,0.000000,0.000000,0.000000,0.000000
3774,0.381742,0.381742,0.000000,0.000000,0.000000,0.000000
3775,0.408649,0.408649,0.000000,0.000000,0.000000,0.000000
3776,0.428854,0.428854,0.000000,0.000000,0.000000,0.000000
3777,0.433004,0.433004,0.000000,0.000000,0.000000,0.000000
3778,0.442273,0.442273,0.000000,0.000000,0.000000,0.000000
3779,0.407747,0.407747,0.000000,0.000000,0.000000,0.000000
3780,0.404254,0.404254,0.000000,0.000000,0.000000,4.065407
3781,0.408956,0.408956,0.000000,0.000000,0.000000,0.000000
3782,0.395093,0.395093,0.000000,0.000000,0.000000,0.000000
3783,0.400359,0.400359,0.000000,0.000000,0.000000,0.000000
3784,0.413479,0.413479,0.000000,0.000000,0.000000,0.000000
3785,0.402485,0.402485,0.000000,0.000000,0.000000,0.000000
3786,0.394276,0.394276,0.000000,0.000000,0.000000,0.000000
3787,0.389042,0.389042,0.000000,0.000000,0.000000,0.000000
3788,0.421268,0.421268,0.000000,0.000000,0.000000,0.000000
3789,0.381741,0.381741,0.000000,0.000000,0.000000,0.000000
3790,0.416352,0.416352,0.000000,0.000000,0.000000,4.038308
3791,0.387633,0.387633,0.000000,0.000000,0.000000,0.000000
3792,0.393021,0.393021,0.000000,0.000000,0.000000,0.000000
3793,0.402250,0.402250,0.000000,0.000000,0.000000,0.000000
3794,0.407605,0.407605,0.000000,0.000000,0.000000,0.000000
3795,0.403478,0.403478,0.000000,0.000000,0.000000,0.000000
3796,0.421378,0.421378,0.000000,0.000000,0.000000,0.000000
3797,0.406227,0.406227,0.000000,0.000000,0.000000,0.000000
3798,0.413351,0.413351,0.000000,0.000000,0.000000,0.000000
3799,0.433146,0.433146,0.000000,0.000000,0.000000,0.000000
3800,0.399486,0.399486,0.000000,0.000000,0.000000,4.042468
3801,0.370567,0.370567,0.000000,0.000000,0.000000,0.000000
3802,0.397816,0.397816,0.000000,0.000000,0.000000,0.000000
3803,0.403326,0.403326,0.000000,0.000000,0.000000,0.000000
3804,0.366946,0.366946,0.000000,0.000000,0.000000,0.000000
3805,0.430702,0.430702,0.000000,0.000000,0.000000,0.000000
3806,0.413206,0.413206,0.000000,0.000000,0.000000,0.000000
3807,0.388727,0.388727,0.000000,0.000000,0.000000,0.000000
3808,0.398558,0.398558,0.000000,0.000000,0.000000,0.000000
3809,0.391052,0.391052,0.000000,0.000000,0.000000,0.000000
3810,0.387551,0.387551,0.000000,0.000000,0.000000,4.054846
3811,0.404464,0.404464,0.000000,0.000000,0.000000,0.000000
3812,0.383181,0.383181,0.000000,0.000000,0.000000,0.000000
3813,0.400056,0.400056,0.000000,0.000000,0.000000,0.000000
3814,0.416408,0.416408,0.000000,0.000000,0.000000,0.000000
3815,0.385773,0.385773,0.000000,0.000000,0.000000,0.000000
3816,0.378954,0.378954,0.000000,0.000000,0.000000,0.000000
3817,0.408252,0.408252,0.000000,0.000000,0.000000,0.000000
3818,0.400960,0.400960,0.000000,0.000000,0.000000,0.000000
3819,0.405719,0.405719,0.000000,0.000000,0.000000,0.000000
3820,0.404661,0.404661,0.000000,0.000000,0.000000,4.058012
3821,0.415216,0.415216,0.000000,0.000000,0.000000,0.000000
3822,0.396507,0.396507,0.000000,0.000000,0.000000,0.000000
3823,0.394842,0.394842,0.000000,0.000000,0.000000,0.000000
3824,0.414577,0.414577,0.000000,0.000000,0.000000,0.000000
3825,0.400361,0.400361,0.000000,0.000000,0.000000,0.000000
3826,0.381665,0.381665,0.000000,0.000000,0.000000,0.000000
3827,0.399652,0.399652,0.000000,0.000000,0.000000,0.000000
3828,0.378343,0.378343,0.000000,0.000000,0.000000,0.000000
3829,0.405051,0.405051,0.000000,0.000000,0.000000,0.000000
3830,0.413805,0.413805,0.000000,0.000000,0.000000,4.117197
3831,0.422811,0.422811,0.000000,0.000000,0.000000,0.000000
3832,0.405222,0.405222,0.000000,0.000000,0.000000,0.000000
3833,0.397745,0.397745,0.000000,0.000000,0.000000,0.000000
3834,0.399775,0.399775,0.000000,0.000000,0.000000,0.000000
3835,0.389217,0.389217,0.000000,0.000000,0.000000,0.000000
3836,0.401819,0.401819,0.000000,0.000000,0.000000,0.000000
3837,0.426963,0.426963,0.000000,0.000000,0.000000,0.000000
3838,0.424092,0.424092,0.000000,0.000000,0.000000,0.000000
3839,0.392818,0.392818,0.000000,0.000000,0.000000,0.000000
3840,0.396529,0.396529,0.000000,0.000000,0.000000,4.096443
3841,0.370364,0.370364,0.000000,0.000000,0.000000,0.000000
3842,0.401383,0.401383,0.000000,0.000000,0.000000,0.000000
3843,0.408869,0.408869,0.000000,0.000000,0.000000,0.000000
3844,0.376122,0.376122,0.000000,0.000000,0.000000,0.000000
3845,0.410775,0.410775,0.000000,0.000000,0.000000,0.000000
3846,0.392550,0.392550,0.000000,0.000000,0.000000,0.000000
3847,0.426357,0.426357,0.000000,0.000000,0.000000,0.000000
3848,0.411141,0.411141,0.000000,0.000000,0.000000,0.000000
3849,0.371810,0.371810,0.000000,0.000000,0.000000,0.000000
3850,0.395846,0.395846,0.000000,0.000000,0.000000,4.097402
3851,0.389290,0.389290,0.000000,0.000000,0.000000,0.000000
3852,0.413610,0.413610,0.000000,0.000000,0.000000,0.000000
3853,0.398316,0.398316,0.000000,0.000000,0.000000,0.000000
3854,0.410732,0.410732,0.000000,0.000000,0.000000,0.000000
3855,0.390875,0.390875,0.000000,0.000000,0.000000,0.000000
3856,0.399962,0.399962,0.000000,0.000000,0.000000,0.000000
3857,0.379188,0.379188,0.000000,0.000000,0.000000,0.000000
3858,0.406523,0.406523,0.000000,0.000000,0.000000,0.000000
3859,0.425827,0.425827,0.000000,0.000000,0.000000,0.000000
3860,0.373903,0.373903,0.000000,0.000000,0.000000,4.091591
3861,0.405829,0.405829,0.000000,0.000000,0.000000,0.000000
3862,0.392164,0.392164,0.000000,0.000000,0.000000,0.000000
3863,0.410078,0.410078,0.000000,0.000000,0.000000,0.000000
3864,0.392113,0.392113,0.000000,0.000000,0.000000,0.000000
3865,0.400866,0.400866,0.000000,0.000000,0.000000,0.000000
3866,0.394980,0.394980,0.000000,0.000000,0.000000,0.000000
3867,0.404486,0.404486,0.000000,0.000000,0.000000,0.000000
3868,0.412776,0.412776,0.000000,0.000000,0.000000,0.000000
3869,0.390584,0.390584,0.000000,0.000000,0.000000,0.000000
3870,0.367775,0.367775,0.000000,0.000000,0.000000,4.123139
3871,0.382929,0.382929,0.000000,0.000000,0.000000,0.000000
3872,0.410213,0.410213,0.000000,0.000000,0.000000,0.000000
3873,0.416716,0.416716,0.000000,0.000000,0.000000,0.000000
3874,0.410811,0.410811,0.000000,0.000000,0.000000,0.000000
3875,0.408826,0.408826,0.000000,0.000000,0.000000,0.000000
3876,0.414242,0.414242,0.000000,0.000000,0.000000,0.000000
3877,0.416117,0.416117,0.000000,0.000000,0.000000,0.000000
3878,0.410569,0.410569,0.000000,0.000000,0.000000,0.000000
3879,0.388992,0.388992,0.000000,0.000000,0.000000,0.000000
3880,0.422467,0.422467,0.000000,0.000000,0.000000,4.120273
3881,0.408761,0.408761,0.000000,0.000000,0.000000,0.000000
3882,0.379669,0.379669,0.000000,0.000000,0.000000,0.000000
3883,0.410527,0.410527,0.000000,0.000000,0.000000,0.000000
3884,0.424228,0.424228,0.000000,0.000000,0.000000,0.000000
3885,0.385129,0.385129,0.000000,0.000000,0.000000,0.000000
3886,0.381536,0.381536,0.000000,0.000000,0.000000,0.000000
3887,0.387387,0.387387,0.000000,0.000000,0.000000,0.000000
3888,0.396371,0.396371,0.000000,0.000000,0.000000,0.000000
3889,0.407149,0.407149,0.000000,0.000000,0.000000,0.000000
3890,0.406985,0.406985,0.000000,0.000000,0.000000,4.117991
3891,0.379715,0.379715,0.000000,0.000000,0.000000,0.000000
3892,0.394359,0.394359,0.000000,0.000000,0.000000,0.000000
3893,0.397328,0.397328,0.000000,0.000000,0.000000,0.000000
3894,0.388682,0.388682,0.000000,0.000000,0.000000,0.000000
3895,0.412834,0.412834,0.000000,0.000000,0.000000,0.000000
3896,0.389592,0.389592,0.000000,0.000000,0.000000,0.000000
3897,0.427873,0.427873,0.000000,0.000000,0.000000,0.000000
3898,0.393971,0.393971,0.000000,0.000000,0.000000,0.000000
3899,0.407205,0.407205,0.000000,0.000000,0.000000,0.000000
3900,0.422889,0.422889,0.000000,0.000000,0.000000,4.090739
3901,0.392551,0.392551,0.000000,0.000000,0.000000,0.000000
3902,0.370701,0.370701,0.000000,0.000000,0.000000,0.000000
3903,0.394592,0.394592,0.000000,0.000000,0.000000,0.000000
3904,0.386832,0.386832,0.000000,0.000000,0.000000,0.000000
3905,0.384837,0.384837,0.000000,0.000000,0.000000,0.000000
3906,0.404390,0.404390,0.000000,0.000000,0.000000,0.000000
3907,0.390964,0.390964,0.000000,0.000000,0.000000,0.000000
3908,0.386987,0.386987,0.000000,0.000000,0.000000,0.000000
3909,0.409839,0.409839,0.000000,0.000000,0.000000,0.000000
3910,0.390134,0.390134,0.000000,0.000000,0.000000,4.084717
3911,0.445008,0.445008,0.000000,0.000000,0.000000,0.000000
3912,0.369282,0.369282,0.000000,0.000000,0.000000,0.000000
3913,0.366368,0.366368,0.000000,0.000000,0.000000,0.000000
3914,0.380301,0.380301,0.000000,0.000000,0.000000,0.000000
3915,0.410240,0.410240,0.000000,0.000000,0.000000,0.000000
3916,0.385623,0.385623,0.000000,0.000000,0.000000,0.000000
3917,0.404964,0.404964,0.000000,0.000000,0.000000,0.000000
3918,0.415084,0.415084,0.000000,0.000000,0.000000,0.000000
3919,0.405359,0.405359,0.000000,0.000000,0.000000,0.000000
3920,0.408150,0.408150,0.000000,0.000000,0.000000,4.124075
3921,0.406311,0.406311,0.000000,0.000000,0.000000,0.000000
3922,0.394898,0.394898,0.000000,0.000000,0.000000,0.000000
3923,0.388642,0.388642,0.000000,0.000000,0.000000,0.000000
3924,0.392415,0.392415,0.000000,0.000000,0.000000,0.000000
3925,0.422585,0.422585,0.000000,0.000000,0.000000,0.000000
3926,0.390985,0.390985,0.000000,0.000000,0.000000,0.000000
3927,0.392408,0.392408,0.000000,0.000000,0.000000,0.000000
3928,0.395990,0.395990,0.000000,0.000000,0.000000,0.000000
3929,0.403233,0.403233,0.000000,0.000000,0.000000,0.000000
3930,0.389676,0.389676,0.000000,0.000000,0.000000,4.130492
3931,0.372023,0.372023,0.000000,0.000000,0.000000,0.000000
3932,0.390248,0.390248,0.000000,0.000000,0.000000,0.000000
3933,0.404233,0.404233,0.000000,0.000000,0.000000,0.000000
3934,0.385923,0.385923,0.000000,0.000000,0.000000,0.000000
3935,0.416644,0.416644,0.000000,0.000000,0.000000,0.000000
3936,0.408418,0.408418,0.000000,0.000000,0.000000,0.000000
3937,0.398937,0.398937,0.000000,0.000000,0.000000,0.000000
3938,0.386367,0.386367,0.000000,0.000000,0.000000,0.000000
3939,0.384532,0.384532,0.000000,0.000000,0.000000,0.000000
3940,0.428739,0.428739,0.000000,0.000000,0.000000,4.103649
3941,0.410753,0.410753,0.000000,0.000000,0.000000,0.000000
3942,0.378891,0.378891,0.000000,0.000000,0.000000,0.000000
3943,0.376175,0.376175,0.000000,0.000000,0.000000,0.000000
3944,0.410484,0.410484,0.000000,0.000000,0.000000,0.000000
3945,0.377363,0.377363,0.000000,0.000000,0.000000,0.000000
3946,0.392666,0.392666,0.000000,0.000000,0.000000,0.000000
3947,0.395498,0.395498,0.000000,0.000000,0.000000,0.000000
3948,0.391162,0.391162,0.000000,0.000000,0.000000,0.000000
3949,0.410318,0.410318,0.000000,0.000000,0.000000,0.000000
3950,0.404766,0.404766,0.000000,0.000000,0.000000,4.122135
3951,0.366430,0.366430,0.000000,0.000000,0.000000,0.000000
3952,0.389407,0.389407,0.000000,0.000000,0.000000,0.000000
3953,0.398726,0.398726,0.000000,0.000000,0.000000,0.000000
3954,0.368700,0.368700,0.000000,0.000000,0.000000,0.000000
3955,0.409601,0.409601,0.000000,0.000000,0.000000,0.000000
3956,0.430894,0.430894,0.000000,0.000000,0.000000,0.000000
3957,0.383177,0.383177,0.000000,0.000000,0.000000,0.000000
3958,0.409657,0.409657,0.000000,0.000000,0.000000,0.000000
3959,0.435153,0.435153,0.000000,0.000000,0.000000,0.000000
3960,0.379171,0.379171,0.000000,0.000000,0.000000,4.167782
3961,0.366275,0.366275,0.000000,0.000000,0.000000,0.000000
3962,0.382332,0.382332,0.000000,0.000000,0.000000,0.000000
3963,0.402476,0.402476,0.000000,0.000000,0.000000,0.000000
3964,0.397673,0.397673,0.000000,0.000000,0.000000,0.000000
3965,0.407166,0.407166,0.000000,0.000000,0.000000,0.000000
3966,0.405176,0.405176,0.000000,0.000000,0.000000,0.000000
3967,0.409445,0.409445,0.000000,0.000000,0.000000,0.000000
3968,0.400538,0.400538,0.000000,0.000000,0.000000,0.000000
3969,0.396946,0.396946,0.000000,0.000000,0.000000,0.000000
3970,0.419409,0.419409,0.000000,0.000000,0.000000,4.097856
3971,0.401183,0.401183,0.000000,0.000000,0.000000,0.000000
3972,0.389466,0.389466,0.000000,0.000000,0.000000,0.000000
3973,0.407755,0.407755,0.000000,0.000000,0.000000,0.000000
3974,0.390318,0.390318,0.000000,0.000000,0.000000,0.000000
3975,0.407917,0.407917,0.000000,0.000000,0.000000,0.000000
3976,0.386461,0.386461,0.000000,0.000000,0.000000,0.000000
3977,0.392364,0.392364,0.000000,0.000000,0.000000,0.000000
3978,0.407044,0.407044,0.000000,0.000000,0.000000,0.000000
3979,0.392805,0.392805,0.000000,0.000000,0.000000,0.000000
3980,0.382889,0.382889,0.000000,0.000000,0.000000,4.100285
3981,0.379276,0.379276,0.000000,0.000000,0.000000,0.000000
3982,0.408827,0.408827,0.000000,0.000000,0.000000,0.000000
3983,0.393834,0.393834,0.000000,0.000000,0.000000,0.000000
3984,0.405218,0.405218,0.000000,0.000000,0.000000,0.000000
3985,0.369382,0.369382,0.000000,0.000000,0.000000,0.000000
3986,0.420973,0.420973,0.000000,0.000000,0.000000,0.000000
3987,0.393899,0.393899,0.000000,0.000000,0.000000,0.000000
3988,0.405785,0.405785,0.000000,0.000000,0.000000,0.000000
3989,0.416551,0.416551,0.000000,0.000000,0.000000,0.000000
3990,0.362942,0.362942,0.000000,0.000000,0.000000,4.080361
3991,0.368799,0.368799,0.000000,0.000000,0.000000,0.000000
3992,0.394199,0.394199,0.000000,0.000000,0.000000,0.000000
3993,0.380741,0.380741,0.000000,0.000000,0.000000,0.000000
3994,0.388781,0.388781,0.000000,0.000000,0.000000,0.000000
3995,0.378893,0.378893,0.000000,0.000000,0.000000,0.000000
3996,0.383703,0.383703,0.000000,0.000000,0.000000,0.000000
3997,0.411163,0.411163,0.000000,0.000000,0.000000,0.000000
3998,0.384031,0.384031,0.000000,0.000000,0.000000,0.000000
3999,0.388315,0.388315,0.000000,0.000000,0.000000,0.000000
4000,0.383828,0.383828,0.000000,0.000000,0.000000,4.168968
4001,0.387498,0.387498,0.000000,0.000000,0.000000,0.000000
4002,0.402438,0.402438,0.000000,0.000000,0.000000,0.000000
4003,0.366933,0.366933,0.000000,0.000000,0.000000,0.000000
4004,0.386026,0.386026,0.000000,0.000000,0.000000,0.000000
4005,0.364920,0.364920,0.000000,0.000000,0.000000,0.000000
4006,0.408936,0.408936,0.000000,0.000000,0.000000,0.000000
4007,0.385042,0.385042,0.000000,0.000000,0.000000,0.000000
4008,0.393720,0.393720,0.000000,0.000000,0.000000,0.000000
4009,0.367056,0.367056,0.000000,0.000000,0.000000,0.000000
4010,0.364777,0.364777,0.000000,0.000000,0.000000,4.089168
4011,0.401732,0.401732,0.000000,0.000000,0.000000,0.000000
4012,0.377821,0.377821,0.000000,0.000000,0.000000,0.000000
4013,0.370635,0.370635,0.000000,0.000000,0.000000,0.000000
4014,0.395980,0.395980,0.000000,0.000000,0.000000,0.000000
4015,0.366450,0.366450,0.000000,0.000000,0.000000,0.000000
4016,0.394735,0.394735,0.000000,0.000000,0.000000,0.000000
4017,0.402562,0.402562,0.000000,0.000000,0.000000,0.000000
4018,0.406719,0.406719,0.000000,0.000000,0.000000,0.000000
4019,0.406248,0.406248,0.000000,0.000000,0.000000,0.000000
4020,0.391501,0.391501,0.000000,0.000000,0.000000,4.122145
4021,0.376570,0.376570,0.000000,0.000000,0.000000,0.000000
4022,0.386653,0.386653,0.000000,0.000000,0.000000,0.000000
4023,0.380378,0.380378,0.000000,0.000000,0.000000,0.000000
4024,0.439223,0.439223,0.000000,0.000000,0.000000,0.000000
4025,0.368500,0.368500,0.000000,0.000000,0.000000,0.000000
4026,0.407030,0.407030,0.000000,0.000000,0.000000,0.000000
4027,0.385610,0.385610,0.000000,0.000000,0.000000,0.000000
4028,0.369071,0.369071,0.000000,0.000000,0.000000,0.000000
4029,0.385513,0.385513,0.000000,0.000000,0.000000,0.000000
4030,0.345788,0.345788,0.000000,0.000000,0.000000,4.138632
4031,0.380020,0.380020,0.000000,0.000000,0.000000,0.000000
4032,0.384823,0.384823,0.000000,0.000000,0.000000,0.000000
4033,0.357538,0.357538,0.000000,0.000000,0.000000,0.000000
4034,0.378507,0.378507,0.000000,0.000000,0.000000,0.000000
4035,0.391457,0.391457,0.000000,0.000000,0.000000,0.000000
4036,0.389796,0.389796,0.000000,0.000000,0.000000,0.000000
4037,0.387791,0.387791,0.000000,0.000000,0.000000,0.000000
4038,0.376095,0.376095,0.000000,0.000000,0.000000,0.000000
4039,0.373356,0.373356,0.000000,0.000000,0.000000,0.000000
4040,0.398562,0.398562,0.000000,0.000000,0.000000,4.151275
4041,0.433359,0.433359,0.000000,0.000000,0.000000,0.000000
4042,0.407437,0.407437,0.000000,0.000000,0.000000,0.000000
4043,0.377344,0.377344,0.000000,0.000000,0.000000,0.000000
4044,0.399834,0.399834,0.000000,0.000000,0.000000,0.000000
4045,0.397092,0.397092,0.000000,0.000000,0.000000,0.000000
4046,0.393300,0.393300,0.000000,0.000000,0.000000,0.000000
4047,0.410137,0.410137,0.000000,0.000000,0.000000,0.000000
4048,0.395004,0.395004,0.000000,0.000000,0.000000,0.000000
4049,0.406429,0.406429,0.000000,0.000000,0.000000,0.000000
4050,0.415353,0.415353,0.000000,0.000000,0.000000,4.122968
4051,0.417928,0.417928,0.000000,0.000000,0.000000,0.000000
4052,0.390671,0.390671,0.000000,0.000000,0.000000,0.000000
4053,0.362418,0.362418,0.000000,0.000000,0.000000,0.000000
4054,0.384084,0.384084,0.000000,0.000000,0.000000,0.000000
4055,0.383279,0.383279,0.000000,0.000000,0.000000,0.000000
4056,0.374062,0.374062,0.000000,0.000000,0.000000,0.000000
4057,0.359203,0.359203,0.000000,0.000000,0.000000,0.000000
4058,0.403769,0.403769,0.000000,0.000000,0.000000,0.000000
4059,0.354463,0.354463,0.000000,0.000000,0.000000,0.000000
4060,0.417510,0.417510,0.000000,0.000000,0.000000,4.124932
4061,0.368576,0.368576,0.000000,0.000000,0.000000,0.000000
4062,0.373389,0.373389,0.000000,0.000000,0.000000,0.000000
4063,0.425336,0.425336,0.000000,0.000000,0.000000,0.000000
4064,0.386288,0.386288,0.000000,0.000000,0.000000,0.000000
4065,0.411138,0.411138,0.000000,0.000000,0.000000,0.000000
4066,0.400580,0.400580,0.000000,0.000000,0.000000,0.000000
4067,0.390953,0.390953,0.000000,0.000000,0.000000,0.000000
4068,0.392597,0.392597,0.000000,0.000000,0.000000,0.000000
4069,0.418940,0.418940,0.000000,0.000000,0.000000,0.000000
4070,0.386602,0.386602,0.000000,0.000000,0.000000,4.161423
4071,0.385161,0.385161,0.000000,0.000000,0.000000,0.000000
4072,0.412308,0.412308,0.000000,0.000000,0.000000,0.000000
4073,0.363571,0.363571,0.000000,0.000000,0.000000,0.000000
4074,0.386380,0.386380,0.000000,0.000000,0.000000,0.000000
4075,0.379418,0.379418,0.000000,0.000000,0.000000,0.000000
4076,0.383539,0.383539,0.000000,0.000000,0.000000,0.000000
4077,0.369821,0.369821,0.000000,0.000000,0.000000,0.000000
4078,0.382437,0.382437,0.000000,0.000000,0.000000,0.000000
4079,0.360608,0.360608,0.000000,0.000000,0.000000,0.000000
4080,0.384390,0.384390,0.000000,0.000000,0.000000,4.185782
4081,0.411907,0.411907,0.000000,0.000000,0.000000,0.000000
4082,0.385567,0.385567,0.000000,0.000000,0.000000,0.000000
4083,0.378356,0.378356,0.000000,0.000000,0.000000,0.000000
4084,0.392823,0.392823,0.000000,0.000000,0.000000,0.000000
4085,0.368598,0.368598,0.000000,0.000000,0.000000,0.000000
4086,0.393848,0.393848,0.000000,0.000000,0.000000,0.000000
4087,0.388373,0.388373,0.000000,0.000000,0.000000,0.000000
4088,0.388684,0.388684,0.000000,0.000000,0.000000,0.000000
4089,0.386595,0.386595,0.000000,0.000000,0.000000,0.000000
4090,0.391631,0.391631,0.000000,0.000000,0.000000,4.157054
4091,0.369455,0.369455,0.000000,0.000000,0.000000,0.000000
4092,0.371518,0.371518,0.000000,0.000000,0.000000,0.000000
4093,0.391420,0.391420,0.000000,0.000000,0.000000,0.000000
4094,0.380997,0.380997,0.000000,0.000000,0.000000,0.000000
4095,0.409877,0.409877,0.000000,0.000000,0.000000,0.000000
4096,0.424529,0.424529,0.000000,0.000000,0.000000,0.000000
4097,0.398589,0.398589,0.000000,0.000000,0.000000,0.000000
4098,0.371269,0.371269,0.000000,0.000000,0.000000,0.000000
4099,0.393765,0.393765,0.000000,0.000000,0.000000,0.000000
4100,0.406298,0.406298,0.000000,0.000000,0.000000,4.151372
4101,0.366642,0.366642,0.000000,0.000000,0.000000,0.000000
4102,0.371228,0.371228,0.000000,0.000000,0.000000,0.000000
4103,0.373476,0.373476,0.000000,0.000000,0.000000,0.000000
4104,0.387178,0.387178,0.000000,0.000000,0.000000,0.000000
4105,0.383044,0.383044,0.000000,0.000000,0.000000,0.000000
4106,0.370203,0.370203,0.000000,0.000000,0.000000,0.000000
4107,0.379184,0.379184,0.000000,0.000000,0.000000,0.000000
4108,0.385034,0.385034,0.000000,0.000000,0.000000,0.000000
4109,0.385803,0.385803,0.000000,0.000000,0.000000,0.000000
4110,0.417544,0.417544,0.000000,0.000000,0.000000,4.180456
4111,0.376408,0.376408,0.000000,0.000000,0.000000,0.000000
4112,0.402697,0.402697,0.000000,0.000000,0.000000,0.000000
4113,0.364552,0.364552,0.000000,0.000000,0.000000,0.000000
4114,0.388768,0.388768,0.000000,0.000000,0.000000,0.000000
4115,0.379852,0.379852,0.000000,0.000000,0.000000,0.000000
4116,0.374854,0.374854,0.000000,0.000000,0.000000,0.000000
4117,0.389704,0.389704,0.000000,0.000000,0.000000,0.000000
4118,0.355030,0.355030,0.000000,0.000000,0.000000,0.000000
4119,0.370279,0.370279,0.000000,0.000000,0.000000,0.000000
4120,0.389077,0.389077,0.000000,0.000000,0.000000,4.157207
4121,0.383189,0.383189,0.000000,0.000000,0.000000,0.000000
4122,0.381736,0.381736,0.000000,0.000000,0.000000,0.000000
4123,0.376476,0.376476,0.000000,0.000000,0.000000,0.000000
4124,0.381775,0.381775,0.000000,0.000000,0.000000,0.000000
4125,0.382673,0.382673,0.000000,0.000000,0.000000,0.000000
4126,0.375449,0.375449,0.000000,0.000000,0.000000,0.000000
4127,0.350657,0.350657,0.000000,0.000000,0.000000,0.000000
4128,0.389013,0.389013,0.000000,0.000000,0.000000,0.000000
4129,0.390198,0.390198,0.000000,0.000000,0.000000,0.000000
4130,0.375685,0.375685,0.000000,0.000000,0.000000,4.191072
4131,0.407718,0.407718,0.000000,0.000000,0.000000,0.000000
4132,0.370614,0.370614,0.000000,0.000000,0.000000,0.000000
4133,0.413284,0.413284,0.000000,0.000000,0.000000,0.000000
4134,0.392023,0.392023,0.000000,0.000000,0.000000,0.000000
4135,0.348973,0.348973,0.000000,0.000000,0.000000,0.000000
4136,0.372866,0.372866,0.000000,0.000000,0.000000,0.000000
4137,0.381668,0.381668,0.000000,0.000000,0.000000,0.000000
4138,0.373161,0.373161,0.000000,0.000000,0.000000,0.000000
4139,0.403237,0.403237,0.000000,0.000000,0.000000,0.000000
4140,0.386976,0.386976,0.000000,0.000000,0.000000,4.190063
4141,0.394900,0.394900,0.000000,0.000000,0.000000,0.000000
4142,0.378914,0.378914,0.000000,0.000000,0.000000,0.000000
4143,0.381299,0.381299,0.000000,0.000000,0.000000,0.000000
4144,0.400576,0.400576,0.000000,0.000000,0.000000,0.000000
4145,0.357557,0.357557,0.000000,0.000000,0.000000,0.000000
4146,0.374311,0.374311,0.000000,0.000000,0.000000,0.000000
4147,0.372678,0.372678,0.000000,0.000000,0.000000,0.000000
4148,0.361327,0.361327,0.000000,0.000000,0.000000,0.000000
4149,0.383984,0.383984,0.000000,0.000000,0.000000,0.000000
4150,0.350520,0.350520,0.000000,0.000000,0.000000,4.200769
4151,0.384150,0.384150,0.000000,0.000000,0.000000,0.000000
4152,0.385746,0.385746,0.000000,0.000000,0.000000,0.000000
4153,0.381451,0.381451,0.000000,0.000000,0.000000,0.000000
4154,0.403642,0.403642,0.000000,0.000000,0.000000,0.000000
4155,0.390296,0.390296,0.000000,0.000000,0.000000,0.000000
4156,0.404362,0.404362,0.000000,0.000000,0.000000,0.000000
4157,0.402613,0.402613,0.000000,0.000000,0.000000,0.000000
4158,0.373587,0.373587,0.000000,0.000000,0.000000,0.000000
4159,0.451732,0.451732,0.000000,0.000000,0.000000,0.000000
4160,0.405025,0.405025,0.000000,0.000000,0.000000,4.161198
4161,0.375458,0.375458,0.000000,0.000000,0.000000,0.000000
4162,0.400981,0.400981,0.000000,0.000000,0.000000,0.000000
4163,0.397784,0.397784,0.000000,0.000000,0.000000,0.000000
4164,0.373034,0.373034,0.000000,0.000000,0.000000,0.000000
4165,0.383709,0.383709,0.000000,0.000000,0.000000,0.000000
4166,0.381742,0.381742,0.000000,0.000000,0.000000,0.000000
4167,0.384609,0.384609,0.000000,0.000000,0.000000,0.000000
4168,0.386490,0.386490,0.000000,0.000000,0.000000,0.000000
4169,0.383001,0.383001,0.000000,0.000000,0.000000,0.000000
4170,0.370079,0.370079,0.000000,0.000000,0.000000,4.154789
4171,0.381541,0.381541,0.000000,0.000000,0.000000,0.000000
4172,0.380206,0.380206,0.000000,0.000000,0.000000,0.000000
4173,0.378440,0.378440,0.000000,0.000000,0.000000,0.000000
4174,0.396095,0.396095,0.000000,0.000000,0.000000,0.000000
4175,0.404152,0.404152,0.000000,0.000000,0.000000,0.000000
4176,0.383223,0.383223,0.000000,0.000000,0.000000,0.000000
4177,0.352588,0.352588,0.000000,0.000000,0.000000,0.000000
4178,0.395339,0.395339,0.000000,0.000000,0.000000,0.000000
4179,0.371179,0.371179,0.000000,0.000000,0.000000,0.000000
4180,0.383073,0.383073,0.000000,0.000000,0.000000,4.183311
4181,0.394538,0.394538,0.000000,0.000000,0.000000,0.000000
4182,0.372272,0.372272,0.000000,0.000000,0.000000,0.000000
4183,0.360124,0.360124,0.000000,0.000000,0.000000,0.000000
4184,0.388002,0.388002,0.000000,0.000000,0.000000,0.000000
4185,0.371010,0.371010,0.000000,0.000000,0.000000,0.000000
4186,0.391856,0.391856,0.000000,0.000000,0.000000,0.000000
4187,0.377622,0.377622,0.000000,0.000000,0.000000,0.000000
4188,0.384147,0.384147,0.000000,0.000000,0.000000,0.000000
4189,0.362521,0.362521,0.000000,0.000000,0.000000,0.000000
4190,0.368456,0.368456,0.000000,0.000000,0.000000,4.206141
4191,0.360583,0.360583,0.000000,0.000000,0.000000,0.000000
4192,0.370943,0.370943,0.000000,0.000000,0.000000,0.000000
4193,0.352959,0.352959,0.000000,0.000000,0.000000,0.000000
4194,0.387929,0.387929,0.000000,0.000000,0.000000,0.000000
4195,0.366488,0.366488,0.000000,0.000000,0.000000,0.000000
4196,0.399811,0.399811,0.000000,0.000000,0.000000,0.000000
4197,0.370978,0.370978,0.000000,0.000000,0.000000,0.000000
4198,0.427200,0.427200,0.000000,0.000000,0.000000,0.000000
4199,0.392337,0.392337,0.000000,0.000000,0.000000,0.000000
4200,0.382595,0.382595,0.000000,0.000000,0.000000,4.226942
4201,0.393895,0.393895,0.000000,0.000000,0.000000,0.000000
4202,0.400310,0.400310,0.000000,0.000000,0.000000,0.000000
4203,0.375561,0.375561,0.000000,0.000000,0.000000,0.000000
4204,0.374417,0.374417,0.000000,0.000000,0.000000,0.000000
4205,0.378616,0.378616,0.000000,0.000000,0.000000,0.000000
4206,0.363136,0.363136,0.000000,0.000000,0.000000,0.000000
4207,0.381981,0.381981,0.000000,0.000000,0.000000,0.000000
4208,0.405279,0.405279,0.000000,0.000000,0.000000,0.000000
4209,0.361254,0.361254,0.000000,0.000000,0.000000,0.000000
4210,0.400376,0.400376,0.000000,0.000000,0.000000,4.183511
4211,0.386413,0.386413,0.000000,0.000000,0.000000,0.000000
4212,0.369109,0.369109,0.000000,0.000000,0.000000,0.000000
4213,0.397398,0.397398,0.000000,0.000000,0.000000,0.000000
4214,0.374406,0.374406,0.000000,0.000000,0.000000,0.000000
4215,0.361232,0.361232,0.000000,0.000000,0.000000,0.000000
4216,0.391193,0.391193,0.000000,0.000000,0.000000,0.000000
4217,0.385291,0.385291,0.000000,0.000000,0.000000,0.000000
4218,0.387304,0.387304,0.000000,0.000000,0.000000,0.000000
4219,0.376406,0.376406,0.000000,0.000000,0.000000,0.000000
4220,0.382901,0.382901,0.000000,0.000000,0.000000,4.213176
4221,0.395006,0.395006,0.000000,0.000000,0.000000,0.000000
4222,0.363559,0.363559,0.000000,0.000000,0.000000,0.000000
4223,0.384718,0.384718,0.000000,0.000000,0.000000,0.000000
4224,0.352441,0.352441,0.000000,0.000000,0.000000,0.000000
4225,0.355802,0.355802,0.000000,0.000000,0.000000,0.000000
4226,0.361726,0.361726,0.000000,0.000000,0.000000,0.000000
4227,0.382056,0.382056,0.000000,0.000000,0.000000,0.000000
4228,0.374227,0.374227,0.000000,0.000000,0.000000,0.000000
4229,0.363692,0.363692,0.000000,0.000000,0.000000,0.000000
4230,0.360351,0.360351,0.000000,0.000000,0.000000,4.207633
4231,0.390575,0.390575,0.000000,0.000000,0.000000,0.000000
4232,0.369311,0.369311,0.000000,0.000000,0.000000,0.000000
4233,0.369653,0.369653,0.000000,0.000000,0.000000,0.000000
4234,0.367473,0.367473,0.000000,0.000000,0.000000,0.000000
4235,0.355915,0.355915,0.000000,0.000000,0.000000,0.000000
4236,0.377816,0.377816,0.000000,0.000000,0.000000,0.000000
4237,0.387524,0.387524,0.000000,0.000000,0.000000,0.000000
4238,0.384521,0.384521,0.000000,0.000000,0.000000,0.000000
4239,0.376454,0.376454,0.000000,0.000000,0.000000,0.000000
4240,0.417734,0.417734,0.000000,0.000000,0.000000,4.212864
4241,0.360408,0.360408,0.000000,0.000000,0.000000,0.000000
4242,0.382665,0.382665,0.000000,0.000000,0.000000,0.000000
4243,0.402786,0.402786,0.000000,0.000000,0.000000,0.000000
4244,0.355306,0.355306,0.000000,0.000000,0.000000,0.000000
4245,0.383999,0.383999,0.000000,0.000000,0.000000,0.000000
4246,0.372512,0.372512,0.000000,0.000000,0.000000,0.000000
4247,0.388948,0.388948,0.000000,0.000000,0.000000,0.000000
4248,0.381595,0.381595,0.000000,0.000000,0.000000,0.000000
4249,0.365095,0.365095,0.000000,0.000000,0.000000,0.000000
4250,0.368065,0.368065,0.000000,0.000000,0.000000,4.249873
4251,0.358157,0.358157,0.000000,0.000000,0.000000,0.000000
4252,0.351103,0.351103,0.000000,0.000000,0.000000,0.000000
4253,0.388320,0.388320,0.000000,0.000000,0.000000,0.000000
4254,0.351138,0.351138,0.000000,0.000000,0.000000,0.000000
4255,0.360945,0.360945,0.000000,0.000000,0.000000,0.000000
4256,0.390385,0.390385,0.000000,0.000000,0.000000,0.000000
4257,0.371754,0.371754,0.000000,0.000000,0.000000,0.000000
4258,0.377757,0.377757,0.000000,0.000000,0.000000,0.000000
4259,0.406906,0.406906,0.000000,0.000000,0.000000,0.000000
4260,0.384752,0.384752,0.000000,0.000000,0.000000,4.239004
4261,0.403697,0.403697,0.000000,0.000000,0.000000,0.000000
4262,0.424732,0.424732,0.000000,0.000000,0.000000,0.000000
4263,0.377629,0.377629,0.000000,0.000000,0.000000,0.000000
4264,0.388954,0.388954,0.000000,0.000000,0.000000,0.000000
4265,0.362235,0.362235,0.000000,0.000000,0.000000,0.000000
4266,0.393036,0.393036,0.000000,0.000000,0.000000,0.000000
4267,0.359907,0.359907,0.000000,0.000000,0.000000,0.000000
4268,0.381059,0.381059,0.000000,0.000000,0.000000,0.000000
4269,0.388503,0.388503,0.000000,0.000000,0.000000,0.000000
4270,0.382613,0.382613,0.000000,0.000000,0.000000,4.280195
4271,0.399125,0.399125,0.000000,0.000000,0.000000,0.000000
4272,0.375927,0.375927,0.000000,0.000000,0.000000,0.000000
4273,0.368830,0.368830,0.000000,0.000000,0.000000,0.000000
